State,level_1,Date,Total,Category,lag_1,lag_7,lag_30,rolling_mean_4,month,week_of_year
Alabama,30,2020-05-03,128066131.0,Beverages,0.0,0.0,129106730.0,60191427.0,5,18
Alabama,31,2020-05-10,127906087.0,Beverages,128066131.0,0.0,0.0,61393077.5,5,19
Alabama,32,2020-05-17,0.0,Beverages,127906087.0,0.0,0.0,63993054.5,5,20
Alabama,33,2020-05-24,0.0,Beverages,0.0,123259529.0,0.0,63993054.5,5,21
Alabama,34,2020-05-31,0.0,Beverages,0.0,117506179.0,112189104.0,63993054.5,5,22
Alabama,35,2020-06-07,132304541.0,Beverages,0.0,0.0,110932913.0,31976521.75,6,23
Alabama,36,2020-06-14,0.0,Beverages,132304541.0,0.0,0.0,33076135.25,6,24
Alabama,37,2020-06-21,0.0,Beverages,0.0,128066131.0,0.0,33076135.25,6,25
Alabama,38,2020-06-28,0.0,Beverages,0.0,127906087.0,109574036.0,33076135.25,6,26
Alabama,39,2020-07-05,138414683.0,Beverages,0.0,0.0,108083724.0,33076135.25,7,27
Alabama,40,2020-07-12,129799793.0,Beverages,138414683.0,0.0,0.0,34603670.75,7,28
Alabama,41,2020-07-19,0.0,Beverages,129799793.0,0.0,0.0,67053619.0,7,29
Alabama,42,2020-07-26,0.0,Beverages,0.0,132304541.0,0.0,67053619.0,7,30
Alabama,43,2020-08-02,131945461.0,Beverages,0.0,0.0,104239954.0,67053619.0,8,31
Alabama,44,2020-08-09,137744835.0,Beverages,131945461.0,0.0,108717628.0,65436313.5,8,32
Alabama,45,2020-08-16,0.0,Beverages,137744835.0,0.0,0.0,67422574.0,8,33
Alabama,46,2020-08-23,0.0,Beverages,0.0,138414683.0,0.0,67422574.0,8,34
Alabama,47,2020-08-30,0.0,Beverages,0.0,129799793.0,108358280.0,67422574.0,8,35
Alabama,48,2020-09-06,137905687.0,Beverages,0.0,0.0,109022482.0,34436208.75,9,36
Alabama,49,2020-09-13,0.0,Beverages,137905687.0,0.0,0.0,34476421.75,9,37
Alabama,50,2020-09-20,0.0,Beverages,0.0,131945461.0,0.0,34476421.75,9,38
Alabama,51,2020-09-27,0.0,Beverages,0.0,137744835.0,116651493.0,34476421.75,9,39
Alabama,52,2020-10-04,133713630.0,Beverages,0.0,0.0,119441834.0,34476421.75,10,40
Alabama,53,2020-10-11,128170886.0,Beverages,133713630.0,0.0,0.0,33428407.5,10,41
Alabama,54,2020-10-18,0.0,Beverages,128170886.0,0.0,0.0,65471129.0,10,42
Alabama,55,2020-10-25,0.0,Beverages,0.0,137905687.0,0.0,65471129.0,10,43
Alabama,56,2020-11-01,120522114.0,Beverages,0.0,0.0,123259529.0,65471129.0,11,44
Alabama,57,2020-11-08,120902500.0,Beverages,120522114.0,0.0,117506179.0,62173250.0,11,45
Alabama,58,2020-11-15,0.0,Beverages,120902500.0,0.0,0.0,60356153.5,11,46
Alabama,59,2020-11-22,0.0,Beverages,0.0,133713630.0,0.0,60356153.5,11,47
Alabama,60,2020-11-29,0.0,Beverages,0.0,128170886.0,128066131.0,60356153.5,11,48
Alabama,61,2020-12-06,116104621.0,Beverages,0.0,0.0,127906087.0,30225625.0,12,49
Alabama,62,2020-12-13,0.0,Beverages,116104621.0,0.0,0.0,29026155.25,12,50
Alabama,63,2020-12-20,0.0,Beverages,0.0,120522114.0,0.0,29026155.25,12,51
Alabama,64,2020-12-27,0.0,Beverages,0.0,120902500.0,0.0,29026155.25,12,52
Alabama,65,2021-01-03,115331048.0,Beverages,0.0,0.0,132304541.0,29026155.25,1,53
Alabama,66,2021-01-10,117780959.0,Beverages,115331048.0,0.0,0.0,28832762.0,1,1
Alabama,67,2021-01-17,0.0,Beverages,117780959.0,0.0,0.0,58278001.75,1,2
Alabama,68,2021-01-24,0.0,Beverages,0.0,116104621.0,0.0,58278001.75,1,3
Alabama,69,2021-01-31,0.0,Beverages,0.0,0.0,138414683.0,58278001.75,1,4
Alabama,70,2021-02-07,117468184.0,Beverages,0.0,0.0,129799793.0,29445239.75,2,5
Alabama,71,2021-02-14,0.0,Beverages,117468184.0,0.0,0.0,29367046.0,2,6
Alabama,72,2021-02-21,0.0,Beverages,0.0,115331048.0,0.0,29367046.0,2,7
Alabama,73,2021-02-28,0.0,Beverages,0.0,117780959.0,131945461.0,29367046.0,2,8
Alabama,74,2021-03-07,126283023.0,Beverages,0.0,0.0,137744835.0,29367046.0,3,9
Alabama,75,2021-03-14,0.0,Beverages,126283023.0,0.0,0.0,31570755.75,3,10
Alabama,76,2021-03-21,0.0,Beverages,0.0,0.0,0.0,31570755.75,3,11
Alabama,77,2021-03-28,0.0,Beverages,0.0,117468184.0,0.0,31570755.75,3,12
Alabama,78,2021-04-04,131843895.0,Beverages,0.0,0.0,137905687.0,31570755.75,4,13
Alabama,79,2021-04-11,126097509.0,Beverages,131843895.0,0.0,0.0,32960973.75,4,14
Alabama,80,2021-04-18,0.0,Beverages,126097509.0,0.0,0.0,64485351.0,4,15
Alabama,81,2021-04-25,0.0,Beverages,0.0,126283023.0,0.0,64485351.0,4,16
Alabama,82,2021-05-02,134697460.0,Beverages,0.0,0.0,133713630.0,64485351.0,5,17
Alabama,83,2021-05-09,136554064.0,Beverages,134697460.0,0.0,128170886.0,65198742.25,5,18
Alabama,84,2021-05-16,0.0,Beverages,136554064.0,0.0,0.0,67812881.0,5,19
Alabama,85,2021-05-23,0.0,Beverages,0.0,131843895.0,0.0,67812881.0,5,20
Alabama,86,2021-05-30,0.0,Beverages,0.0,126097509.0,120522114.0,67812881.0,5,21
Alabama,87,2021-06-06,140893518.0,Beverages,0.0,0.0,120902500.0,34138516.0,6,22
Alabama,88,2021-06-13,0.0,Beverages,140893518.0,0.0,0.0,35223379.5,6,23
Alabama,89,2021-06-20,0.0,Beverages,0.0,134697460.0,0.0,35223379.5,6,24
Alabama,90,2021-06-27,0.0,Beverages,0.0,136554064.0,0.0,35223379.5,6,25
Alabama,91,2021-07-04,150209239.0,Beverages,0.0,0.0,116104621.0,35223379.5,7,26
Alabama,92,2021-07-11,137692247.0,Beverages,150209239.0,0.0,0.0,37552309.75,7,27
Alabama,93,2021-07-18,0.0,Beverages,137692247.0,0.0,0.0,71975371.5,7,28
Alabama,94,2021-07-25,0.0,Beverages,0.0,140893518.0,0.0,71975371.5,7,29
Alabama,95,2021-08-01,146096098.0,Beverages,0.0,0.0,115331048.0,71975371.5,8,30
Alabama,96,2021-08-08,151796623.0,Beverages,146096098.0,0.0,117780959.0,70947086.25,8,31
Alabama,97,2021-08-15,0.0,Beverages,151796623.0,0.0,0.0,74473180.25,8,32
Alabama,98,2021-08-22,0.0,Beverages,0.0,150209239.0,0.0,74473180.25,8,33
Alabama,99,2021-08-29,0.0,Beverages,0.0,137692247.0,0.0,74473180.25,8,34
Alabama,100,2021-09-05,148892734.0,Beverages,0.0,0.0,117468184.0,37949155.75,9,35
Alabama,101,2021-09-12,142022733.0,Beverages,148892734.0,0.0,0.0,37223183.5,9,36
Alabama,102,2021-09-19,0.0,Beverages,142022733.0,146096098.0,0.0,72728866.75,9,37
Alabama,103,2021-09-26,0.0,Beverages,0.0,151796623.0,0.0,72728866.75,9,38
Alabama,104,2021-10-03,203436378.0,Beverages,0.0,0.0,126283023.0,72728866.75,10,39
Alabama,105,2021-10-10,198855812.0,Beverages,203436378.0,0.0,0.0,86364777.75,10,40
Alabama,106,2021-10-17,0.0,Beverages,198855812.0,0.0,0.0,100573047.5,10,41
Alabama,107,2021-10-24,0.0,Beverages,0.0,148892734.0,0.0,100573047.5,10,42
Alabama,108,2021-10-31,0.0,Beverages,0.0,142022733.0,131843895.0,100573047.5,10,43
Alabama,109,2021-11-07,184678477.0,Beverages,0.0,0.0,126097509.0,49713953.0,11,44
Alabama,110,2021-11-14,0.0,Beverages,184678477.0,0.0,0.0,46169619.25,11,45
Alabama,111,2021-11-21,0.0,Beverages,0.0,203436378.0,0.0,46169619.25,11,46
Alabama,112,2021-11-28,0.0,Beverages,0.0,198855812.0,134697460.0,46169619.25,11,47
Alabama,113,2021-12-05,180600248.0,Beverages,0.0,0.0,136554064.0,46169619.25,12,48
Alabama,114,2021-12-12,182041354.0,Beverages,180600248.0,0.0,0.0,45150062.0,12,49
Alabama,115,2021-12-19,0.0,Beverages,182041354.0,0.0,0.0,90660400.5,12,50
Alabama,116,2021-12-26,0.0,Beverages,0.0,184678477.0,0.0,90660400.5,12,51
Alabama,117,2022-01-02,179002839.0,Beverages,0.0,0.0,140893518.0,90660400.5,1,52
Alabama,118,2022-01-09,178676924.0,Beverages,179002839.0,0.0,0.0,90261048.25,1,1
Alabama,119,2022-01-16,0.0,Beverages,178676924.0,0.0,0.0,89419940.75,1,2
Alabama,120,2022-01-23,0.0,Beverages,0.0,180600248.0,0.0,89419940.75,1,3
Alabama,121,2022-01-30,0.0,Beverages,0.0,182041354.0,150209239.0,89419940.75,1,4
Alabama,122,2022-02-06,184970125.0,Beverages,0.0,0.0,137692247.0,44669231.0,2,5
Alabama,123,2022-02-13,0.0,Beverages,184970125.0,0.0,0.0,46242531.25,2,6
Alabama,124,2022-02-20,0.0,Beverages,0.0,179002839.0,0.0,46242531.25,2,7
Alabama,125,2022-02-27,0.0,Beverages,0.0,178676924.0,146096098.0,46242531.25,2,8
Alabama,126,2022-03-06,197917628.0,Beverages,0.0,0.0,151796623.0,46242531.25,3,9
Alabama,127,2022-03-13,0.0,Beverages,197917628.0,0.0,0.0,49479407.0,3,10
Alabama,128,2022-03-20,0.0,Beverages,0.0,0.0,0.0,49479407.0,3,11
Alabama,129,2022-03-27,0.0,Beverages,0.0,184970125.0,0.0,49479407.0,3,12
Alabama,130,2022-04-03,200427370.0,Beverages,0.0,0.0,148892734.0,49479407.0,4,13
Alabama,131,2022-04-10,202888791.0,Beverages,200427370.0,0.0,142022733.0,50106842.5,4,14
Alabama,132,2022-04-17,0.0,Beverages,202888791.0,0.0,0.0,100829040.25,4,15
Alabama,133,2022-04-24,0.0,Beverages,0.0,197917628.0,0.0,100829040.25,4,16
Alabama,134,2022-05-01,207976103.0,Beverages,0.0,0.0,203436378.0,100829040.25,5,17
Alabama,135,2022-05-08,207537233.0,Beverages,207976103.0,0.0,198855812.0,102716223.5,5,18
Alabama,136,2022-05-15,0.0,Beverages,207537233.0,0.0,0.0,103878334.0,5,19
Alabama,137,2022-05-22,0.0,Beverages,0.0,200427370.0,0.0,103878334.0,5,20
Alabama,138,2022-05-29,0.0,Beverages,0.0,202888791.0,0.0,103878334.0,5,21
Alabama,139,2022-06-05,209711182.0,Beverages,0.0,0.0,184678477.0,51884308.25,6,22
Alabama,140,2022-06-12,209838488.0,Beverages,209711182.0,0.0,0.0,52427795.5,6,23
Alabama,141,2022-06-19,0.0,Beverages,209838488.0,207976103.0,0.0,104887417.5,6,24
Alabama,142,2022-06-26,0.0,Beverages,0.0,207537233.0,0.0,104887417.5,6,25
Alabama,143,2022-07-03,226966251.0,Beverages,0.0,0.0,180600248.0,104887417.5,7,26
Alabama,144,2022-07-10,212433149.0,Beverages,226966251.0,0.0,182041354.0,109201184.75,7,27
Alabama,145,2022-07-17,0.0,Beverages,212433149.0,0.0,0.0,109849850.0,7,28
Alabama,146,2022-07-24,0.0,Beverages,0.0,209711182.0,0.0,109849850.0,7,29
Alabama,147,2022-07-31,0.0,Beverages,0.0,209838488.0,179002839.0,109849850.0,7,30
Alabama,148,2022-08-07,226809535.0,Beverages,0.0,0.0,178676924.0,53108287.25,8,31
Alabama,149,2022-08-14,0.0,Beverages,226809535.0,0.0,0.0,56702383.75,8,32
Alabama,150,2022-08-21,0.0,Beverages,0.0,226966251.0,0.0,56702383.75,8,33
Alabama,151,2022-08-28,0.0,Beverages,0.0,212433149.0,0.0,56702383.75,8,34
Alabama,152,2022-09-04,227759611.0,Beverages,0.0,0.0,184970125.0,56702383.75,9,35
Alabama,153,2022-09-11,215165395.0,Beverages,227759611.0,0.0,0.0,56939902.75,9,36
Alabama,154,2022-09-18,0.0,Beverages,215165395.0,0.0,0.0,110731251.5,9,37
Alabama,155,2022-09-25,0.0,Beverages,0.0,226809535.0,0.0,110731251.5,9,38
Alabama,156,2022-10-02,218622107.0,Beverages,0.0,0.0,197917628.0,110731251.5,10,39
Alabama,157,2022-10-09,211016006.0,Beverages,218622107.0,0.0,0.0,108446875.5,10,40
Alabama,158,2022-10-16,0.0,Beverages,211016006.0,0.0,0.0,107409528.25,10,41
Alabama,159,2022-10-23,0.0,Beverages,0.0,227759611.0,0.0,107409528.25,10,42
Alabama,160,2022-10-30,0.0,Beverages,0.0,215165395.0,200427370.0,107409528.25,10,43
Alabama,161,2022-11-06,197814663.0,Beverages,0.0,0.0,202888791.0,52754001.5,11,44
Alabama,162,2022-11-13,0.0,Beverages,197814663.0,0.0,0.0,49453665.75,11,45
Alabama,163,2022-11-20,0.0,Beverages,0.0,218622107.0,0.0,49453665.75,11,46
Alabama,164,2022-11-27,0.0,Beverages,0.0,211016006.0,207976103.0,49453665.75,11,47
Alabama,165,2022-12-04,191867741.0,Beverages,0.0,0.0,207537233.0,49453665.75,12,48
Alabama,166,2022-12-11,194239369.0,Beverages,191867741.0,0.0,0.0,47966935.25,12,49
Alabama,167,2022-12-18,0.0,Beverages,194239369.0,0.0,0.0,96526777.5,12,50
Alabama,168,2022-12-25,0.0,Beverages,0.0,197814663.0,0.0,96526777.5,12,51
Alabama,169,2023-01-01,184497797.0,Beverages,0.0,0.0,209711182.0,96526777.5,1,52
Alabama,170,2023-01-08,186490148.0,Beverages,184497797.0,0.0,209838488.0,94684291.5,1,1
Alabama,171,2023-01-15,0.0,Beverages,186490148.0,0.0,0.0,92746986.25,1,2
Alabama,172,2023-01-22,0.0,Beverages,0.0,191867741.0,0.0,92746986.25,1,3
Alabama,173,2023-01-29,0.0,Beverages,0.0,194239369.0,226966251.0,92746986.25,1,4
Alabama,174,2023-02-05,192305584.0,Beverages,0.0,0.0,212433149.0,46622537.0,2,5
Alabama,175,2023-02-12,191999971.0,Beverages,192305584.0,0.0,0.0,48076396.0,2,6
Alabama,176,2023-02-19,0.0,Beverages,191999971.0,184497797.0,0.0,96076388.75,2,7
Alabama,177,2023-02-26,0.0,Beverages,0.0,186490148.0,0.0,96076388.75,2,8
Alabama,178,2023-03-05,209478343.0,Beverages,0.0,0.0,226809535.0,96076388.75,3,9
Alabama,179,2023-03-12,218905536.0,Beverages,209478343.0,0.0,0.0,100369578.5,3,10
Alabama,180,2023-03-19,0.0,Beverages,218905536.0,0.0,0.0,107095969.75,3,11
Alabama,181,2023-03-26,0.0,Beverages,0.0,192305584.0,0.0,107095969.75,3,12
Alabama,182,2023-04-02,205535419.0,Beverages,0.0,191999971.0,227759611.0,107095969.75,4,13
Alabama,183,2023-04-09,202345732.0,Beverages,205535419.0,0.0,215165395.0,106110238.75,4,14
Alabama,184,2023-04-16,0.0,Beverages,202345732.0,0.0,0.0,101970287.75,4,15
Alabama,185,2023-04-23,0.0,Beverages,0.0,209478343.0,0.0,101970287.75,4,16
Alabama,186,2023-04-30,0.0,Beverages,0.0,218905536.0,218622107.0,101970287.75,4,17
Alabama,187,2023-05-07,219573277.0,Beverages,0.0,0.0,211016006.0,50586433.0,5,18
Arizona,30,2020-05-03,134864797.0,Beverages,0.0,0.0,119877789.0,62404266.0,5,18
Arizona,31,2020-05-10,136028525.0,Beverages,134864797.0,0.0,0.0,64629810.75,5,19
Arizona,32,2020-05-17,0.0,Beverages,136028525.0,0.0,0.0,67723330.5,5,20
Arizona,33,2020-05-24,0.0,Beverages,0.0,125962618.0,0.0,67723330.5,5,21
Arizona,34,2020-05-31,0.0,Beverages,0.0,123654446.0,115424159.0,67723330.5,5,22
Arizona,35,2020-06-07,138359363.0,Beverages,0.0,0.0,120785283.0,34007131.25,6,23
Arizona,36,2020-06-14,0.0,Beverages,138359363.0,0.0,0.0,34589840.75,6,24
Arizona,37,2020-06-21,0.0,Beverages,0.0,134864797.0,0.0,34589840.75,6,25
Arizona,38,2020-06-28,0.0,Beverages,0.0,136028525.0,109101595.0,34589840.75,6,26
Arizona,39,2020-07-05,144153475.0,Beverages,0.0,0.0,110405117.0,34589840.75,7,27
Arizona,40,2020-07-12,136606142.0,Beverages,144153475.0,0.0,0.0,36038368.75,7,28
Arizona,41,2020-07-19,0.0,Beverages,136606142.0,0.0,0.0,70189904.25,7,29
Arizona,42,2020-07-26,0.0,Beverages,0.0,138359363.0,0.0,70189904.25,7,30
Arizona,43,2020-08-02,135907144.0,Beverages,0.0,0.0,109641291.0,70189904.25,8,31
Arizona,44,2020-08-09,139932969.0,Beverages,135907144.0,0.0,110420623.0,68128321.5,8,32
Arizona,45,2020-08-16,0.0,Beverages,139932969.0,0.0,0.0,68960028.25,8,33
Arizona,46,2020-08-23,0.0,Beverages,0.0,144153475.0,0.0,68960028.25,8,34
Arizona,47,2020-08-30,0.0,Beverages,0.0,136606142.0,115328264.0,68960028.25,8,35
Arizona,48,2020-09-06,140717021.0,Beverages,0.0,0.0,111821590.0,34983242.25,9,36
Arizona,49,2020-09-13,0.0,Beverages,140717021.0,0.0,0.0,35179255.25,9,37
Arizona,50,2020-09-20,0.0,Beverages,0.0,135907144.0,0.0,35179255.25,9,38
Arizona,51,2020-09-27,0.0,Beverages,0.0,139932969.0,118349206.0,35179255.25,9,39
Arizona,52,2020-10-04,132505937.0,Beverages,0.0,0.0,127985444.0,35179255.25,10,40
Arizona,53,2020-10-11,133872032.0,Beverages,132505937.0,0.0,0.0,33126484.25,10,41
Arizona,54,2020-10-18,0.0,Beverages,133872032.0,0.0,0.0,66594492.25,10,42
Arizona,55,2020-10-25,0.0,Beverages,0.0,140717021.0,0.0,66594492.25,10,43
Arizona,56,2020-11-01,123994824.0,Beverages,0.0,0.0,125962618.0,66594492.25,11,44
Arizona,57,2020-11-08,130904551.0,Beverages,123994824.0,0.0,123654446.0,64466714.0,11,45
Arizona,58,2020-11-15,0.0,Beverages,130904551.0,0.0,0.0,63724843.75,11,46
Arizona,59,2020-11-22,0.0,Beverages,0.0,132505937.0,0.0,63724843.75,11,47
Arizona,60,2020-11-29,0.0,Beverages,0.0,133872032.0,134864797.0,63724843.75,11,48
Arizona,61,2020-12-06,118392564.0,Beverages,0.0,0.0,136028525.0,32726137.75,12,49
Arizona,62,2020-12-13,0.0,Beverages,118392564.0,0.0,0.0,29598141.0,12,50
Arizona,63,2020-12-20,0.0,Beverages,0.0,123994824.0,0.0,29598141.0,12,51
Arizona,64,2020-12-27,0.0,Beverages,0.0,130904551.0,0.0,29598141.0,12,52
Arizona,65,2021-01-03,119728725.0,Beverages,0.0,0.0,138359363.0,29598141.0,1,53
Arizona,66,2021-01-10,121976001.0,Beverages,119728725.0,0.0,0.0,29932181.25,1,1
Arizona,67,2021-01-17,0.0,Beverages,121976001.0,0.0,0.0,60426181.5,1,2
Arizona,68,2021-01-24,0.0,Beverages,0.0,118392564.0,0.0,60426181.5,1,3
Arizona,69,2021-01-31,0.0,Beverages,0.0,0.0,144153475.0,60426181.5,1,4
Arizona,70,2021-02-07,126877371.0,Beverages,0.0,0.0,136606142.0,30494000.25,2,5
Arizona,71,2021-02-14,0.0,Beverages,126877371.0,0.0,0.0,31719342.75,2,6
Arizona,72,2021-02-21,0.0,Beverages,0.0,119728725.0,0.0,31719342.75,2,7
Arizona,73,2021-02-28,0.0,Beverages,0.0,121976001.0,135907144.0,31719342.75,2,8
Arizona,74,2021-03-07,136194918.0,Beverages,0.0,0.0,139932969.0,31719342.75,3,9
Arizona,75,2021-03-14,0.0,Beverages,136194918.0,0.0,0.0,34048729.5,3,10
Arizona,76,2021-03-21,0.0,Beverages,0.0,0.0,0.0,34048729.5,3,11
Arizona,77,2021-03-28,0.0,Beverages,0.0,126877371.0,0.0,34048729.5,3,12
Arizona,78,2021-04-04,140912772.0,Beverages,0.0,0.0,140717021.0,34048729.5,4,13
Arizona,79,2021-04-11,138011956.0,Beverages,140912772.0,0.0,0.0,35228193.0,4,14
Arizona,80,2021-04-18,0.0,Beverages,138011956.0,0.0,0.0,69731182.0,4,15
Arizona,81,2021-04-25,0.0,Beverages,0.0,136194918.0,0.0,69731182.0,4,16
Arizona,82,2021-05-02,144090339.0,Beverages,0.0,0.0,132505937.0,69731182.0,5,17
Arizona,83,2021-05-09,152933491.0,Beverages,144090339.0,0.0,133872032.0,70525573.75,5,18
Arizona,84,2021-05-16,0.0,Beverages,152933491.0,0.0,0.0,74255957.5,5,19
Arizona,85,2021-05-23,0.0,Beverages,0.0,140912772.0,0.0,74255957.5,5,20
Arizona,86,2021-05-30,0.0,Beverages,0.0,138011956.0,123994824.0,74255957.5,5,21
Arizona,87,2021-06-06,153270396.0,Beverages,0.0,0.0,130904551.0,38233372.75,6,22
Arizona,88,2021-06-13,0.0,Beverages,153270396.0,0.0,0.0,38317599.0,6,23
Arizona,89,2021-06-20,0.0,Beverages,0.0,144090339.0,0.0,38317599.0,6,24
Arizona,90,2021-06-27,0.0,Beverages,0.0,152933491.0,0.0,38317599.0,6,25
Arizona,91,2021-07-04,155493045.0,Beverages,0.0,0.0,118392564.0,38317599.0,7,26
Arizona,92,2021-07-11,150801486.0,Beverages,155493045.0,0.0,0.0,38873261.25,7,27
Arizona,93,2021-07-18,0.0,Beverages,150801486.0,0.0,0.0,76573632.75,7,28
Arizona,94,2021-07-25,0.0,Beverages,0.0,153270396.0,0.0,76573632.75,7,29
Arizona,95,2021-08-01,144662532.0,Beverages,0.0,0.0,119728725.0,76573632.75,8,30
Arizona,96,2021-08-08,154347015.0,Beverages,144662532.0,0.0,121976001.0,73866004.5,8,31
Arizona,97,2021-08-15,0.0,Beverages,154347015.0,0.0,0.0,74752386.75,8,32
Arizona,98,2021-08-22,0.0,Beverages,0.0,155493045.0,0.0,74752386.75,8,33
Arizona,99,2021-08-29,0.0,Beverages,0.0,150801486.0,0.0,74752386.75,8,34
Arizona,100,2021-09-05,155366160.0,Beverages,0.0,0.0,126877371.0,38586753.75,9,35
Arizona,101,2021-09-12,149966653.0,Beverages,155366160.0,0.0,0.0,38841540.0,9,36
Arizona,102,2021-09-19,0.0,Beverages,149966653.0,144662532.0,0.0,76333203.25,9,37
Arizona,103,2021-09-26,0.0,Beverages,0.0,154347015.0,0.0,76333203.25,9,38
Arizona,104,2021-10-03,200820085.0,Beverages,0.0,0.0,136194918.0,76333203.25,10,39
Arizona,105,2021-10-10,201963815.0,Beverages,200820085.0,0.0,0.0,87696684.5,10,40
Arizona,106,2021-10-17,0.0,Beverages,201963815.0,0.0,0.0,100695975.0,10,41
Arizona,107,2021-10-24,0.0,Beverages,0.0,155366160.0,0.0,100695975.0,10,42
Arizona,108,2021-10-31,0.0,Beverages,0.0,149966653.0,140912772.0,100695975.0,10,43
Arizona,109,2021-11-07,201120667.0,Beverages,0.0,0.0,138011956.0,50490953.75,11,44
Arizona,110,2021-11-14,0.0,Beverages,201120667.0,0.0,0.0,50280166.75,11,45
Arizona,111,2021-11-21,0.0,Beverages,0.0,200820085.0,0.0,50280166.75,11,46
Arizona,112,2021-11-28,0.0,Beverages,0.0,201963815.0,144090339.0,50280166.75,11,47
Arizona,113,2021-12-05,186262764.0,Beverages,0.0,0.0,152933491.0,50280166.75,12,48
Arizona,114,2021-12-12,187993597.0,Beverages,186262764.0,0.0,0.0,46565691.0,12,49
Arizona,115,2021-12-19,0.0,Beverages,187993597.0,0.0,0.0,93564090.25,12,50
Arizona,116,2021-12-26,0.0,Beverages,0.0,201120667.0,0.0,93564090.25,12,51
Arizona,117,2022-01-02,182124831.0,Beverages,0.0,0.0,153270396.0,93564090.25,1,52
Arizona,118,2022-01-09,187226998.0,Beverages,182124831.0,0.0,0.0,92529607.0,1,1
Arizona,119,2022-01-16,0.0,Beverages,187226998.0,0.0,0.0,92337957.25,1,2
Arizona,120,2022-01-23,0.0,Beverages,0.0,186262764.0,0.0,92337957.25,1,3
Arizona,121,2022-01-30,0.0,Beverages,0.0,187993597.0,155493045.0,92337957.25,1,4
Arizona,122,2022-02-06,191822690.0,Beverages,0.0,0.0,150801486.0,46806749.5,2,5
Arizona,123,2022-02-13,0.0,Beverages,191822690.0,0.0,0.0,47955672.5,2,6
Arizona,124,2022-02-20,0.0,Beverages,0.0,182124831.0,0.0,47955672.5,2,7
Arizona,125,2022-02-27,0.0,Beverages,0.0,187226998.0,144662532.0,47955672.5,2,8
Arizona,126,2022-03-06,204336119.0,Beverages,0.0,0.0,154347015.0,47955672.5,3,9
Arizona,127,2022-03-13,0.0,Beverages,204336119.0,0.0,0.0,51084029.75,3,10
Arizona,128,2022-03-20,0.0,Beverages,0.0,0.0,0.0,51084029.75,3,11
Arizona,129,2022-03-27,0.0,Beverages,0.0,191822690.0,0.0,51084029.75,3,12
Arizona,130,2022-04-03,216587578.0,Beverages,0.0,0.0,155366160.0,51084029.75,4,13
Arizona,131,2022-04-10,219518921.0,Beverages,216587578.0,0.0,149966653.0,54146894.5,4,14
Arizona,132,2022-04-17,0.0,Beverages,219518921.0,0.0,0.0,109026624.75,4,15
Arizona,133,2022-04-24,0.0,Beverages,0.0,204336119.0,0.0,109026624.75,4,16
Arizona,134,2022-05-01,210346537.0,Beverages,0.0,0.0,200820085.0,109026624.75,5,17
Arizona,135,2022-05-08,219329549.0,Beverages,210346537.0,0.0,201963815.0,107466364.5,5,18
Arizona,136,2022-05-15,0.0,Beverages,219329549.0,0.0,0.0,107419021.5,5,19
Arizona,137,2022-05-22,0.0,Beverages,0.0,216587578.0,0.0,107419021.5,5,20
Arizona,138,2022-05-29,0.0,Beverages,0.0,219518921.0,0.0,107419021.5,5,21
Arizona,139,2022-06-05,221466462.0,Beverages,0.0,0.0,201120667.0,54832387.25,6,22
Arizona,140,2022-06-12,228960137.0,Beverages,221466462.0,0.0,0.0,55366615.5,6,23
Arizona,141,2022-06-19,0.0,Beverages,228960137.0,210346537.0,0.0,112606649.75,6,24
Arizona,142,2022-06-26,0.0,Beverages,0.0,219329549.0,0.0,112606649.75,6,25
Arizona,143,2022-07-03,230278334.0,Beverages,0.0,0.0,186262764.0,112606649.75,7,26
Arizona,144,2022-07-10,220195810.0,Beverages,230278334.0,0.0,187993597.0,114809617.75,7,27
Arizona,145,2022-07-17,0.0,Beverages,220195810.0,0.0,0.0,112618536.0,7,28
Arizona,146,2022-07-24,0.0,Beverages,0.0,221466462.0,0.0,112618536.0,7,29
Arizona,147,2022-07-31,0.0,Beverages,0.0,228960137.0,182124831.0,112618536.0,7,30
Arizona,148,2022-08-07,225961035.0,Beverages,0.0,0.0,187226998.0,55048952.5,8,31
Arizona,149,2022-08-14,0.0,Beverages,225961035.0,0.0,0.0,56490258.75,8,32
Arizona,150,2022-08-21,0.0,Beverages,0.0,230278334.0,0.0,56490258.75,8,33
Arizona,151,2022-08-28,0.0,Beverages,0.0,220195810.0,0.0,56490258.75,8,34
Arizona,152,2022-09-04,232958487.0,Beverages,0.0,0.0,191822690.0,56490258.75,9,35
Arizona,153,2022-09-11,226231108.0,Beverages,232958487.0,0.0,0.0,58239621.75,9,36
Arizona,154,2022-09-18,0.0,Beverages,226231108.0,0.0,0.0,114797398.75,9,37
Arizona,155,2022-09-25,0.0,Beverages,0.0,225961035.0,0.0,114797398.75,9,38
Arizona,156,2022-10-02,214133475.0,Beverages,0.0,0.0,204336119.0,114797398.75,10,39
Arizona,157,2022-10-09,218976019.0,Beverages,214133475.0,0.0,0.0,110091145.75,10,40
Arizona,158,2022-10-16,0.0,Beverages,218976019.0,0.0,0.0,108277373.5,10,41
Arizona,159,2022-10-23,0.0,Beverages,0.0,232958487.0,0.0,108277373.5,10,42
Arizona,160,2022-10-30,0.0,Beverages,0.0,226231108.0,216587578.0,108277373.5,10,43
Arizona,161,2022-11-06,212352076.0,Beverages,0.0,0.0,219518921.0,54744004.75,11,44
Arizona,162,2022-11-13,0.0,Beverages,212352076.0,0.0,0.0,53088019.0,11,45
Arizona,163,2022-11-20,0.0,Beverages,0.0,214133475.0,0.0,53088019.0,11,46
Arizona,164,2022-11-27,0.0,Beverages,0.0,218976019.0,210346537.0,53088019.0,11,47
Arizona,165,2022-12-04,195652307.0,Beverages,0.0,0.0,219329549.0,53088019.0,12,48
Arizona,166,2022-12-11,200138362.0,Beverages,195652307.0,0.0,0.0,48913076.75,12,49
Arizona,167,2022-12-18,0.0,Beverages,200138362.0,0.0,0.0,98947667.25,12,50
Arizona,168,2022-12-25,0.0,Beverages,0.0,212352076.0,0.0,98947667.25,12,51
Arizona,169,2023-01-01,188408490.0,Beverages,0.0,0.0,221466462.0,98947667.25,1,52
Arizona,170,2023-01-08,194629091.0,Beverages,188408490.0,0.0,228960137.0,97136713.0,1,1
Arizona,171,2023-01-15,0.0,Beverages,194629091.0,0.0,0.0,95759395.25,1,2
Arizona,172,2023-01-22,0.0,Beverages,0.0,195652307.0,0.0,95759395.25,1,3
Arizona,173,2023-01-29,0.0,Beverages,0.0,200138362.0,230278334.0,95759395.25,1,4
Arizona,174,2023-02-05,203668153.0,Beverages,0.0,0.0,220195810.0,48657272.75,2,5
Arizona,175,2023-02-12,210784001.0,Beverages,203668153.0,0.0,0.0,50917038.25,2,6
Arizona,176,2023-02-19,0.0,Beverages,210784001.0,188408490.0,0.0,103613038.5,2,7
Arizona,177,2023-02-26,0.0,Beverages,0.0,194629091.0,0.0,103613038.5,2,8
Arizona,178,2023-03-05,216243765.0,Beverages,0.0,0.0,225961035.0,103613038.5,3,9
Arizona,179,2023-03-12,235892871.0,Beverages,216243765.0,0.0,0.0,106756941.5,3,10
Arizona,180,2023-03-19,0.0,Beverages,235892871.0,0.0,0.0,113034159.0,3,11
Arizona,181,2023-03-26,0.0,Beverages,0.0,203668153.0,0.0,113034159.0,3,12
Arizona,182,2023-04-02,215603138.0,Beverages,0.0,210784001.0,232958487.0,113034159.0,4,13
Arizona,183,2023-04-09,229352435.0,Beverages,215603138.0,0.0,226231108.0,112874002.25,4,14
Arizona,184,2023-04-16,0.0,Beverages,229352435.0,0.0,0.0,111238893.25,4,15
Arizona,185,2023-04-23,0.0,Beverages,0.0,216243765.0,0.0,111238893.25,4,16
Arizona,186,2023-04-30,0.0,Beverages,0.0,235892871.0,214133475.0,111238893.25,4,17
Arizona,187,2023-05-07,240505460.0,Beverages,0.0,0.0,218976019.0,57338108.75,5,18
Arkansas,30,2020-05-03,65718902.0,Beverages,0.0,0.0,67349815.0,31784598.5,5,18
Arkansas,31,2020-05-10,66725736.0,Beverages,65718902.0,0.0,0.0,32311752.75,5,19
Arkansas,32,2020-05-17,0.0,Beverages,66725736.0,0.0,0.0,33111159.5,5,20
Arkansas,33,2020-05-24,0.0,Beverages,0.0,63610285.0,0.0,33111159.5,5,21
Arkansas,34,2020-05-31,0.0,Beverages,0.0,63528109.0,58551067.0,33111159.5,5,22
Arkansas,35,2020-06-07,70882885.0,Beverages,0.0,0.0,59494648.0,16681434.0,6,23
Arkansas,36,2020-06-14,0.0,Beverages,70882885.0,0.0,0.0,17720721.25,6,24
Arkansas,37,2020-06-21,0.0,Beverages,0.0,65718902.0,0.0,17720721.25,6,25
Arkansas,38,2020-06-28,0.0,Beverages,0.0,66725736.0,58049432.0,17720721.25,6,26
Arkansas,39,2020-07-05,76591713.0,Beverages,0.0,0.0,59101265.0,17720721.25,7,27
Arkansas,40,2020-07-12,71426615.0,Beverages,76591713.0,0.0,0.0,19147928.25,7,28
Arkansas,41,2020-07-19,0.0,Beverages,71426615.0,0.0,0.0,37004582.0,7,29
Arkansas,42,2020-07-26,0.0,Beverages,0.0,70882885.0,0.0,37004582.0,7,30
Arkansas,43,2020-08-02,70280652.0,Beverages,0.0,0.0,56942259.0,37004582.0,8,31
Arkansas,44,2020-08-09,71170812.0,Beverages,70280652.0,0.0,57854514.0,35426816.75,8,32
Arkansas,45,2020-08-16,0.0,Beverages,71170812.0,0.0,0.0,35362866.0,8,33
Arkansas,46,2020-08-23,0.0,Beverages,0.0,76591713.0,0.0,35362866.0,8,34
Arkansas,47,2020-08-30,0.0,Beverages,0.0,71426615.0,58093735.0,35362866.0,8,35
Arkansas,48,2020-09-06,70544925.0,Beverages,0.0,0.0,58021180.0,17792703.0,9,36
Arkansas,49,2020-09-13,0.0,Beverages,70544925.0,0.0,0.0,17636231.25,9,37
Arkansas,50,2020-09-20,0.0,Beverages,0.0,70280652.0,0.0,17636231.25,9,38
Arkansas,51,2020-09-27,0.0,Beverages,0.0,71170812.0,61187920.0,17636231.25,9,39
Arkansas,52,2020-10-04,67850338.0,Beverages,0.0,0.0,63599450.0,17636231.25,10,40
Arkansas,53,2020-10-11,67105075.0,Beverages,67850338.0,0.0,0.0,16962584.5,10,41
Arkansas,54,2020-10-18,0.0,Beverages,67105075.0,0.0,0.0,33738853.25,10,42
Arkansas,55,2020-10-25,0.0,Beverages,0.0,70544925.0,0.0,33738853.25,10,43
Arkansas,56,2020-11-01,61173665.0,Beverages,0.0,0.0,63610285.0,33738853.25,11,44
Arkansas,57,2020-11-08,63896293.0,Beverages,61173665.0,0.0,63528109.0,32069685.0,11,45
Arkansas,58,2020-11-15,0.0,Beverages,63896293.0,0.0,0.0,31267489.5,11,46
Arkansas,59,2020-11-22,0.0,Beverages,0.0,67850338.0,0.0,31267489.5,11,47
Arkansas,60,2020-11-29,0.0,Beverages,0.0,67105075.0,65718902.0,31267489.5,11,48
Arkansas,61,2020-12-06,60541396.0,Beverages,0.0,0.0,66725736.0,15974073.25,12,49
Arkansas,62,2020-12-13,0.0,Beverages,60541396.0,0.0,0.0,15135349.0,12,50
Arkansas,63,2020-12-20,0.0,Beverages,0.0,61173665.0,0.0,15135349.0,12,51
Arkansas,64,2020-12-27,0.0,Beverages,0.0,63896293.0,0.0,15135349.0,12,52
Arkansas,65,2021-01-03,61067745.0,Beverages,0.0,0.0,70882885.0,15135349.0,1,53
Arkansas,66,2021-01-10,62054714.0,Beverages,61067745.0,0.0,0.0,15266936.25,1,1
Arkansas,67,2021-01-17,0.0,Beverages,62054714.0,0.0,0.0,30780614.75,1,2
Arkansas,68,2021-01-24,0.0,Beverages,0.0,60541396.0,0.0,30780614.75,1,3
Arkansas,69,2021-01-31,0.0,Beverages,0.0,0.0,76591713.0,30780614.75,1,4
Arkansas,70,2021-02-07,62729412.0,Beverages,0.0,0.0,71426615.0,15513678.5,2,5
Arkansas,71,2021-02-14,0.0,Beverages,62729412.0,0.0,0.0,15682353.0,2,6
Arkansas,72,2021-02-21,0.0,Beverages,0.0,61067745.0,0.0,15682353.0,2,7
Arkansas,73,2021-02-28,0.0,Beverages,0.0,62054714.0,70280652.0,15682353.0,2,8
Arkansas,74,2021-03-07,67470845.0,Beverages,0.0,0.0,71170812.0,15682353.0,3,9
Arkansas,75,2021-03-14,0.0,Beverages,67470845.0,0.0,0.0,16867711.25,3,10
Arkansas,76,2021-03-21,0.0,Beverages,0.0,0.0,0.0,16867711.25,3,11
Arkansas,77,2021-03-28,0.0,Beverages,0.0,62729412.0,0.0,16867711.25,3,12
Arkansas,78,2021-04-04,68515097.0,Beverages,0.0,0.0,70544925.0,16867711.25,4,13
Arkansas,79,2021-04-11,68454423.0,Beverages,68515097.0,0.0,0.0,17128774.25,4,14
Arkansas,80,2021-04-18,0.0,Beverages,68454423.0,0.0,0.0,34242380.0,4,15
Arkansas,81,2021-04-25,0.0,Beverages,0.0,67470845.0,0.0,34242380.0,4,16
Arkansas,82,2021-05-02,70271403.0,Beverages,0.0,0.0,67850338.0,34242380.0,5,17
Arkansas,83,2021-05-09,71602056.0,Beverages,70271403.0,0.0,67105075.0,34681456.5,5,18
Arkansas,84,2021-05-16,0.0,Beverages,71602056.0,0.0,0.0,35468364.75,5,19
Arkansas,85,2021-05-23,0.0,Beverages,0.0,68515097.0,0.0,35468364.75,5,20
Arkansas,86,2021-05-30,0.0,Beverages,0.0,68454423.0,61173665.0,35468364.75,5,21
Arkansas,87,2021-06-06,73746656.0,Beverages,0.0,0.0,63896293.0,17900514.0,6,22
Arkansas,88,2021-06-13,0.0,Beverages,73746656.0,0.0,0.0,18436664.0,6,23
Arkansas,89,2021-06-20,0.0,Beverages,0.0,70271403.0,0.0,18436664.0,6,24
Arkansas,90,2021-06-27,0.0,Beverages,0.0,71602056.0,0.0,18436664.0,6,25
Arkansas,91,2021-07-04,80327966.0,Beverages,0.0,0.0,60541396.0,18436664.0,7,26
Arkansas,92,2021-07-11,76636654.0,Beverages,80327966.0,0.0,0.0,20081991.5,7,27
Arkansas,93,2021-07-18,0.0,Beverages,76636654.0,0.0,0.0,39241155.0,7,28
Arkansas,94,2021-07-25,0.0,Beverages,0.0,73746656.0,0.0,39241155.0,7,29
Arkansas,95,2021-08-01,76563570.0,Beverages,0.0,0.0,61067745.0,39241155.0,8,30
Arkansas,96,2021-08-08,76788500.0,Beverages,76563570.0,0.0,62054714.0,38300056.0,8,31
Arkansas,97,2021-08-15,0.0,Beverages,76788500.0,0.0,0.0,38338017.5,8,32
Arkansas,98,2021-08-22,0.0,Beverages,0.0,80327966.0,0.0,38338017.5,8,33
Arkansas,99,2021-08-29,0.0,Beverages,0.0,76636654.0,0.0,38338017.5,8,34
Arkansas,100,2021-09-05,77173311.0,Beverages,0.0,0.0,62729412.0,19197125.0,9,35
Arkansas,101,2021-09-12,76970529.0,Beverages,77173311.0,0.0,0.0,19293327.75,9,36
Arkansas,102,2021-09-19,0.0,Beverages,76970529.0,76563570.0,0.0,38535960.0,9,37
Arkansas,103,2021-09-26,0.0,Beverages,0.0,76788500.0,0.0,38535960.0,9,38
Arkansas,104,2021-10-03,105087223.0,Beverages,0.0,0.0,67470845.0,38535960.0,10,39
Arkansas,105,2021-10-10,104309748.0,Beverages,105087223.0,0.0,0.0,45514438.0,10,40
Arkansas,106,2021-10-17,0.0,Beverages,104309748.0,0.0,0.0,52349242.75,10,41
Arkansas,107,2021-10-24,0.0,Beverages,0.0,77173311.0,0.0,52349242.75,10,42
Arkansas,108,2021-10-31,0.0,Beverages,0.0,76970529.0,68515097.0,52349242.75,10,43
Arkansas,109,2021-11-07,98227444.0,Beverages,0.0,0.0,68454423.0,26077437.0,11,44
Arkansas,110,2021-11-14,0.0,Beverages,98227444.0,0.0,0.0,24556861.0,11,45
Arkansas,111,2021-11-21,0.0,Beverages,0.0,105087223.0,0.0,24556861.0,11,46
Arkansas,112,2021-11-28,0.0,Beverages,0.0,104309748.0,70271403.0,24556861.0,11,47
Arkansas,113,2021-12-05,95357790.0,Beverages,0.0,0.0,71602056.0,24556861.0,12,48
Arkansas,114,2021-12-12,96826619.0,Beverages,95357790.0,0.0,0.0,23839447.5,12,49
Arkansas,115,2021-12-19,0.0,Beverages,96826619.0,0.0,0.0,48046102.25,12,50
Arkansas,116,2021-12-26,0.0,Beverages,0.0,98227444.0,0.0,48046102.25,12,51
Arkansas,117,2022-01-02,93380357.0,Beverages,0.0,0.0,73746656.0,48046102.25,1,52
Arkansas,118,2022-01-09,94532467.0,Beverages,93380357.0,0.0,0.0,47551744.0,1,1
Arkansas,119,2022-01-16,0.0,Beverages,94532467.0,0.0,0.0,46978206.0,1,2
Arkansas,120,2022-01-23,0.0,Beverages,0.0,95357790.0,0.0,46978206.0,1,3
Arkansas,121,2022-01-30,0.0,Beverages,0.0,96826619.0,80327966.0,46978206.0,1,4
Arkansas,122,2022-02-06,96618081.0,Beverages,0.0,0.0,76636654.0,23633116.75,2,5
Arkansas,123,2022-02-13,0.0,Beverages,96618081.0,0.0,0.0,24154520.25,2,6
Arkansas,124,2022-02-20,0.0,Beverages,0.0,93380357.0,0.0,24154520.25,2,7
Arkansas,125,2022-02-27,0.0,Beverages,0.0,94532467.0,76563570.0,24154520.25,2,8
Arkansas,126,2022-03-06,103093646.0,Beverages,0.0,0.0,76788500.0,24154520.25,3,9
Arkansas,127,2022-03-13,0.0,Beverages,103093646.0,0.0,0.0,25773411.5,3,10
Arkansas,128,2022-03-20,0.0,Beverages,0.0,0.0,0.0,25773411.5,3,11
Arkansas,129,2022-03-27,0.0,Beverages,0.0,96618081.0,0.0,25773411.5,3,12
Arkansas,130,2022-04-03,103811548.0,Beverages,0.0,0.0,77173311.0,25773411.5,4,13
Arkansas,131,2022-04-10,105314661.0,Beverages,103811548.0,0.0,76970529.0,25952887.0,4,14
Arkansas,132,2022-04-17,0.0,Beverages,105314661.0,0.0,0.0,52281552.25,4,15
Arkansas,133,2022-04-24,0.0,Beverages,0.0,103093646.0,0.0,52281552.25,4,16
Arkansas,134,2022-05-01,103805094.0,Beverages,0.0,0.0,105087223.0,52281552.25,5,17
Arkansas,135,2022-05-08,105764203.0,Beverages,103805094.0,0.0,104309748.0,52279938.75,5,18
Arkansas,136,2022-05-15,0.0,Beverages,105764203.0,0.0,0.0,52392324.25,5,19
Arkansas,137,2022-05-22,0.0,Beverages,0.0,103811548.0,0.0,52392324.25,5,20
Arkansas,138,2022-05-29,0.0,Beverages,0.0,105314661.0,0.0,52392324.25,5,21
Arkansas,139,2022-06-05,109057664.0,Beverages,0.0,0.0,98227444.0,26441050.75,6,22
Arkansas,140,2022-06-12,110363535.0,Beverages,109057664.0,0.0,0.0,27264416.0,6,23
Arkansas,141,2022-06-19,0.0,Beverages,110363535.0,103805094.0,0.0,54855299.75,6,24
Arkansas,142,2022-06-26,0.0,Beverages,0.0,105764203.0,0.0,54855299.75,6,25
Arkansas,143,2022-07-03,119976406.0,Beverages,0.0,0.0,95357790.0,54855299.75,7,26
Arkansas,144,2022-07-10,117172559.0,Beverages,119976406.0,0.0,96826619.0,57584985.25,7,27
Arkansas,145,2022-07-17,0.0,Beverages,117172559.0,0.0,0.0,59287241.25,7,28
Arkansas,146,2022-07-24,0.0,Beverages,0.0,109057664.0,0.0,59287241.25,7,29
Arkansas,147,2022-07-31,0.0,Beverages,0.0,110363535.0,93380357.0,59287241.25,7,30
Arkansas,148,2022-08-07,116148959.0,Beverages,0.0,0.0,94532467.0,29293139.75,8,31
Arkansas,149,2022-08-14,0.0,Beverages,116148959.0,0.0,0.0,29037239.75,8,32
Arkansas,150,2022-08-21,0.0,Beverages,0.0,119976406.0,0.0,29037239.75,8,33
Arkansas,151,2022-08-28,0.0,Beverages,0.0,117172559.0,0.0,29037239.75,8,34
Arkansas,152,2022-09-04,118942575.0,Beverages,0.0,0.0,96618081.0,29037239.75,9,35
Arkansas,153,2022-09-11,116255198.0,Beverages,118942575.0,0.0,0.0,29735643.75,9,36
Arkansas,154,2022-09-18,0.0,Beverages,116255198.0,0.0,0.0,58799443.25,9,37
Arkansas,155,2022-09-25,0.0,Beverages,0.0,116148959.0,0.0,58799443.25,9,38
Arkansas,156,2022-10-02,112136004.0,Beverages,0.0,0.0,103093646.0,58799443.25,10,39
Arkansas,157,2022-10-09,112645109.0,Beverages,112136004.0,0.0,0.0,57097800.5,10,40
Arkansas,158,2022-10-16,0.0,Beverages,112645109.0,0.0,0.0,56195278.25,10,41
Arkansas,159,2022-10-23,0.0,Beverages,0.0,118942575.0,0.0,56195278.25,10,42
Arkansas,160,2022-10-30,0.0,Beverages,0.0,116255198.0,103811548.0,56195278.25,10,43
Arkansas,161,2022-11-06,104366457.0,Beverages,0.0,0.0,105314661.0,28161277.25,11,44
Arkansas,162,2022-11-13,0.0,Beverages,104366457.0,0.0,0.0,26091614.25,11,45
Arkansas,163,2022-11-20,0.0,Beverages,0.0,112136004.0,0.0,26091614.25,11,46
Arkansas,164,2022-11-27,0.0,Beverages,0.0,112645109.0,103805094.0,26091614.25,11,47
Arkansas,165,2022-12-04,99768472.0,Beverages,0.0,0.0,105764203.0,26091614.25,12,48
Arkansas,166,2022-12-11,102920616.0,Beverages,99768472.0,0.0,0.0,24942118.0,12,49
Arkansas,167,2022-12-18,0.0,Beverages,102920616.0,0.0,0.0,50672272.0,12,50
Arkansas,168,2022-12-25,0.0,Beverages,0.0,104366457.0,0.0,50672272.0,12,51
Arkansas,169,2023-01-01,96531612.0,Beverages,0.0,0.0,109057664.0,50672272.0,1,52
Arkansas,170,2023-01-08,99012694.0,Beverages,96531612.0,0.0,110363535.0,49863057.0,1,1
Arkansas,171,2023-01-15,0.0,Beverages,99012694.0,0.0,0.0,48886076.5,1,2
Arkansas,172,2023-01-22,0.0,Beverages,0.0,99768472.0,0.0,48886076.5,1,3
Arkansas,173,2023-01-29,0.0,Beverages,0.0,102920616.0,119976406.0,48886076.5,1,4
Arkansas,174,2023-02-05,100758299.0,Beverages,0.0,0.0,117172559.0,24753173.5,2,5
Arkansas,175,2023-02-12,103288441.0,Beverages,100758299.0,0.0,0.0,25189574.75,2,6
Arkansas,176,2023-02-19,0.0,Beverages,103288441.0,96531612.0,0.0,51011685.0,2,7
Arkansas,177,2023-02-26,0.0,Beverages,0.0,99012694.0,0.0,51011685.0,2,8
Arkansas,178,2023-03-05,111201474.0,Beverages,0.0,0.0,116148959.0,51011685.0,3,9
Arkansas,179,2023-03-12,116121676.0,Beverages,111201474.0,0.0,0.0,53622478.75,3,10
Arkansas,180,2023-03-19,0.0,Beverages,116121676.0,0.0,0.0,56830787.5,3,11
Arkansas,181,2023-03-26,0.0,Beverages,0.0,100758299.0,0.0,56830787.5,3,12
Arkansas,182,2023-04-02,109455465.0,Beverages,0.0,103288441.0,118942575.0,56830787.5,4,13
Arkansas,183,2023-04-09,112740581.0,Beverages,109455465.0,0.0,116255198.0,56394285.25,4,14
Arkansas,184,2023-04-16,0.0,Beverages,112740581.0,0.0,0.0,55549011.5,4,15
Arkansas,185,2023-04-23,0.0,Beverages,0.0,111201474.0,0.0,55549011.5,4,16
Arkansas,186,2023-04-30,0.0,Beverages,0.0,116121676.0,112136004.0,55549011.5,4,17
Arkansas,187,2023-05-07,116455073.0,Beverages,0.0,0.0,112645109.0,28185145.25,5,18
California,30,2020-05-03,523453599.0,Beverages,0.0,0.0,506587724.0,243508674.25,5,18
California,31,2020-05-10,532766128.0,Beverages,523453599.0,0.0,0.0,251927269.0,5,19
California,32,2020-05-17,0.0,Beverages,532766128.0,0.0,0.0,264054931.75,5,20
California,33,2020-05-24,0.0,Beverages,0.0,489779220.0,0.0,264054931.75,5,21
California,34,2020-05-31,0.0,Beverages,0.0,484255477.0,492597099.0,264054931.75,5,22
California,35,2020-06-07,556528877.0,Beverages,0.0,0.0,497063952.0,133191532.0,6,23
California,36,2020-06-14,0.0,Beverages,556528877.0,0.0,0.0,139132219.25,6,24
California,37,2020-06-21,0.0,Beverages,0.0,523453599.0,0.0,139132219.25,6,25
California,38,2020-06-28,0.0,Beverages,0.0,532766128.0,444766891.0,139132219.25,6,26
California,39,2020-07-05,585581852.0,Beverages,0.0,0.0,449865324.0,139132219.25,7,27
California,40,2020-07-12,572401489.0,Beverages,585581852.0,0.0,0.0,146395463.0,7,28
California,41,2020-07-19,0.0,Beverages,572401489.0,0.0,0.0,289495835.25,7,29
California,42,2020-07-26,0.0,Beverages,0.0,556528877.0,0.0,289495835.25,7,30
California,43,2020-08-02,571725103.0,Beverages,0.0,0.0,450124199.0,289495835.25,8,31
California,44,2020-08-09,572375905.0,Beverages,571725103.0,0.0,449525601.0,286031648.0,8,32
California,45,2020-08-16,0.0,Beverages,572375905.0,0.0,0.0,286025252.0,8,33
California,46,2020-08-23,0.0,Beverages,0.0,585581852.0,0.0,286025252.0,8,34
California,47,2020-08-30,0.0,Beverages,0.0,572401489.0,467920813.0,286025252.0,8,35
California,48,2020-09-06,590828387.0,Beverages,0.0,0.0,446322189.0,143093976.25,9,36
California,49,2020-09-13,0.0,Beverages,590828387.0,0.0,0.0,147707096.75,9,37
California,50,2020-09-20,0.0,Beverages,0.0,571725103.0,0.0,147707096.75,9,38
California,51,2020-09-27,0.0,Beverages,0.0,572375905.0,488089630.0,147707096.75,9,39
California,52,2020-10-04,554931497.0,Beverages,0.0,0.0,504525418.0,147707096.75,10,40
California,53,2020-10-11,543419228.0,Beverages,554931497.0,0.0,0.0,138732874.25,10,41
California,54,2020-10-18,0.0,Beverages,543419228.0,0.0,0.0,274587681.25,10,42
California,55,2020-10-25,0.0,Beverages,0.0,590828387.0,0.0,274587681.25,10,43
California,56,2020-11-01,517917263.0,Beverages,0.0,0.0,489779220.0,274587681.25,11,44
California,57,2020-11-08,513811149.0,Beverages,517917263.0,0.0,484255477.0,265334122.75,11,45
California,58,2020-11-15,0.0,Beverages,513811149.0,0.0,0.0,257932103.0,11,46
California,59,2020-11-22,0.0,Beverages,0.0,554931497.0,0.0,257932103.0,11,47
California,60,2020-11-29,0.0,Beverages,0.0,543419228.0,523453599.0,257932103.0,11,48
California,61,2020-12-06,479476192.0,Beverages,0.0,0.0,532766128.0,128452787.25,12,49
California,62,2020-12-13,0.0,Beverages,479476192.0,0.0,0.0,119869048.0,12,50
California,63,2020-12-20,0.0,Beverages,0.0,517917263.0,0.0,119869048.0,12,51
California,64,2020-12-27,0.0,Beverages,0.0,513811149.0,0.0,119869048.0,12,52
California,65,2021-01-03,479823371.0,Beverages,0.0,0.0,556528877.0,119869048.0,1,53
California,66,2021-01-10,478632113.0,Beverages,479823371.0,0.0,0.0,119955842.75,1,1
California,67,2021-01-17,0.0,Beverages,478632113.0,0.0,0.0,239613871.0,1,2
California,68,2021-01-24,0.0,Beverages,0.0,479476192.0,0.0,239613871.0,1,3
California,69,2021-01-31,0.0,Beverages,0.0,0.0,585581852.0,239613871.0,1,4
California,70,2021-02-07,494320647.0,Beverages,0.0,0.0,572401489.0,119658028.25,2,5
California,71,2021-02-14,0.0,Beverages,494320647.0,0.0,0.0,123580161.75,2,6
California,72,2021-02-21,0.0,Beverages,0.0,479823371.0,0.0,123580161.75,2,7
California,73,2021-02-28,0.0,Beverages,0.0,478632113.0,571725103.0,123580161.75,2,8
California,74,2021-03-07,538794933.0,Beverages,0.0,0.0,572375905.0,123580161.75,3,9
California,75,2021-03-14,0.0,Beverages,538794933.0,0.0,0.0,134698733.25,3,10
California,76,2021-03-21,0.0,Beverages,0.0,0.0,0.0,134698733.25,3,11
California,77,2021-03-28,0.0,Beverages,0.0,494320647.0,0.0,134698733.25,3,12
California,78,2021-04-04,536621575.0,Beverages,0.0,0.0,590828387.0,134698733.25,4,13
California,79,2021-04-11,508801549.0,Beverages,536621575.0,0.0,0.0,134155393.75,4,14
California,80,2021-04-18,0.0,Beverages,508801549.0,0.0,0.0,261355781.0,4,15
California,81,2021-04-25,0.0,Beverages,0.0,538794933.0,0.0,261355781.0,4,16
California,82,2021-05-02,552679135.0,Beverages,0.0,0.0,554931497.0,261355781.0,5,17
California,83,2021-05-09,576813823.0,Beverages,552679135.0,0.0,543419228.0,265370171.0,5,18
California,84,2021-05-16,0.0,Beverages,576813823.0,0.0,0.0,282373239.5,5,19
California,85,2021-05-23,0.0,Beverages,0.0,536621575.0,0.0,282373239.5,5,20
California,86,2021-05-30,0.0,Beverages,0.0,508801549.0,517917263.0,282373239.5,5,21
California,87,2021-06-06,578471229.0,Beverages,0.0,0.0,513811149.0,144203455.75,6,22
California,88,2021-06-13,0.0,Beverages,578471229.0,0.0,0.0,144617807.25,6,23
California,89,2021-06-20,0.0,Beverages,0.0,552679135.0,0.0,144617807.25,6,24
California,90,2021-06-27,0.0,Beverages,0.0,576813823.0,0.0,144617807.25,6,25
California,91,2021-07-04,622923228.0,Beverages,0.0,0.0,479476192.0,144617807.25,7,26
California,92,2021-07-11,612497091.0,Beverages,622923228.0,0.0,0.0,155730807.0,7,27
California,93,2021-07-18,0.0,Beverages,612497091.0,0.0,0.0,308855079.75,7,28
California,94,2021-07-25,0.0,Beverages,0.0,578471229.0,0.0,308855079.75,7,29
California,95,2021-08-01,602999392.0,Beverages,0.0,0.0,479823371.0,308855079.75,8,30
California,96,2021-08-08,611364709.0,Beverages,602999392.0,0.0,478632113.0,303874120.75,8,31
California,97,2021-08-15,0.0,Beverages,611364709.0,0.0,0.0,303591025.25,8,32
California,98,2021-08-22,0.0,Beverages,0.0,622923228.0,0.0,303591025.25,8,33
California,99,2021-08-29,0.0,Beverages,0.0,612497091.0,0.0,303591025.25,8,34
California,100,2021-09-05,625640392.0,Beverages,0.0,0.0,494320647.0,152841177.25,9,35
California,101,2021-09-12,602636475.0,Beverages,625640392.0,0.0,0.0,156410098.0,9,36
California,102,2021-09-19,0.0,Beverages,602636475.0,602999392.0,0.0,307069216.75,9,37
California,103,2021-09-26,0.0,Beverages,0.0,611364709.0,0.0,307069216.75,9,38
California,104,2021-10-03,847187815.0,Beverages,0.0,0.0,538794933.0,307069216.75,10,39
California,105,2021-10-10,815989724.0,Beverages,847187815.0,0.0,0.0,362456072.5,10,40
California,106,2021-10-17,0.0,Beverages,815989724.0,0.0,0.0,415794384.75,10,41
California,107,2021-10-24,0.0,Beverages,0.0,625640392.0,0.0,415794384.75,10,42
California,108,2021-10-31,0.0,Beverages,0.0,602636475.0,536621575.0,415794384.75,10,43
California,109,2021-11-07,783320346.0,Beverages,0.0,0.0,508801549.0,203997431.0,11,44
California,110,2021-11-14,0.0,Beverages,783320346.0,0.0,0.0,195830086.5,11,45
California,111,2021-11-21,0.0,Beverages,0.0,847187815.0,0.0,195830086.5,11,46
California,112,2021-11-28,0.0,Beverages,0.0,815989724.0,552679135.0,195830086.5,11,47
California,113,2021-12-05,748674115.0,Beverages,0.0,0.0,576813823.0,195830086.5,12,48
California,114,2021-12-12,755743320.0,Beverages,748674115.0,0.0,0.0,187168528.75,12,49
California,115,2021-12-19,0.0,Beverages,755743320.0,0.0,0.0,376104358.75,12,50
California,116,2021-12-26,0.0,Beverages,0.0,783320346.0,0.0,376104358.75,12,51
California,117,2022-01-02,729386633.0,Beverages,0.0,0.0,578471229.0,376104358.75,1,52
California,118,2022-01-09,736430207.0,Beverages,729386633.0,0.0,0.0,371282488.25,1,1
California,119,2022-01-16,0.0,Beverages,736430207.0,0.0,0.0,366454210.0,1,2
California,120,2022-01-23,0.0,Beverages,0.0,748674115.0,0.0,366454210.0,1,3
California,121,2022-01-30,0.0,Beverages,0.0,755743320.0,622923228.0,366454210.0,1,4
California,122,2022-02-06,745632437.0,Beverages,0.0,0.0,612497091.0,184107551.75,2,5
California,123,2022-02-13,0.0,Beverages,745632437.0,0.0,0.0,186408109.25,2,6
California,124,2022-02-20,0.0,Beverages,0.0,729386633.0,0.0,186408109.25,2,7
California,125,2022-02-27,0.0,Beverages,0.0,736430207.0,602999392.0,186408109.25,2,8
California,126,2022-03-06,775923009.0,Beverages,0.0,0.0,611364709.0,186408109.25,3,9
California,127,2022-03-13,0.0,Beverages,775923009.0,0.0,0.0,193980752.25,3,10
California,128,2022-03-20,0.0,Beverages,0.0,0.0,0.0,193980752.25,3,11
California,129,2022-03-27,0.0,Beverages,0.0,745632437.0,0.0,193980752.25,3,12
California,130,2022-04-03,819513915.0,Beverages,0.0,0.0,625640392.0,193980752.25,4,13
California,131,2022-04-10,831441980.0,Beverages,819513915.0,0.0,602636475.0,204878478.75,4,14
California,132,2022-04-17,0.0,Beverages,831441980.0,0.0,0.0,412738973.75,4,15
California,133,2022-04-24,0.0,Beverages,0.0,775923009.0,0.0,412738973.75,4,16
California,134,2022-05-01,822427062.0,Beverages,0.0,0.0,847187815.0,412738973.75,5,17
California,135,2022-05-08,837782910.0,Beverages,822427062.0,0.0,815989724.0,413467260.5,5,18
California,136,2022-05-15,0.0,Beverages,837782910.0,0.0,0.0,415052493.0,5,19
California,137,2022-05-22,0.0,Beverages,0.0,819513915.0,0.0,415052493.0,5,20
California,138,2022-05-29,0.0,Beverages,0.0,831441980.0,0.0,415052493.0,5,21
California,139,2022-06-05,867362897.0,Beverages,0.0,0.0,783320346.0,209445727.5,6,22
California,140,2022-06-12,894410020.0,Beverages,867362897.0,0.0,0.0,216840724.25,6,23
California,141,2022-06-19,0.0,Beverages,894410020.0,822427062.0,0.0,440443229.25,6,24
California,142,2022-06-26,0.0,Beverages,0.0,837782910.0,0.0,440443229.25,6,25
California,143,2022-07-03,935576185.0,Beverages,0.0,0.0,748674115.0,440443229.25,7,26
California,144,2022-07-10,892737988.0,Beverages,935576185.0,0.0,755743320.0,457496551.25,7,27
California,145,2022-07-17,0.0,Beverages,892737988.0,0.0,0.0,457078543.25,7,28
California,146,2022-07-24,0.0,Beverages,0.0,867362897.0,0.0,457078543.25,7,29
California,147,2022-07-31,0.0,Beverages,0.0,894410020.0,729386633.0,457078543.25,7,30
California,148,2022-08-07,925362008.0,Beverages,0.0,0.0,736430207.0,223184497.0,8,31
California,149,2022-08-14,0.0,Beverages,925362008.0,0.0,0.0,231340502.0,8,32
California,150,2022-08-21,0.0,Beverages,0.0,935576185.0,0.0,231340502.0,8,33
California,151,2022-08-28,0.0,Beverages,0.0,892737988.0,0.0,231340502.0,8,34
California,152,2022-09-04,953230705.0,Beverages,0.0,0.0,745632437.0,231340502.0,9,35
California,153,2022-09-11,941975597.0,Beverages,953230705.0,0.0,0.0,238307676.25,9,36
California,154,2022-09-18,0.0,Beverages,941975597.0,0.0,0.0,473801575.5,9,37
California,155,2022-09-25,0.0,Beverages,0.0,925362008.0,0.0,473801575.5,9,38
California,156,2022-10-02,856445643.0,Beverages,0.0,0.0,775923009.0,473801575.5,10,39
California,157,2022-10-09,866381839.0,Beverages,856445643.0,0.0,0.0,449605310.0,10,40
California,158,2022-10-16,0.0,Beverages,866381839.0,0.0,0.0,430706870.5,10,41
California,159,2022-10-23,0.0,Beverages,0.0,953230705.0,0.0,430706870.5,10,42
California,160,2022-10-30,0.0,Beverages,0.0,941975597.0,819513915.0,430706870.5,10,43
California,161,2022-11-06,813144569.0,Beverages,0.0,0.0,831441980.0,216595459.75,11,44
California,162,2022-11-13,0.0,Beverages,813144569.0,0.0,0.0,203286142.25,11,45
California,163,2022-11-20,0.0,Beverages,0.0,856445643.0,0.0,203286142.25,11,46
California,164,2022-11-27,0.0,Beverages,0.0,866381839.0,822427062.0,203286142.25,11,47
California,165,2022-12-04,764715118.0,Beverages,0.0,0.0,837782910.0,203286142.25,12,48
California,166,2022-12-11,779963946.0,Beverages,764715118.0,0.0,0.0,191178779.5,12,49
California,167,2022-12-18,0.0,Beverages,779963946.0,0.0,0.0,386169766.0,12,50
California,168,2022-12-25,0.0,Beverages,0.0,813144569.0,0.0,386169766.0,12,51
California,169,2023-01-01,756579579.0,Beverages,0.0,0.0,867362897.0,386169766.0,1,52
California,170,2023-01-08,756624460.0,Beverages,756579579.0,0.0,894410020.0,384135881.25,1,1
California,171,2023-01-15,0.0,Beverages,756624460.0,0.0,0.0,378301009.75,1,2
California,172,2023-01-22,0.0,Beverages,0.0,764715118.0,0.0,378301009.75,1,3
California,173,2023-01-29,0.0,Beverages,0.0,779963946.0,935576185.0,378301009.75,1,4
California,174,2023-02-05,787384368.0,Beverages,0.0,0.0,892737988.0,189156115.0,2,5
California,175,2023-02-12,845801292.0,Beverages,787384368.0,0.0,0.0,196846092.0,2,6
California,176,2023-02-19,0.0,Beverages,845801292.0,756579579.0,0.0,408296415.0,2,7
California,177,2023-02-26,0.0,Beverages,0.0,756624460.0,0.0,408296415.0,2,8
California,178,2023-03-05,839560396.0,Beverages,0.0,0.0,925362008.0,408296415.0,3,9
California,179,2023-03-12,921784604.0,Beverages,839560396.0,0.0,0.0,421340422.0,3,10
California,180,2023-03-19,0.0,Beverages,921784604.0,0.0,0.0,440336250.0,3,11
California,181,2023-03-26,0.0,Beverages,0.0,787384368.0,0.0,440336250.0,3,12
California,182,2023-04-02,813344182.0,Beverages,0.0,845801292.0,953230705.0,440336250.0,4,13
California,183,2023-04-09,860323110.0,Beverages,813344182.0,0.0,941975597.0,433782196.5,4,14
California,184,2023-04-16,0.0,Beverages,860323110.0,0.0,0.0,418416823.0,4,15
California,185,2023-04-23,0.0,Beverages,0.0,839560396.0,0.0,418416823.0,4,16
California,186,2023-04-30,0.0,Beverages,0.0,921784604.0,856445643.0,418416823.0,4,17
California,187,2023-05-07,883254116.0,Beverages,0.0,0.0,866381839.0,215080777.5,5,18
Colorado,30,2020-05-03,105416647.0,Beverages,0.0,0.0,100423016.0,49240199.25,5,18
Colorado,31,2020-05-10,105115083.0,Beverages,105416647.0,0.0,0.0,51457735.75,5,19
Colorado,32,2020-05-17,0.0,Beverages,105115083.0,0.0,0.0,52632932.5,5,20
Colorado,33,2020-05-24,0.0,Beverages,0.0,96546501.0,0.0,52632932.5,5,21
Colorado,34,2020-05-31,0.0,Beverages,0.0,100414296.0,92194329.0,52632932.5,5,22
Colorado,35,2020-06-07,115018399.0,Beverages,0.0,0.0,95171405.0,26278770.75,6,23
Colorado,36,2020-06-14,0.0,Beverages,115018399.0,0.0,0.0,28754599.75,6,24
Colorado,37,2020-06-21,0.0,Beverages,0.0,105416647.0,0.0,28754599.75,6,25
Colorado,38,2020-06-28,0.0,Beverages,0.0,105115083.0,89816716.0,28754599.75,6,26
Colorado,39,2020-07-05,124000018.0,Beverages,0.0,0.0,92967545.0,28754599.75,7,27
Colorado,40,2020-07-12,119333472.0,Beverages,124000018.0,0.0,0.0,31000004.5,7,28
Colorado,41,2020-07-19,0.0,Beverages,119333472.0,0.0,0.0,60833372.5,7,29
Colorado,42,2020-07-26,0.0,Beverages,0.0,115018399.0,0.0,60833372.5,7,30
Colorado,43,2020-08-02,116777704.0,Beverages,0.0,0.0,93858490.0,60833372.5,8,31
Colorado,44,2020-08-09,119457331.0,Beverages,116777704.0,0.0,94406018.0,59027794.0,8,32
Colorado,45,2020-08-16,0.0,Beverages,119457331.0,0.0,0.0,59058758.75,8,33
Colorado,46,2020-08-23,0.0,Beverages,0.0,124000018.0,0.0,59058758.75,8,34
Colorado,47,2020-08-30,0.0,Beverages,0.0,119333472.0,96637422.0,59058758.75,8,35
Colorado,48,2020-09-06,115955629.0,Beverages,0.0,0.0,91717705.0,29864332.75,9,36
Colorado,49,2020-09-13,0.0,Beverages,115955629.0,0.0,0.0,28988907.25,9,37
Colorado,50,2020-09-20,0.0,Beverages,0.0,116777704.0,0.0,28988907.25,9,38
Colorado,51,2020-09-27,0.0,Beverages,0.0,119457331.0,98316102.0,28988907.25,9,39
Colorado,52,2020-10-04,106364272.0,Beverages,0.0,0.0,103348721.0,28988907.25,10,40
Colorado,53,2020-10-11,107613660.0,Beverages,106364272.0,0.0,0.0,26591068.0,10,41
Colorado,54,2020-10-18,0.0,Beverages,107613660.0,0.0,0.0,53494483.0,10,42
Colorado,55,2020-10-25,0.0,Beverages,0.0,115955629.0,0.0,53494483.0,10,43
Colorado,56,2020-11-01,97188916.0,Beverages,0.0,0.0,96546501.0,53494483.0,11,44
Colorado,57,2020-11-08,104033043.0,Beverages,97188916.0,0.0,100414296.0,51200644.0,11,45
Colorado,58,2020-11-15,0.0,Beverages,104033043.0,0.0,0.0,50305489.75,11,46
Colorado,59,2020-11-22,0.0,Beverages,0.0,106364272.0,0.0,50305489.75,11,47
Colorado,60,2020-11-29,0.0,Beverages,0.0,107613660.0,105416647.0,50305489.75,11,48
Colorado,61,2020-12-06,97886273.0,Beverages,0.0,0.0,105115083.0,26008260.75,12,49
Colorado,62,2020-12-13,0.0,Beverages,97886273.0,0.0,0.0,24471568.25,12,50
Colorado,63,2020-12-20,0.0,Beverages,0.0,97188916.0,0.0,24471568.25,12,51
Colorado,64,2020-12-27,0.0,Beverages,0.0,104033043.0,0.0,24471568.25,12,52
Colorado,65,2021-01-03,99516019.0,Beverages,0.0,0.0,115018399.0,24471568.25,1,53
Colorado,66,2021-01-10,99984581.0,Beverages,99516019.0,0.0,0.0,24879004.75,1,1
Colorado,67,2021-01-17,0.0,Beverages,99984581.0,0.0,0.0,49875150.0,1,2
Colorado,68,2021-01-24,0.0,Beverages,0.0,97886273.0,0.0,49875150.0,1,3
Colorado,69,2021-01-31,0.0,Beverages,0.0,0.0,124000018.0,49875150.0,1,4
Colorado,70,2021-02-07,101010049.0,Beverages,0.0,0.0,119333472.0,24996145.25,2,5
Colorado,71,2021-02-14,0.0,Beverages,101010049.0,0.0,0.0,25252512.25,2,6
Colorado,72,2021-02-21,0.0,Beverages,0.0,99516019.0,0.0,25252512.25,2,7
Colorado,73,2021-02-28,0.0,Beverages,0.0,99984581.0,116777704.0,25252512.25,2,8
Colorado,74,2021-03-07,110131176.0,Beverages,0.0,0.0,119457331.0,25252512.25,3,9
Colorado,75,2021-03-14,0.0,Beverages,110131176.0,0.0,0.0,27532794.0,3,10
Colorado,76,2021-03-21,0.0,Beverages,0.0,0.0,0.0,27532794.0,3,11
Colorado,77,2021-03-28,0.0,Beverages,0.0,101010049.0,0.0,27532794.0,3,12
Colorado,78,2021-04-04,104844289.0,Beverages,0.0,0.0,115955629.0,27532794.0,4,13
Colorado,79,2021-04-11,107102293.0,Beverages,104844289.0,0.0,0.0,26211072.25,4,14
Colorado,80,2021-04-18,0.0,Beverages,107102293.0,0.0,0.0,52986645.5,4,15
Colorado,81,2021-04-25,0.0,Beverages,0.0,110131176.0,0.0,52986645.5,4,16
Colorado,82,2021-05-02,113113760.0,Beverages,0.0,0.0,106364272.0,52986645.5,5,17
Colorado,83,2021-05-09,112816691.0,Beverages,113113760.0,0.0,107613660.0,55054013.25,5,18
Colorado,84,2021-05-16,0.0,Beverages,112816691.0,0.0,0.0,56482612.75,5,19
Colorado,85,2021-05-23,0.0,Beverages,0.0,104844289.0,0.0,56482612.75,5,20
Colorado,86,2021-05-30,0.0,Beverages,0.0,107102293.0,97188916.0,56482612.75,5,21
Colorado,87,2021-06-06,121425334.0,Beverages,0.0,0.0,104033043.0,28204172.75,6,22
Colorado,88,2021-06-13,0.0,Beverages,121425334.0,0.0,0.0,30356333.5,6,23
Colorado,89,2021-06-20,0.0,Beverages,0.0,113113760.0,0.0,30356333.5,6,24
Colorado,90,2021-06-27,0.0,Beverages,0.0,112816691.0,0.0,30356333.5,6,25
Colorado,91,2021-07-04,129578194.0,Beverages,0.0,0.0,97886273.0,30356333.5,7,26
Colorado,92,2021-07-11,127485651.0,Beverages,129578194.0,0.0,0.0,32394548.5,7,27
Colorado,93,2021-07-18,0.0,Beverages,127485651.0,0.0,0.0,64265961.25,7,28
Colorado,94,2021-07-25,0.0,Beverages,0.0,121425334.0,0.0,64265961.25,7,29
Colorado,95,2021-08-01,123397870.0,Beverages,0.0,0.0,99516019.0,64265961.25,8,30
Colorado,96,2021-08-08,126279291.0,Beverages,123397870.0,0.0,99984581.0,62720880.25,8,31
Colorado,97,2021-08-15,0.0,Beverages,126279291.0,0.0,0.0,62419290.25,8,32
Colorado,98,2021-08-22,0.0,Beverages,0.0,129578194.0,0.0,62419290.25,8,33
Colorado,99,2021-08-29,0.0,Beverages,0.0,127485651.0,0.0,62419290.25,8,34
Colorado,100,2021-09-05,125204216.0,Beverages,0.0,0.0,101010049.0,31569822.75,9,35
Colorado,101,2021-09-12,117995179.0,Beverages,125204216.0,0.0,0.0,31301054.0,9,36
Colorado,102,2021-09-19,0.0,Beverages,117995179.0,123397870.0,0.0,60799848.75,9,37
Colorado,103,2021-09-26,0.0,Beverages,0.0,126279291.0,0.0,60799848.75,9,38
Colorado,104,2021-10-03,164057354.0,Beverages,0.0,0.0,110131176.0,60799848.75,10,39
Colorado,105,2021-10-10,163295548.0,Beverages,164057354.0,0.0,0.0,70513133.25,10,40
Colorado,106,2021-10-17,0.0,Beverages,163295548.0,0.0,0.0,81838225.5,10,41
Colorado,107,2021-10-24,0.0,Beverages,0.0,125204216.0,0.0,81838225.5,10,42
Colorado,108,2021-10-31,0.0,Beverages,0.0,117995179.0,104844289.0,81838225.5,10,43
Colorado,109,2021-11-07,156696702.0,Beverages,0.0,0.0,107102293.0,40823887.0,11,44
Colorado,110,2021-11-14,0.0,Beverages,156696702.0,0.0,0.0,39174175.5,11,45
Colorado,111,2021-11-21,0.0,Beverages,0.0,164057354.0,0.0,39174175.5,11,46
Colorado,112,2021-11-28,0.0,Beverages,0.0,163295548.0,113113760.0,39174175.5,11,47
Colorado,113,2021-12-05,151955870.0,Beverages,0.0,0.0,112816691.0,39174175.5,12,48
Colorado,114,2021-12-12,158281659.0,Beverages,151955870.0,0.0,0.0,37988967.5,12,49
Colorado,115,2021-12-19,0.0,Beverages,158281659.0,0.0,0.0,77559382.25,12,50
Colorado,116,2021-12-26,0.0,Beverages,0.0,156696702.0,0.0,77559382.25,12,51
Colorado,117,2022-01-02,151947526.0,Beverages,0.0,0.0,121425334.0,77559382.25,1,52
Colorado,118,2022-01-09,153105243.0,Beverages,151947526.0,0.0,0.0,77557296.25,1,1
Colorado,119,2022-01-16,0.0,Beverages,153105243.0,0.0,0.0,76263192.25,1,2
Colorado,120,2022-01-23,0.0,Beverages,0.0,151955870.0,0.0,76263192.25,1,3
Colorado,121,2022-01-30,0.0,Beverages,0.0,158281659.0,129578194.0,76263192.25,1,4
Colorado,122,2022-02-06,153916049.0,Beverages,0.0,0.0,127485651.0,38276310.75,2,5
Colorado,123,2022-02-13,0.0,Beverages,153916049.0,0.0,0.0,38479012.25,2,6
Colorado,124,2022-02-20,0.0,Beverages,0.0,151947526.0,0.0,38479012.25,2,7
Colorado,125,2022-02-27,0.0,Beverages,0.0,153105243.0,123397870.0,38479012.25,2,8
Colorado,126,2022-03-06,162120987.0,Beverages,0.0,0.0,126279291.0,38479012.25,3,9
Colorado,127,2022-03-13,0.0,Beverages,162120987.0,0.0,0.0,40530246.75,3,10
Colorado,128,2022-03-20,0.0,Beverages,0.0,0.0,0.0,40530246.75,3,11
Colorado,129,2022-03-27,0.0,Beverages,0.0,153916049.0,0.0,40530246.75,3,12
Colorado,130,2022-04-03,166188104.0,Beverages,0.0,0.0,125204216.0,40530246.75,4,13
Colorado,131,2022-04-10,164003270.0,Beverages,166188104.0,0.0,117995179.0,41547026.0,4,14
Colorado,132,2022-04-17,0.0,Beverages,164003270.0,0.0,0.0,82547843.5,4,15
Colorado,133,2022-04-24,0.0,Beverages,0.0,162120987.0,0.0,82547843.5,4,16
Colorado,134,2022-05-01,166665063.0,Beverages,0.0,0.0,164057354.0,82547843.5,5,17
Colorado,135,2022-05-08,168274038.0,Beverages,166665063.0,0.0,163295548.0,82667083.25,5,18
Colorado,136,2022-05-15,0.0,Beverages,168274038.0,0.0,0.0,83734775.25,5,19
Colorado,137,2022-05-22,0.0,Beverages,0.0,166188104.0,0.0,83734775.25,5,20
Colorado,138,2022-05-29,0.0,Beverages,0.0,164003270.0,0.0,83734775.25,5,21
Colorado,139,2022-06-05,176922383.0,Beverages,0.0,0.0,156696702.0,42068509.5,6,22
Colorado,140,2022-06-12,189261835.0,Beverages,176922383.0,0.0,0.0,44230595.75,6,23
Colorado,141,2022-06-19,0.0,Beverages,189261835.0,166665063.0,0.0,91546054.5,6,24
Colorado,142,2022-06-26,0.0,Beverages,0.0,168274038.0,0.0,91546054.5,6,25
Colorado,143,2022-07-03,192748764.0,Beverages,0.0,0.0,151955870.0,91546054.5,7,26
Colorado,144,2022-07-10,188835247.0,Beverages,192748764.0,0.0,158281659.0,95502649.75,7,27
Colorado,145,2022-07-17,0.0,Beverages,188835247.0,0.0,0.0,95396002.75,7,28
Colorado,146,2022-07-24,0.0,Beverages,0.0,176922383.0,0.0,95396002.75,7,29
Colorado,147,2022-07-31,0.0,Beverages,0.0,189261835.0,151947526.0,95396002.75,7,30
Colorado,148,2022-08-07,191155092.0,Beverages,0.0,0.0,153105243.0,47208811.75,8,31
Colorado,149,2022-08-14,0.0,Beverages,191155092.0,0.0,0.0,47788773.0,8,32
Colorado,150,2022-08-21,0.0,Beverages,0.0,192748764.0,0.0,47788773.0,8,33
Colorado,151,2022-08-28,0.0,Beverages,0.0,188835247.0,0.0,47788773.0,8,34
Colorado,152,2022-09-04,190922801.0,Beverages,0.0,0.0,153916049.0,47788773.0,9,35
Colorado,153,2022-09-11,183501225.0,Beverages,190922801.0,0.0,0.0,47730700.25,9,36
Colorado,154,2022-09-18,0.0,Beverages,183501225.0,0.0,0.0,93606006.5,9,37
Colorado,155,2022-09-25,0.0,Beverages,0.0,191155092.0,0.0,93606006.5,9,38
Colorado,156,2022-10-02,171144803.0,Beverages,0.0,0.0,162120987.0,93606006.5,10,39
Colorado,157,2022-10-09,171131407.0,Beverages,171144803.0,0.0,0.0,88661507.0,10,40
Colorado,158,2022-10-16,0.0,Beverages,171131407.0,0.0,0.0,85569052.5,10,41
Colorado,159,2022-10-23,0.0,Beverages,0.0,190922801.0,0.0,85569052.5,10,42
Colorado,160,2022-10-30,0.0,Beverages,0.0,183501225.0,166188104.0,85569052.5,10,43
Colorado,161,2022-11-06,163509210.0,Beverages,0.0,0.0,164003270.0,42782851.75,11,44
Colorado,162,2022-11-13,0.0,Beverages,163509210.0,0.0,0.0,40877302.5,11,45
Colorado,163,2022-11-20,0.0,Beverages,0.0,171144803.0,0.0,40877302.5,11,46
Colorado,164,2022-11-27,0.0,Beverages,0.0,171131407.0,166665063.0,40877302.5,11,47
Colorado,165,2022-12-04,158470699.0,Beverages,0.0,0.0,168274038.0,40877302.5,12,48
Colorado,166,2022-12-11,166933507.0,Beverages,158470699.0,0.0,0.0,39617674.75,12,49
Colorado,167,2022-12-18,0.0,Beverages,166933507.0,0.0,0.0,81351051.5,12,50
Colorado,168,2022-12-25,0.0,Beverages,0.0,163509210.0,0.0,81351051.5,12,51
Colorado,169,2023-01-01,157223682.0,Beverages,0.0,0.0,176922383.0,81351051.5,1,52
Colorado,170,2023-01-08,159222412.0,Beverages,157223682.0,0.0,189261835.0,81039297.25,1,1
Colorado,171,2023-01-15,0.0,Beverages,159222412.0,0.0,0.0,79111523.5,1,2
Colorado,172,2023-01-22,0.0,Beverages,0.0,158470699.0,0.0,79111523.5,1,3
Colorado,173,2023-01-29,0.0,Beverages,0.0,166933507.0,192748764.0,79111523.5,1,4
Colorado,174,2023-02-05,160037908.0,Beverages,0.0,0.0,188835247.0,39805603.0,2,5
Colorado,175,2023-02-12,167733877.0,Beverages,160037908.0,0.0,0.0,40009477.0,2,6
Colorado,176,2023-02-19,0.0,Beverages,167733877.0,157223682.0,0.0,81942946.25,2,7
Colorado,177,2023-02-26,0.0,Beverages,0.0,159222412.0,0.0,81942946.25,2,8
Colorado,178,2023-03-05,176596202.0,Beverages,0.0,0.0,191155092.0,81942946.25,3,9
Colorado,179,2023-03-12,187274807.0,Beverages,176596202.0,0.0,0.0,86082519.75,3,10
Colorado,180,2023-03-19,0.0,Beverages,187274807.0,0.0,0.0,90967752.25,3,11
Colorado,181,2023-03-26,0.0,Beverages,0.0,160037908.0,0.0,90967752.25,3,12
Colorado,182,2023-04-02,164277029.0,Beverages,0.0,167733877.0,190922801.0,90967752.25,4,13
Colorado,183,2023-04-09,176090726.0,Beverages,164277029.0,0.0,183501225.0,87887959.0,4,14
Colorado,184,2023-04-16,0.0,Beverages,176090726.0,0.0,0.0,85091938.75,4,15
Colorado,185,2023-04-23,0.0,Beverages,0.0,176596202.0,0.0,85091938.75,4,16
Colorado,186,2023-04-30,0.0,Beverages,0.0,187274807.0,171144803.0,85091938.75,4,17
Colorado,187,2023-05-07,184271719.0,Beverages,0.0,0.0,171131407.0,44022681.5,5,18
Connecticut,30,2020-05-03,52974800.0,Beverages,0.0,0.0,53879306.0,26765587.75,5,18
Connecticut,31,2020-05-10,54553226.0,Beverages,52974800.0,0.0,0.0,26601464.75,5,19
Connecticut,32,2020-05-17,0.0,Beverages,54553226.0,0.0,0.0,26882006.5,5,20
Connecticut,33,2020-05-24,0.0,Beverages,0.0,53631292.0,0.0,26882006.5,5,21
Connecticut,34,2020-05-31,0.0,Beverages,0.0,53431059.0,48505473.0,26882006.5,5,22
Connecticut,35,2020-06-07,59096839.0,Beverages,0.0,0.0,51251705.0,13638306.5,6,23
Connecticut,36,2020-06-14,0.0,Beverages,59096839.0,0.0,0.0,14774209.75,6,24
Connecticut,37,2020-06-21,0.0,Beverages,0.0,52974800.0,0.0,14774209.75,6,25
Connecticut,38,2020-06-28,0.0,Beverages,0.0,54553226.0,49715400.0,14774209.75,6,26
Connecticut,39,2020-07-05,64622007.0,Beverages,0.0,0.0,50434583.0,14774209.75,7,27
Connecticut,40,2020-07-12,58824664.0,Beverages,64622007.0,0.0,0.0,16155501.75,7,28
Connecticut,41,2020-07-19,0.0,Beverages,58824664.0,0.0,0.0,30861667.75,7,29
Connecticut,42,2020-07-26,0.0,Beverages,0.0,59096839.0,0.0,30861667.75,7,30
Connecticut,43,2020-08-02,61118341.0,Beverages,0.0,0.0,51480725.0,30861667.75,8,31
Connecticut,44,2020-08-09,61462743.0,Beverages,61118341.0,0.0,48415564.0,29985751.25,8,32
Connecticut,45,2020-08-16,0.0,Beverages,61462743.0,0.0,0.0,30645271.0,8,33
Connecticut,46,2020-08-23,0.0,Beverages,0.0,64622007.0,0.0,30645271.0,8,34
Connecticut,47,2020-08-30,0.0,Beverages,0.0,58824664.0,47694239.0,30645271.0,8,35
Connecticut,48,2020-09-06,57635875.0,Beverages,0.0,0.0,49722500.0,15365685.75,9,36
Connecticut,49,2020-09-13,0.0,Beverages,57635875.0,0.0,0.0,14408968.75,9,37
Connecticut,50,2020-09-20,0.0,Beverages,0.0,61118341.0,0.0,14408968.75,9,38
Connecticut,51,2020-09-27,0.0,Beverages,0.0,61462743.0,49149289.0,14408968.75,9,39
Connecticut,52,2020-10-04,55141356.0,Beverages,0.0,0.0,54082294.0,14408968.75,10,40
Connecticut,53,2020-10-11,52812896.0,Beverages,55141356.0,0.0,0.0,13785339.0,10,41
Connecticut,54,2020-10-18,0.0,Beverages,52812896.0,0.0,0.0,26988563.0,10,42
Connecticut,55,2020-10-25,0.0,Beverages,0.0,57635875.0,0.0,26988563.0,10,43
Connecticut,56,2020-11-01,49676493.0,Beverages,0.0,0.0,53631292.0,26988563.0,11,44
Connecticut,57,2020-11-08,53427773.0,Beverages,49676493.0,0.0,53431059.0,25622347.25,11,45
Connecticut,58,2020-11-15,0.0,Beverages,53427773.0,0.0,0.0,25776066.5,11,46
Connecticut,59,2020-11-22,0.0,Beverages,0.0,55141356.0,0.0,25776066.5,11,47
Connecticut,60,2020-11-29,0.0,Beverages,0.0,52812896.0,52974800.0,25776066.5,11,48
Connecticut,61,2020-12-06,50343532.0,Beverages,0.0,0.0,54553226.0,13356943.25,12,49
Connecticut,62,2020-12-13,0.0,Beverages,50343532.0,0.0,0.0,12585883.0,12,50
Connecticut,63,2020-12-20,0.0,Beverages,0.0,49676493.0,0.0,12585883.0,12,51
Connecticut,64,2020-12-27,0.0,Beverages,0.0,53427773.0,0.0,12585883.0,12,52
Connecticut,65,2021-01-03,51177328.0,Beverages,0.0,0.0,59096839.0,12585883.0,1,53
Connecticut,66,2021-01-10,50935534.0,Beverages,51177328.0,0.0,0.0,12794332.0,1,1
Connecticut,67,2021-01-17,0.0,Beverages,50935534.0,0.0,0.0,25528215.5,1,2
Connecticut,68,2021-01-24,0.0,Beverages,0.0,50343532.0,0.0,25528215.5,1,3
Connecticut,69,2021-01-31,0.0,Beverages,0.0,0.0,64622007.0,25528215.5,1,4
Connecticut,70,2021-02-07,53205535.0,Beverages,0.0,0.0,58824664.0,12733883.5,2,5
Connecticut,71,2021-02-14,0.0,Beverages,53205535.0,0.0,0.0,13301383.75,2,6
Connecticut,72,2021-02-21,0.0,Beverages,0.0,51177328.0,0.0,13301383.75,2,7
Connecticut,73,2021-02-28,0.0,Beverages,0.0,50935534.0,61118341.0,13301383.75,2,8
Connecticut,74,2021-03-07,55369443.0,Beverages,0.0,0.0,61462743.0,13301383.75,3,9
Connecticut,75,2021-03-14,0.0,Beverages,55369443.0,0.0,0.0,13842360.75,3,10
Connecticut,76,2021-03-21,0.0,Beverages,0.0,0.0,0.0,13842360.75,3,11
Connecticut,77,2021-03-28,0.0,Beverages,0.0,53205535.0,0.0,13842360.75,3,12
Connecticut,78,2021-04-04,55135293.0,Beverages,0.0,0.0,57635875.0,13842360.75,4,13
Connecticut,79,2021-04-11,54576849.0,Beverages,55135293.0,0.0,0.0,13783823.25,4,14
Connecticut,80,2021-04-18,0.0,Beverages,54576849.0,0.0,0.0,27428035.5,4,15
Connecticut,81,2021-04-25,0.0,Beverages,0.0,55369443.0,0.0,27428035.5,4,16
Connecticut,82,2021-05-02,56650299.0,Beverages,0.0,0.0,55141356.0,27428035.5,5,17
Connecticut,83,2021-05-09,58135893.0,Beverages,56650299.0,0.0,52812896.0,27806787.0,5,18
Connecticut,84,2021-05-16,0.0,Beverages,58135893.0,0.0,0.0,28696548.0,5,19
Connecticut,85,2021-05-23,0.0,Beverages,0.0,55135293.0,0.0,28696548.0,5,20
Connecticut,86,2021-05-30,0.0,Beverages,0.0,54576849.0,49676493.0,28696548.0,5,21
Connecticut,87,2021-06-06,60103152.0,Beverages,0.0,0.0,53427773.0,14533973.25,6,22
Connecticut,88,2021-06-13,0.0,Beverages,60103152.0,0.0,0.0,15025788.0,6,23
Connecticut,89,2021-06-20,0.0,Beverages,0.0,56650299.0,0.0,15025788.0,6,24
Connecticut,90,2021-06-27,0.0,Beverages,0.0,58135893.0,0.0,15025788.0,6,25
Connecticut,91,2021-07-04,65723602.0,Beverages,0.0,0.0,50343532.0,15025788.0,7,26
Connecticut,92,2021-07-11,60408636.0,Beverages,65723602.0,0.0,0.0,16430900.5,7,27
Connecticut,93,2021-07-18,0.0,Beverages,60408636.0,0.0,0.0,31533059.5,7,28
Connecticut,94,2021-07-25,0.0,Beverages,0.0,60103152.0,0.0,31533059.5,7,29
Connecticut,95,2021-08-01,62411953.0,Beverages,0.0,0.0,51177328.0,31533059.5,8,30
Connecticut,96,2021-08-08,64615188.0,Beverages,62411953.0,0.0,50935534.0,30705147.25,8,31
Connecticut,97,2021-08-15,0.0,Beverages,64615188.0,0.0,0.0,31756785.25,8,32
Connecticut,98,2021-08-22,0.0,Beverages,0.0,65723602.0,0.0,31756785.25,8,33
Connecticut,99,2021-08-29,0.0,Beverages,0.0,60408636.0,0.0,31756785.25,8,34
Connecticut,100,2021-09-05,61558290.0,Beverages,0.0,0.0,53205535.0,16153797.0,9,35
Connecticut,101,2021-09-12,58979019.0,Beverages,61558290.0,0.0,0.0,15389572.5,9,36
Connecticut,102,2021-09-19,0.0,Beverages,58979019.0,62411953.0,0.0,30134327.25,9,37
Connecticut,103,2021-09-26,0.0,Beverages,0.0,64615188.0,0.0,30134327.25,9,38
Connecticut,104,2021-10-03,85104100.0,Beverages,0.0,0.0,55369443.0,30134327.25,10,39
Connecticut,105,2021-10-10,83490394.0,Beverages,85104100.0,0.0,0.0,36020779.75,10,40
Connecticut,106,2021-10-17,0.0,Beverages,83490394.0,0.0,0.0,42148623.5,10,41
Connecticut,107,2021-10-24,0.0,Beverages,0.0,61558290.0,0.0,42148623.5,10,42
Connecticut,108,2021-10-31,0.0,Beverages,0.0,58979019.0,55135293.0,42148623.5,10,43
Connecticut,109,2021-11-07,81651391.0,Beverages,0.0,0.0,54576849.0,20872598.5,11,44
Connecticut,110,2021-11-14,0.0,Beverages,81651391.0,0.0,0.0,20412847.75,11,45
Connecticut,111,2021-11-21,0.0,Beverages,0.0,85104100.0,0.0,20412847.75,11,46
Connecticut,112,2021-11-28,0.0,Beverages,0.0,83490394.0,56650299.0,20412847.75,11,47
Connecticut,113,2021-12-05,79199934.0,Beverages,0.0,0.0,58135893.0,20412847.75,12,48
Connecticut,114,2021-12-12,80338614.0,Beverages,79199934.0,0.0,0.0,19799983.5,12,49
Connecticut,115,2021-12-19,0.0,Beverages,80338614.0,0.0,0.0,39884637.0,12,50
Connecticut,116,2021-12-26,0.0,Beverages,0.0,81651391.0,0.0,39884637.0,12,51
Connecticut,117,2022-01-02,78707960.0,Beverages,0.0,0.0,60103152.0,39884637.0,1,52
Connecticut,118,2022-01-09,79982309.0,Beverages,78707960.0,0.0,0.0,39761643.5,1,1
Connecticut,119,2022-01-16,0.0,Beverages,79982309.0,0.0,0.0,39672567.25,1,2
Connecticut,120,2022-01-23,0.0,Beverages,0.0,79199934.0,0.0,39672567.25,1,3
Connecticut,121,2022-01-30,0.0,Beverages,0.0,80338614.0,65723602.0,39672567.25,1,4
Connecticut,122,2022-02-06,78867983.0,Beverages,0.0,0.0,60408636.0,19995577.25,2,5
Connecticut,123,2022-02-13,0.0,Beverages,78867983.0,0.0,0.0,19716995.75,2,6
Connecticut,124,2022-02-20,0.0,Beverages,0.0,78707960.0,0.0,19716995.75,2,7
Connecticut,125,2022-02-27,0.0,Beverages,0.0,79982309.0,62411953.0,19716995.75,2,8
Connecticut,126,2022-03-06,81244604.0,Beverages,0.0,0.0,64615188.0,19716995.75,3,9
Connecticut,127,2022-03-13,0.0,Beverages,81244604.0,0.0,0.0,20311151.0,3,10
Connecticut,128,2022-03-20,0.0,Beverages,0.0,0.0,0.0,20311151.0,3,11
Connecticut,129,2022-03-27,0.0,Beverages,0.0,78867983.0,0.0,20311151.0,3,12
Connecticut,130,2022-04-03,83539947.0,Beverages,0.0,0.0,61558290.0,20311151.0,4,13
Connecticut,131,2022-04-10,84788564.0,Beverages,83539947.0,0.0,58979019.0,20884986.75,4,14
Connecticut,132,2022-04-17,0.0,Beverages,84788564.0,0.0,0.0,42082127.75,4,15
Connecticut,133,2022-04-24,0.0,Beverages,0.0,81244604.0,0.0,42082127.75,4,16
Connecticut,134,2022-05-01,84565667.0,Beverages,0.0,0.0,85104100.0,42082127.75,5,17
Connecticut,135,2022-05-08,87613823.0,Beverages,84565667.0,0.0,83490394.0,42338557.75,5,18
Connecticut,136,2022-05-15,0.0,Beverages,87613823.0,0.0,0.0,43044872.5,5,19
Connecticut,137,2022-05-22,0.0,Beverages,0.0,83539947.0,0.0,43044872.5,5,20
Connecticut,138,2022-05-29,0.0,Beverages,0.0,84788564.0,0.0,43044872.5,5,21
Connecticut,139,2022-06-05,92901720.0,Beverages,0.0,0.0,81651391.0,21903455.75,6,22
Connecticut,140,2022-06-12,94343154.0,Beverages,92901720.0,0.0,0.0,23225430.0,6,23
Connecticut,141,2022-06-19,0.0,Beverages,94343154.0,84565667.0,0.0,46811218.5,6,24
Connecticut,142,2022-06-26,0.0,Beverages,0.0,87613823.0,0.0,46811218.5,6,25
Connecticut,143,2022-07-03,101589519.0,Beverages,0.0,0.0,79199934.0,46811218.5,7,26
Connecticut,144,2022-07-10,94364113.0,Beverages,101589519.0,0.0,80338614.0,48983168.25,7,27
Connecticut,145,2022-07-17,0.0,Beverages,94364113.0,0.0,0.0,48988408.0,7,28
Connecticut,146,2022-07-24,0.0,Beverages,0.0,92901720.0,0.0,48988408.0,7,29
Connecticut,147,2022-07-31,0.0,Beverages,0.0,94343154.0,78707960.0,48988408.0,7,30
Connecticut,148,2022-08-07,95748091.0,Beverages,0.0,0.0,79982309.0,23591028.25,8,31
Connecticut,149,2022-08-14,0.0,Beverages,95748091.0,0.0,0.0,23937022.75,8,32
Connecticut,150,2022-08-21,0.0,Beverages,0.0,101589519.0,0.0,23937022.75,8,33
Connecticut,151,2022-08-28,0.0,Beverages,0.0,94364113.0,0.0,23937022.75,8,34
Connecticut,152,2022-09-04,93921009.0,Beverages,0.0,0.0,78867983.0,23937022.75,9,35
Connecticut,153,2022-09-11,87799469.0,Beverages,93921009.0,0.0,0.0,23480252.25,9,36
Connecticut,154,2022-09-18,0.0,Beverages,87799469.0,0.0,0.0,45430119.5,9,37
Connecticut,155,2022-09-25,0.0,Beverages,0.0,95748091.0,0.0,45430119.5,9,38
Connecticut,156,2022-10-02,88582157.0,Beverages,0.0,0.0,81244604.0,45430119.5,10,39
Connecticut,157,2022-10-09,88062177.0,Beverages,88582157.0,0.0,0.0,44095406.5,10,40
Connecticut,158,2022-10-16,0.0,Beverages,88062177.0,0.0,0.0,44161083.5,10,41
Connecticut,159,2022-10-23,0.0,Beverages,0.0,93921009.0,0.0,44161083.5,10,42
Connecticut,160,2022-10-30,0.0,Beverages,0.0,87799469.0,83539947.0,44161083.5,10,43
Connecticut,161,2022-11-06,88105835.0,Beverages,0.0,0.0,84788564.0,22015544.25,11,44
Connecticut,162,2022-11-13,0.0,Beverages,88105835.0,0.0,0.0,22026458.75,11,45
Connecticut,163,2022-11-20,0.0,Beverages,0.0,88582157.0,0.0,22026458.75,11,46
Connecticut,164,2022-11-27,0.0,Beverages,0.0,88062177.0,84565667.0,22026458.75,11,47
Connecticut,165,2022-12-04,81630154.0,Beverages,0.0,0.0,87613823.0,22026458.75,12,48
Connecticut,166,2022-12-11,85484044.0,Beverages,81630154.0,0.0,0.0,20407538.5,12,49
Connecticut,167,2022-12-18,0.0,Beverages,85484044.0,0.0,0.0,41778549.5,12,50
Connecticut,168,2022-12-25,0.0,Beverages,0.0,88105835.0,0.0,41778549.5,12,51
Connecticut,169,2023-01-01,81444066.0,Beverages,0.0,0.0,92901720.0,41778549.5,1,52
Connecticut,170,2023-01-08,84761850.0,Beverages,81444066.0,0.0,94343154.0,41732027.5,1,1
Connecticut,171,2023-01-15,0.0,Beverages,84761850.0,0.0,0.0,41551479.0,1,2
Connecticut,172,2023-01-22,0.0,Beverages,0.0,81630154.0,0.0,41551479.0,1,3
Connecticut,173,2023-01-29,0.0,Beverages,0.0,85484044.0,101589519.0,41551479.0,1,4
Connecticut,174,2023-02-05,82428773.0,Beverages,0.0,0.0,94364113.0,21190462.5,2,5
Connecticut,175,2023-02-12,82315194.0,Beverages,82428773.0,0.0,0.0,20607193.25,2,6
Connecticut,176,2023-02-19,0.0,Beverages,82315194.0,81444066.0,0.0,41185991.75,2,7
Connecticut,177,2023-02-26,0.0,Beverages,0.0,84761850.0,0.0,41185991.75,2,8
Connecticut,178,2023-03-05,88221789.0,Beverages,0.0,0.0,95748091.0,41185991.75,3,9
Connecticut,179,2023-03-12,95286711.0,Beverages,88221789.0,0.0,0.0,42634245.75,3,10
Connecticut,180,2023-03-19,0.0,Beverages,95286711.0,0.0,0.0,45877125.0,3,11
Connecticut,181,2023-03-26,0.0,Beverages,0.0,82428773.0,0.0,45877125.0,3,12
Connecticut,182,2023-04-02,86141282.0,Beverages,0.0,82315194.0,93921009.0,45877125.0,4,13
Connecticut,183,2023-04-09,91590689.0,Beverages,86141282.0,0.0,87799469.0,45356998.25,4,14
Connecticut,184,2023-04-16,0.0,Beverages,91590689.0,0.0,0.0,44432992.75,4,15
Connecticut,185,2023-04-23,0.0,Beverages,0.0,88221789.0,0.0,44432992.75,4,16
Connecticut,186,2023-04-30,0.0,Beverages,0.0,95286711.0,88582157.0,44432992.75,4,17
Connecticut,187,2023-05-07,93007531.0,Beverages,0.0,0.0,88062177.0,22897672.25,5,18
Florida,30,2020-05-03,415458417.0,Beverages,0.0,0.0,397812264.0,204943133.25,5,18
Florida,31,2020-05-10,414827332.0,Beverages,415458417.0,0.0,0.0,205253359.75,5,19
Florida,32,2020-05-17,0.0,Beverages,414827332.0,0.0,0.0,207571437.25,5,20
Florida,33,2020-05-24,0.0,Beverages,0.0,414217511.0,0.0,207571437.25,5,21
Florida,34,2020-05-31,0.0,Beverages,0.0,405555022.0,389736361.0,207571437.25,5,22
Florida,35,2020-06-07,418545831.0,Beverages,0.0,0.0,386937678.0,103706833.0,6,23
Florida,36,2020-06-14,0.0,Beverages,418545831.0,0.0,0.0,104636457.75,6,24
Florida,37,2020-06-21,0.0,Beverages,0.0,415458417.0,0.0,104636457.75,6,25
Florida,38,2020-06-28,0.0,Beverages,0.0,414827332.0,358112986.0,104636457.75,6,26
Florida,39,2020-07-05,448570751.0,Beverages,0.0,0.0,369604455.0,104636457.75,7,27
Florida,40,2020-07-12,411049344.0,Beverages,448570751.0,0.0,0.0,112142687.75,7,28
Florida,41,2020-07-19,0.0,Beverages,411049344.0,0.0,0.0,214905023.75,7,29
Florida,42,2020-07-26,0.0,Beverages,0.0,418545831.0,0.0,214905023.75,7,30
Florida,43,2020-08-02,430782300.0,Beverages,0.0,0.0,384552791.0,214905023.75,8,31
Florida,44,2020-08-09,416202637.0,Beverages,430782300.0,0.0,380194399.0,210457911.0,8,32
Florida,45,2020-08-16,0.0,Beverages,416202637.0,0.0,0.0,211746234.25,8,33
Florida,46,2020-08-23,0.0,Beverages,0.0,448570751.0,0.0,211746234.25,8,34
Florida,47,2020-08-30,0.0,Beverages,0.0,411049344.0,384924916.0,211746234.25,8,35
Florida,48,2020-09-06,390860705.0,Beverages,0.0,0.0,385408869.0,104050659.25,9,36
Florida,49,2020-09-13,0.0,Beverages,390860705.0,0.0,0.0,97715176.25,9,37
Florida,50,2020-09-20,0.0,Beverages,0.0,430782300.0,0.0,97715176.25,9,38
Florida,51,2020-09-27,0.0,Beverages,0.0,416202637.0,418283544.0,97715176.25,9,39
Florida,52,2020-10-04,405135429.0,Beverages,0.0,0.0,431690356.0,97715176.25,10,40
Florida,53,2020-10-11,408643647.0,Beverages,405135429.0,0.0,0.0,101283857.25,10,41
Florida,54,2020-10-18,0.0,Beverages,408643647.0,0.0,0.0,203444769.0,10,42
Florida,55,2020-10-25,0.0,Beverages,0.0,390860705.0,0.0,203444769.0,10,43
Florida,56,2020-11-01,418301136.0,Beverages,0.0,0.0,414217511.0,203444769.0,11,44
Florida,57,2020-11-08,402426821.0,Beverages,418301136.0,0.0,405555022.0,206736195.75,11,45
Florida,58,2020-11-15,0.0,Beverages,402426821.0,0.0,0.0,205181989.25,11,46
Florida,59,2020-11-22,0.0,Beverages,0.0,405135429.0,0.0,205181989.25,11,47
Florida,60,2020-11-29,0.0,Beverages,0.0,408643647.0,415458417.0,205181989.25,11,48
Florida,61,2020-12-06,386563175.0,Beverages,0.0,0.0,414827332.0,100606705.25,12,49
Florida,62,2020-12-13,0.0,Beverages,386563175.0,0.0,0.0,96640793.75,12,50
Florida,63,2020-12-20,0.0,Beverages,0.0,418301136.0,0.0,96640793.75,12,51
Florida,64,2020-12-27,0.0,Beverages,0.0,402426821.0,0.0,96640793.75,12,52
Florida,65,2021-01-03,407668717.0,Beverages,0.0,0.0,418545831.0,96640793.75,1,53
Florida,66,2021-01-10,402837256.0,Beverages,407668717.0,0.0,0.0,101917179.25,1,1
Florida,67,2021-01-17,0.0,Beverages,402837256.0,0.0,0.0,202626493.25,1,2
Florida,68,2021-01-24,0.0,Beverages,0.0,386563175.0,0.0,202626493.25,1,3
Florida,69,2021-01-31,0.0,Beverages,0.0,0.0,448570751.0,202626493.25,1,4
Florida,70,2021-02-07,408426576.0,Beverages,0.0,0.0,411049344.0,100709314.0,2,5
Florida,71,2021-02-14,0.0,Beverages,408426576.0,0.0,0.0,102106644.0,2,6
Florida,72,2021-02-21,0.0,Beverages,0.0,407668717.0,0.0,102106644.0,2,7
Florida,73,2021-02-28,0.0,Beverages,0.0,402837256.0,430782300.0,102106644.0,2,8
Florida,74,2021-03-07,451704204.0,Beverages,0.0,0.0,416202637.0,102106644.0,3,9
Florida,75,2021-03-14,0.0,Beverages,451704204.0,0.0,0.0,112926051.0,3,10
Florida,76,2021-03-21,0.0,Beverages,0.0,0.0,0.0,112926051.0,3,11
Florida,77,2021-03-28,0.0,Beverages,0.0,408426576.0,0.0,112926051.0,3,12
Florida,78,2021-04-04,452821844.0,Beverages,0.0,0.0,390860705.0,112926051.0,4,13
Florida,79,2021-04-11,431834953.0,Beverages,452821844.0,0.0,0.0,113205461.0,4,14
Florida,80,2021-04-18,0.0,Beverages,431834953.0,0.0,0.0,221164199.25,4,15
Florida,81,2021-04-25,0.0,Beverages,0.0,451704204.0,0.0,221164199.25,4,16
Florida,82,2021-05-02,456177068.0,Beverages,0.0,0.0,405135429.0,221164199.25,5,17
Florida,83,2021-05-09,463060774.0,Beverages,456177068.0,0.0,408643647.0,222003005.25,5,18
Florida,84,2021-05-16,0.0,Beverages,463060774.0,0.0,0.0,229809460.5,5,19
Florida,85,2021-05-23,0.0,Beverages,0.0,452821844.0,0.0,229809460.5,5,20
Florida,86,2021-05-30,0.0,Beverages,0.0,431834953.0,418301136.0,229809460.5,5,21
Florida,87,2021-06-06,453226022.0,Beverages,0.0,0.0,402426821.0,115765193.5,6,22
Florida,88,2021-06-13,0.0,Beverages,453226022.0,0.0,0.0,113306505.5,6,23
Florida,89,2021-06-20,0.0,Beverages,0.0,456177068.0,0.0,113306505.5,6,24
Florida,90,2021-06-27,0.0,Beverages,0.0,463060774.0,0.0,113306505.5,6,25
Florida,91,2021-07-04,495492035.0,Beverages,0.0,0.0,386563175.0,113306505.5,7,26
Florida,92,2021-07-11,445551996.0,Beverages,495492035.0,0.0,0.0,123873008.75,7,27
Florida,93,2021-07-18,0.0,Beverages,445551996.0,0.0,0.0,235261007.75,7,28
Florida,94,2021-07-25,0.0,Beverages,0.0,453226022.0,0.0,235261007.75,7,29
Florida,95,2021-08-01,474960315.0,Beverages,0.0,0.0,407668717.0,235261007.75,8,30
Florida,96,2021-08-08,460012877.0,Beverages,474960315.0,0.0,402837256.0,230128077.75,8,31
Florida,97,2021-08-15,0.0,Beverages,460012877.0,0.0,0.0,233743298.0,8,32
Florida,98,2021-08-22,0.0,Beverages,0.0,495492035.0,0.0,233743298.0,8,33
Florida,99,2021-08-29,0.0,Beverages,0.0,445551996.0,0.0,233743298.0,8,34
Florida,100,2021-09-05,463238158.0,Beverages,0.0,0.0,408426576.0,115003219.25,9,35
Florida,101,2021-09-12,434420849.0,Beverages,463238158.0,0.0,0.0,115809539.5,9,36
Florida,102,2021-09-19,0.0,Beverages,434420849.0,474960315.0,0.0,224414751.75,9,37
Florida,103,2021-09-26,0.0,Beverages,0.0,460012877.0,0.0,224414751.75,9,38
Florida,104,2021-10-03,650291094.0,Beverages,0.0,0.0,451704204.0,224414751.75,10,39
Florida,105,2021-10-10,658073956.0,Beverages,650291094.0,0.0,0.0,271177985.75,10,40
Florida,106,2021-10-17,0.0,Beverages,658073956.0,0.0,0.0,327091262.5,10,41
Florida,107,2021-10-24,0.0,Beverages,0.0,463238158.0,0.0,327091262.5,10,42
Florida,108,2021-10-31,0.0,Beverages,0.0,434420849.0,452821844.0,327091262.5,10,43
Florida,109,2021-11-07,626921179.0,Beverages,0.0,0.0,431834953.0,164518489.0,11,44
Florida,110,2021-11-14,0.0,Beverages,626921179.0,0.0,0.0,156730294.75,11,45
Florida,111,2021-11-21,0.0,Beverages,0.0,650291094.0,0.0,156730294.75,11,46
Florida,112,2021-11-28,0.0,Beverages,0.0,658073956.0,456177068.0,156730294.75,11,47
Florida,113,2021-12-05,614205922.0,Beverages,0.0,0.0,463060774.0,156730294.75,12,48
Florida,114,2021-12-12,621894064.0,Beverages,614205922.0,0.0,0.0,153551480.5,12,49
Florida,115,2021-12-19,0.0,Beverages,621894064.0,0.0,0.0,309024996.5,12,50
Florida,116,2021-12-26,0.0,Beverages,0.0,626921179.0,0.0,309024996.5,12,51
Florida,117,2022-01-02,646500604.0,Beverages,0.0,0.0,453226022.0,309024996.5,1,52
Florida,118,2022-01-09,629065725.0,Beverages,646500604.0,0.0,0.0,317098667.0,1,1
Florida,119,2022-01-16,0.0,Beverages,629065725.0,0.0,0.0,318891582.25,1,2
Florida,120,2022-01-23,0.0,Beverages,0.0,614205922.0,0.0,318891582.25,1,3
Florida,121,2022-01-30,0.0,Beverages,0.0,621894064.0,495492035.0,318891582.25,1,4
Florida,122,2022-02-06,637532932.0,Beverages,0.0,0.0,445551996.0,157266431.25,2,5
Florida,123,2022-02-13,0.0,Beverages,637532932.0,0.0,0.0,159383233.0,2,6
Florida,124,2022-02-20,0.0,Beverages,0.0,646500604.0,0.0,159383233.0,2,7
Florida,125,2022-02-27,0.0,Beverages,0.0,629065725.0,474960315.0,159383233.0,2,8
Florida,126,2022-03-06,690201657.0,Beverages,0.0,0.0,460012877.0,159383233.0,3,9
Florida,127,2022-03-13,0.0,Beverages,690201657.0,0.0,0.0,172550414.25,3,10
Florida,128,2022-03-20,0.0,Beverages,0.0,0.0,0.0,172550414.25,3,11
Florida,129,2022-03-27,0.0,Beverages,0.0,637532932.0,0.0,172550414.25,3,12
Florida,130,2022-04-03,700061265.0,Beverages,0.0,0.0,463238158.0,172550414.25,4,13
Florida,131,2022-04-10,708494982.0,Beverages,700061265.0,0.0,434420849.0,175015316.25,4,14
Florida,132,2022-04-17,0.0,Beverages,708494982.0,0.0,0.0,352139061.75,4,15
Florida,133,2022-04-24,0.0,Beverages,0.0,690201657.0,0.0,352139061.75,4,16
Florida,134,2022-05-01,702046035.0,Beverages,0.0,0.0,650291094.0,352139061.75,5,17
Florida,135,2022-05-08,715244615.0,Beverages,702046035.0,0.0,658073956.0,352635254.25,5,18
Florida,136,2022-05-15,0.0,Beverages,715244615.0,0.0,0.0,354322662.5,5,19
Florida,137,2022-05-22,0.0,Beverages,0.0,700061265.0,0.0,354322662.5,5,20
Florida,138,2022-05-29,0.0,Beverages,0.0,708494982.0,0.0,354322662.5,5,21
Florida,139,2022-06-05,697035016.0,Beverages,0.0,0.0,626921179.0,178811153.75,6,22
Florida,140,2022-06-12,697115836.0,Beverages,697035016.0,0.0,0.0,174258754.0,6,23
Florida,141,2022-06-19,0.0,Beverages,697115836.0,702046035.0,0.0,348537713.0,6,24
Florida,142,2022-06-26,0.0,Beverages,0.0,715244615.0,0.0,348537713.0,6,25
Florida,143,2022-07-03,735338902.0,Beverages,0.0,0.0,614205922.0,348537713.0,7,26
Florida,144,2022-07-10,681830724.0,Beverages,735338902.0,0.0,621894064.0,358113684.5,7,27
Florida,145,2022-07-17,0.0,Beverages,681830724.0,0.0,0.0,354292406.5,7,28
Florida,146,2022-07-24,0.0,Beverages,0.0,697035016.0,0.0,354292406.5,7,29
Florida,147,2022-07-31,0.0,Beverages,0.0,697115836.0,646500604.0,354292406.5,7,30
Florida,148,2022-08-07,716789624.0,Beverages,0.0,0.0,629065725.0,170457681.0,8,31
Florida,149,2022-08-14,0.0,Beverages,716789624.0,0.0,0.0,179197406.0,8,32
Florida,150,2022-08-21,0.0,Beverages,0.0,735338902.0,0.0,179197406.0,8,33
Florida,151,2022-08-28,0.0,Beverages,0.0,681830724.0,0.0,179197406.0,8,34
Florida,152,2022-09-04,681125304.0,Beverages,0.0,0.0,637532932.0,179197406.0,9,35
Florida,153,2022-09-11,667077992.0,Beverages,681125304.0,0.0,0.0,170281326.0,9,36
Florida,154,2022-09-18,0.0,Beverages,667077992.0,0.0,0.0,337050824.0,9,37
Florida,155,2022-09-25,0.0,Beverages,0.0,716789624.0,0.0,337050824.0,9,38
Florida,156,2022-10-02,693030079.0,Beverages,0.0,0.0,690201657.0,337050824.0,10,39
Florida,157,2022-10-09,688756403.0,Beverages,693030079.0,0.0,0.0,340027017.75,10,40
Florida,158,2022-10-16,0.0,Beverages,688756403.0,0.0,0.0,345446620.5,10,41
Florida,159,2022-10-23,0.0,Beverages,0.0,681125304.0,0.0,345446620.5,10,42
Florida,160,2022-10-30,0.0,Beverages,0.0,667077992.0,700061265.0,345446620.5,10,43
Florida,161,2022-11-06,699055504.0,Beverages,0.0,0.0,708494982.0,172189100.75,11,44
Florida,162,2022-11-13,0.0,Beverages,699055504.0,0.0,0.0,174763876.0,11,45
Florida,163,2022-11-20,0.0,Beverages,0.0,693030079.0,0.0,174763876.0,11,46
Florida,164,2022-11-27,0.0,Beverages,0.0,688756403.0,702046035.0,174763876.0,11,47
Florida,165,2022-12-04,672178981.0,Beverages,0.0,0.0,715244615.0,174763876.0,12,48
Florida,166,2022-12-11,686888529.0,Beverages,672178981.0,0.0,0.0,168044745.25,12,49
Florida,167,2022-12-18,0.0,Beverages,686888529.0,0.0,0.0,339766877.5,12,50
Florida,168,2022-12-25,0.0,Beverages,0.0,699055504.0,0.0,339766877.5,12,51
Florida,169,2023-01-01,684937806.0,Beverages,0.0,0.0,697035016.0,339766877.5,1,52
Florida,170,2023-01-08,681025299.0,Beverages,684937806.0,0.0,697115836.0,342956583.75,1,1
Florida,171,2023-01-15,0.0,Beverages,681025299.0,0.0,0.0,341490776.25,1,2
Florida,172,2023-01-22,0.0,Beverages,0.0,672178981.0,0.0,341490776.25,1,3
Florida,173,2023-01-29,0.0,Beverages,0.0,686888529.0,735338902.0,341490776.25,1,4
Florida,174,2023-02-05,697150558.0,Beverages,0.0,0.0,681830724.0,170256324.75,2,5
Florida,175,2023-02-12,705981954.0,Beverages,697150558.0,0.0,0.0,174287639.5,2,6
Florida,176,2023-02-19,0.0,Beverages,705981954.0,684937806.0,0.0,350783128.0,2,7
Florida,177,2023-02-26,0.0,Beverages,0.0,681025299.0,0.0,350783128.0,2,8
Florida,178,2023-03-05,771680293.0,Beverages,0.0,0.0,716789624.0,350783128.0,3,9
Florida,179,2023-03-12,831072061.0,Beverages,771680293.0,0.0,0.0,369415561.75,3,10
Florida,180,2023-03-19,0.0,Beverages,831072061.0,0.0,0.0,400688088.5,3,11
Florida,181,2023-03-26,0.0,Beverages,0.0,697150558.0,0.0,400688088.5,3,12
Florida,182,2023-04-02,758696512.0,Beverages,0.0,705981954.0,681125304.0,400688088.5,4,13
Florida,183,2023-04-09,743252354.0,Beverages,758696512.0,0.0,667077992.0,397442143.25,4,14
Florida,184,2023-04-16,0.0,Beverages,743252354.0,0.0,0.0,375487216.5,4,15
Florida,185,2023-04-23,0.0,Beverages,0.0,771680293.0,0.0,375487216.5,4,16
Florida,186,2023-04-30,0.0,Beverages,0.0,831072061.0,693030079.0,375487216.5,4,17
Florida,187,2023-05-07,756307225.0,Beverages,0.0,0.0,688756403.0,185813088.5,5,18
Georgia,30,2020-05-03,232382556.0,Beverages,0.0,0.0,234203406.0,109205448.75,5,18
Georgia,31,2020-05-10,233306058.0,Beverages,232382556.0,0.0,0.0,111600803.0,5,19
Georgia,32,2020-05-17,0.0,Beverages,233306058.0,0.0,0.0,116422153.5,5,20
Georgia,33,2020-05-24,0.0,Beverages,0.0,222801139.0,0.0,116422153.5,5,21
Georgia,34,2020-05-31,0.0,Beverages,0.0,214020656.0,204848830.0,116422153.5,5,22
Georgia,35,2020-06-07,235192873.0,Beverages,0.0,0.0,202242823.0,58326514.5,6,23
Georgia,36,2020-06-14,0.0,Beverages,235192873.0,0.0,0.0,58798218.25,6,24
Georgia,37,2020-06-21,0.0,Beverages,0.0,232382556.0,0.0,58798218.25,6,25
Georgia,38,2020-06-28,0.0,Beverages,0.0,233306058.0,198967927.0,58798218.25,6,26
Georgia,39,2020-07-05,255137714.0,Beverages,0.0,0.0,200151766.0,58798218.25,7,27
Georgia,40,2020-07-12,238917136.0,Beverages,255137714.0,0.0,0.0,63784428.5,7,28
Georgia,41,2020-07-19,0.0,Beverages,238917136.0,0.0,0.0,123513712.5,7,29
Georgia,42,2020-07-26,0.0,Beverages,0.0,235192873.0,0.0,123513712.5,7,30
Georgia,43,2020-08-02,248666926.0,Beverages,0.0,0.0,193036456.0,123513712.5,8,31
Georgia,44,2020-08-09,252157409.0,Beverages,248666926.0,0.0,200613878.0,121896015.5,8,32
Georgia,45,2020-08-16,0.0,Beverages,252157409.0,0.0,0.0,125206083.75,8,33
Georgia,46,2020-08-23,0.0,Beverages,0.0,255137714.0,0.0,125206083.75,8,34
Georgia,47,2020-08-30,0.0,Beverages,0.0,238917136.0,200642376.0,125206083.75,8,35
Georgia,48,2020-09-06,249712778.0,Beverages,0.0,0.0,201281095.0,63039352.25,9,36
Georgia,49,2020-09-13,0.0,Beverages,249712778.0,0.0,0.0,62428194.5,9,37
Georgia,50,2020-09-20,0.0,Beverages,0.0,248666926.0,0.0,62428194.5,9,38
Georgia,51,2020-09-27,0.0,Beverages,0.0,252157409.0,210589115.0,62428194.5,9,39
Georgia,52,2020-10-04,237617892.0,Beverages,0.0,0.0,216011117.0,62428194.5,10,40
Georgia,53,2020-10-11,228323938.0,Beverages,237617892.0,0.0,0.0,59404473.0,10,41
Georgia,54,2020-10-18,0.0,Beverages,228323938.0,0.0,0.0,116485457.5,10,42
Georgia,55,2020-10-25,0.0,Beverages,0.0,249712778.0,0.0,116485457.5,10,43
Georgia,56,2020-11-01,222344499.0,Beverages,0.0,0.0,222801139.0,116485457.5,11,44
Georgia,57,2020-11-08,220289341.0,Beverages,222344499.0,0.0,214020656.0,112667109.25,11,45
Georgia,58,2020-11-15,0.0,Beverages,220289341.0,0.0,0.0,110658460.0,11,46
Georgia,59,2020-11-22,0.0,Beverages,0.0,237617892.0,0.0,110658460.0,11,47
Georgia,60,2020-11-29,0.0,Beverages,0.0,228323938.0,232382556.0,110658460.0,11,48
Georgia,61,2020-12-06,208040534.0,Beverages,0.0,0.0,233306058.0,55072335.25,12,49
Georgia,62,2020-12-13,0.0,Beverages,208040534.0,0.0,0.0,52010133.5,12,50
Georgia,63,2020-12-20,0.0,Beverages,0.0,222344499.0,0.0,52010133.5,12,51
Georgia,64,2020-12-27,0.0,Beverages,0.0,220289341.0,0.0,52010133.5,12,52
Georgia,65,2021-01-03,208934979.0,Beverages,0.0,0.0,235192873.0,52010133.5,1,53
Georgia,66,2021-01-10,214363912.0,Beverages,208934979.0,0.0,0.0,52233744.75,1,1
Georgia,67,2021-01-17,0.0,Beverages,214363912.0,0.0,0.0,105824722.75,1,2
Georgia,68,2021-01-24,0.0,Beverages,0.0,208040534.0,0.0,105824722.75,1,3
Georgia,69,2021-01-31,0.0,Beverages,0.0,0.0,255137714.0,105824722.75,1,4
Georgia,70,2021-02-07,213638444.0,Beverages,0.0,0.0,238917136.0,53590978.0,2,5
Georgia,71,2021-02-14,0.0,Beverages,213638444.0,0.0,0.0,53409611.0,2,6
Georgia,72,2021-02-21,0.0,Beverages,0.0,208934979.0,0.0,53409611.0,2,7
Georgia,73,2021-02-28,0.0,Beverages,0.0,214363912.0,248666926.0,53409611.0,2,8
Georgia,74,2021-03-07,229526110.0,Beverages,0.0,0.0,252157409.0,53409611.0,3,9
Georgia,75,2021-03-14,0.0,Beverages,229526110.0,0.0,0.0,57381527.5,3,10
Georgia,76,2021-03-21,0.0,Beverages,0.0,0.0,0.0,57381527.5,3,11
Georgia,77,2021-03-28,0.0,Beverages,0.0,213638444.0,0.0,57381527.5,3,12
Georgia,78,2021-04-04,242501064.0,Beverages,0.0,0.0,249712778.0,57381527.5,4,13
Georgia,79,2021-04-11,230404565.0,Beverages,242501064.0,0.0,0.0,60625266.0,4,14
Georgia,80,2021-04-18,0.0,Beverages,230404565.0,0.0,0.0,118226407.25,4,15
Georgia,81,2021-04-25,0.0,Beverages,0.0,229526110.0,0.0,118226407.25,4,16
Georgia,82,2021-05-02,247764853.0,Beverages,0.0,0.0,237617892.0,118226407.25,5,17
Georgia,83,2021-05-09,249585217.0,Beverages,247764853.0,0.0,228323938.0,119542354.5,5,18
Georgia,84,2021-05-16,0.0,Beverages,249585217.0,0.0,0.0,124337517.5,5,19
Georgia,85,2021-05-23,0.0,Beverages,0.0,242501064.0,0.0,124337517.5,5,20
Georgia,86,2021-05-30,0.0,Beverages,0.0,230404565.0,222344499.0,124337517.5,5,21
Georgia,87,2021-06-06,255134239.0,Beverages,0.0,0.0,220289341.0,62396304.25,6,22
Georgia,88,2021-06-13,0.0,Beverages,255134239.0,0.0,0.0,63783559.75,6,23
Georgia,89,2021-06-20,0.0,Beverages,0.0,247764853.0,0.0,63783559.75,6,24
Georgia,90,2021-06-27,0.0,Beverages,0.0,249585217.0,0.0,63783559.75,6,25
Georgia,91,2021-07-04,274063879.0,Beverages,0.0,0.0,208040534.0,63783559.75,7,26
Georgia,92,2021-07-11,252953400.0,Beverages,274063879.0,0.0,0.0,68515969.75,7,27
Georgia,93,2021-07-18,0.0,Beverages,252953400.0,0.0,0.0,131754319.75,7,28
Georgia,94,2021-07-25,0.0,Beverages,0.0,255134239.0,0.0,131754319.75,7,29
Georgia,95,2021-08-01,272363200.0,Beverages,0.0,0.0,208934979.0,131754319.75,8,30
Georgia,96,2021-08-08,270212454.0,Beverages,272363200.0,0.0,214363912.0,131329150.0,8,31
Georgia,97,2021-08-15,0.0,Beverages,270212454.0,0.0,0.0,135643913.5,8,32
Georgia,98,2021-08-22,0.0,Beverages,0.0,274063879.0,0.0,135643913.5,8,33
Georgia,99,2021-08-29,0.0,Beverages,0.0,252953400.0,0.0,135643913.5,8,34
Georgia,100,2021-09-05,271945814.0,Beverages,0.0,0.0,213638444.0,67553113.5,9,35
Georgia,101,2021-09-12,256028112.0,Beverages,271945814.0,0.0,0.0,67986453.5,9,36
Georgia,102,2021-09-19,0.0,Beverages,256028112.0,272363200.0,0.0,131993481.5,9,37
Georgia,103,2021-09-26,0.0,Beverages,0.0,270212454.0,0.0,131993481.5,9,38
Georgia,104,2021-10-03,369777977.0,Beverages,0.0,0.0,229526110.0,131993481.5,10,39
Georgia,105,2021-10-10,356385301.0,Beverages,369777977.0,0.0,0.0,156451522.25,10,40
Georgia,106,2021-10-17,0.0,Beverages,356385301.0,0.0,0.0,181540819.5,10,41
Georgia,107,2021-10-24,0.0,Beverages,0.0,271945814.0,0.0,181540819.5,10,42
Georgia,108,2021-10-31,0.0,Beverages,0.0,256028112.0,242501064.0,181540819.5,10,43
Georgia,109,2021-11-07,336660309.0,Beverages,0.0,0.0,230404565.0,89096325.25,11,44
Georgia,110,2021-11-14,0.0,Beverages,336660309.0,0.0,0.0,84165077.25,11,45
Georgia,111,2021-11-21,0.0,Beverages,0.0,369777977.0,0.0,84165077.25,11,46
Georgia,112,2021-11-28,0.0,Beverages,0.0,356385301.0,247764853.0,84165077.25,11,47
Georgia,113,2021-12-05,329236652.0,Beverages,0.0,0.0,249585217.0,84165077.25,12,48
Georgia,114,2021-12-12,333122176.0,Beverages,329236652.0,0.0,0.0,82309163.0,12,49
Georgia,115,2021-12-19,0.0,Beverages,333122176.0,0.0,0.0,165589707.0,12,50
Georgia,116,2021-12-26,0.0,Beverages,0.0,336660309.0,0.0,165589707.0,12,51
Georgia,117,2022-01-02,328585374.0,Beverages,0.0,0.0,255134239.0,165589707.0,1,52
Georgia,118,2022-01-09,329252569.0,Beverages,328585374.0,0.0,0.0,165426887.5,1,1
Georgia,119,2022-01-16,0.0,Beverages,329252569.0,0.0,0.0,164459485.75,1,2
Georgia,120,2022-01-23,0.0,Beverages,0.0,329236652.0,0.0,164459485.75,1,3
Georgia,121,2022-01-30,0.0,Beverages,0.0,333122176.0,274063879.0,164459485.75,1,4
Georgia,122,2022-02-06,337213215.0,Beverages,0.0,0.0,252953400.0,82313142.25,2,5
Georgia,123,2022-02-13,0.0,Beverages,337213215.0,0.0,0.0,84303303.75,2,6
Georgia,124,2022-02-20,0.0,Beverages,0.0,328585374.0,0.0,84303303.75,2,7
Georgia,125,2022-02-27,0.0,Beverages,0.0,329252569.0,272363200.0,84303303.75,2,8
Georgia,126,2022-03-06,358685339.0,Beverages,0.0,0.0,270212454.0,84303303.75,3,9
Georgia,127,2022-03-13,0.0,Beverages,358685339.0,0.0,0.0,89671334.75,3,10
Georgia,128,2022-03-20,0.0,Beverages,0.0,0.0,0.0,89671334.75,3,11
Georgia,129,2022-03-27,0.0,Beverages,0.0,337213215.0,0.0,89671334.75,3,12
Georgia,130,2022-04-03,363376987.0,Beverages,0.0,0.0,271945814.0,89671334.75,4,13
Georgia,131,2022-04-10,364285113.0,Beverages,363376987.0,0.0,256028112.0,90844246.75,4,14
Georgia,132,2022-04-17,0.0,Beverages,364285113.0,0.0,0.0,181915525.0,4,15
Georgia,133,2022-04-24,0.0,Beverages,0.0,358685339.0,0.0,181915525.0,4,16
Georgia,134,2022-05-01,386374893.0,Beverages,0.0,0.0,369777977.0,181915525.0,5,17
Georgia,135,2022-05-08,385078069.0,Beverages,386374893.0,0.0,356385301.0,187665001.5,5,18
Georgia,136,2022-05-15,0.0,Beverages,385078069.0,0.0,0.0,192863240.5,5,19
Georgia,137,2022-05-22,0.0,Beverages,0.0,363376987.0,0.0,192863240.5,5,20
Georgia,138,2022-05-29,0.0,Beverages,0.0,364285113.0,0.0,192863240.5,5,21
Georgia,139,2022-06-05,381414563.0,Beverages,0.0,0.0,336660309.0,96269517.25,6,22
Georgia,140,2022-06-12,381382227.0,Beverages,381414563.0,0.0,0.0,95353640.75,6,23
Georgia,141,2022-06-19,0.0,Beverages,381382227.0,386374893.0,0.0,190699197.5,6,24
Georgia,142,2022-06-26,0.0,Beverages,0.0,385078069.0,0.0,190699197.5,6,25
Georgia,143,2022-07-03,402606623.0,Beverages,0.0,0.0,329236652.0,190699197.5,7,26
Georgia,144,2022-07-10,383730360.0,Beverages,402606623.0,0.0,333122176.0,195997212.5,7,27
Georgia,145,2022-07-17,0.0,Beverages,383730360.0,0.0,0.0,196584245.75,7,28
Georgia,146,2022-07-24,0.0,Beverages,0.0,381414563.0,0.0,196584245.75,7,29
Georgia,147,2022-07-31,0.0,Beverages,0.0,381382227.0,328585374.0,196584245.75,7,30
Georgia,148,2022-08-07,406489668.0,Beverages,0.0,0.0,329252569.0,95932590.0,8,31
Georgia,149,2022-08-14,0.0,Beverages,406489668.0,0.0,0.0,101622417.0,8,32
Georgia,150,2022-08-21,0.0,Beverages,0.0,402606623.0,0.0,101622417.0,8,33
Georgia,151,2022-08-28,0.0,Beverages,0.0,383730360.0,0.0,101622417.0,8,34
Georgia,152,2022-09-04,407907755.0,Beverages,0.0,0.0,337213215.0,101622417.0,9,35
Georgia,153,2022-09-11,394161387.0,Beverages,407907755.0,0.0,0.0,101976938.75,9,36
Georgia,154,2022-09-18,0.0,Beverages,394161387.0,0.0,0.0,200517285.5,9,37
Georgia,155,2022-09-25,0.0,Beverages,0.0,406489668.0,0.0,200517285.5,9,38
Georgia,156,2022-10-02,400501219.0,Beverages,0.0,0.0,358685339.0,200517285.5,10,39
Georgia,157,2022-10-09,376048076.0,Beverages,400501219.0,0.0,0.0,198665651.5,10,40
Georgia,158,2022-10-16,0.0,Beverages,376048076.0,0.0,0.0,194137323.75,10,41
Georgia,159,2022-10-23,0.0,Beverages,0.0,407907755.0,0.0,194137323.75,10,42
Georgia,160,2022-10-30,0.0,Beverages,0.0,394161387.0,363376987.0,194137323.75,10,43
Georgia,161,2022-11-06,361574736.0,Beverages,0.0,0.0,364285113.0,94012019.0,11,44
Georgia,162,2022-11-13,0.0,Beverages,361574736.0,0.0,0.0,90393684.0,11,45
Georgia,163,2022-11-20,0.0,Beverages,0.0,400501219.0,0.0,90393684.0,11,46
Georgia,164,2022-11-27,0.0,Beverages,0.0,376048076.0,386374893.0,90393684.0,11,47
Georgia,165,2022-12-04,350833583.0,Beverages,0.0,0.0,385078069.0,90393684.0,12,48
Georgia,166,2022-12-11,353241000.0,Beverages,350833583.0,0.0,0.0,87708395.75,12,49
Georgia,167,2022-12-18,0.0,Beverages,353241000.0,0.0,0.0,176018645.75,12,50
Georgia,168,2022-12-25,0.0,Beverages,0.0,361574736.0,0.0,176018645.75,12,51
Georgia,169,2023-01-01,346758544.0,Beverages,0.0,0.0,381414563.0,176018645.75,1,52
Georgia,170,2023-01-08,346855322.0,Beverages,346758544.0,0.0,381382227.0,174999886.0,1,1
Georgia,171,2023-01-15,0.0,Beverages,346855322.0,0.0,0.0,173403466.5,1,2
Georgia,172,2023-01-22,0.0,Beverages,0.0,350833583.0,0.0,173403466.5,1,3
Georgia,173,2023-01-29,0.0,Beverages,0.0,353241000.0,402606623.0,173403466.5,1,4
Georgia,174,2023-02-05,350918544.0,Beverages,0.0,0.0,383730360.0,86713830.5,2,5
Georgia,175,2023-02-12,357158483.0,Beverages,350918544.0,0.0,0.0,87729636.0,2,6
Georgia,176,2023-02-19,0.0,Beverages,357158483.0,346758544.0,0.0,177019256.75,2,7
Georgia,177,2023-02-26,0.0,Beverages,0.0,346855322.0,0.0,177019256.75,2,8
Georgia,178,2023-03-05,379897876.0,Beverages,0.0,0.0,406489668.0,177019256.75,3,9
Georgia,179,2023-03-12,405494386.0,Beverages,379897876.0,0.0,0.0,184264089.75,3,10
Georgia,180,2023-03-19,0.0,Beverages,405494386.0,0.0,0.0,196348065.5,3,11
Georgia,181,2023-03-26,0.0,Beverages,0.0,350918544.0,0.0,196348065.5,3,12
Georgia,182,2023-04-02,387840198.0,Beverages,0.0,357158483.0,407907755.0,196348065.5,4,13
Georgia,183,2023-04-09,367936367.0,Beverages,387840198.0,0.0,394161387.0,198333646.0,4,14
Georgia,184,2023-04-16,0.0,Beverages,367936367.0,0.0,0.0,188944141.25,4,15
Georgia,185,2023-04-23,0.0,Beverages,0.0,379897876.0,0.0,188944141.25,4,16
Georgia,186,2023-04-30,0.0,Beverages,0.0,405494386.0,400501219.0,188944141.25,4,17
Georgia,187,2023-05-07,404105159.0,Beverages,0.0,0.0,376048076.0,91984091.75,5,18
Illinois,30,2020-05-03,189455076.0,Beverages,0.0,0.0,181091999.0,93082906.75,5,18
Illinois,31,2020-05-10,191978797.0,Beverages,189455076.0,0.0,0.0,94999790.5,5,19
Illinois,32,2020-05-17,0.0,Beverages,191978797.0,0.0,0.0,95358468.25,5,20
Illinois,33,2020-05-24,0.0,Beverages,0.0,181787541.0,0.0,95358468.25,5,21
Illinois,34,2020-05-31,0.0,Beverages,0.0,190544086.0,169707087.0,95358468.25,5,22
Illinois,35,2020-06-07,204592725.0,Beverages,0.0,0.0,172375681.0,47994699.25,6,23
Illinois,36,2020-06-14,0.0,Beverages,204592725.0,0.0,0.0,51148181.25,6,24
Illinois,37,2020-06-21,0.0,Beverages,0.0,189455076.0,0.0,51148181.25,6,25
Illinois,38,2020-06-28,0.0,Beverages,0.0,191978797.0,167913697.0,51148181.25,6,26
Illinois,39,2020-07-05,225472693.0,Beverages,0.0,0.0,173166397.0,51148181.25,7,27
Illinois,40,2020-07-12,209603298.0,Beverages,225472693.0,0.0,0.0,56368173.25,7,28
Illinois,41,2020-07-19,0.0,Beverages,209603298.0,0.0,0.0,108768997.75,7,29
Illinois,42,2020-07-26,0.0,Beverages,0.0,204592725.0,0.0,108768997.75,7,30
Illinois,43,2020-08-02,201691236.0,Beverages,0.0,0.0,167140897.0,108768997.75,8,31
Illinois,44,2020-08-09,205098054.0,Beverages,201691236.0,0.0,172692449.0,102823633.5,8,32
Illinois,45,2020-08-16,0.0,Beverages,205098054.0,0.0,0.0,101697322.5,8,33
Illinois,46,2020-08-23,0.0,Beverages,0.0,225472693.0,0.0,101697322.5,8,34
Illinois,47,2020-08-30,0.0,Beverages,0.0,209603298.0,171263875.0,101697322.5,8,35
Illinois,48,2020-09-06,197631548.0,Beverages,0.0,0.0,169341636.0,51274513.5,9,36
Illinois,49,2020-09-13,0.0,Beverages,197631548.0,0.0,0.0,49407887.0,9,37
Illinois,50,2020-09-20,0.0,Beverages,0.0,201691236.0,0.0,49407887.0,9,38
Illinois,51,2020-09-27,0.0,Beverages,0.0,205098054.0,177994077.0,49407887.0,9,39
Illinois,52,2020-10-04,186846618.0,Beverages,0.0,0.0,185463112.0,49407887.0,10,40
Illinois,53,2020-10-11,189641773.0,Beverages,186846618.0,0.0,0.0,46711654.5,10,41
Illinois,54,2020-10-18,0.0,Beverages,189641773.0,0.0,0.0,94122097.75,10,42
Illinois,55,2020-10-25,0.0,Beverages,0.0,197631548.0,0.0,94122097.75,10,43
Illinois,56,2020-11-01,179673232.0,Beverages,0.0,0.0,181787541.0,94122097.75,11,44
Illinois,57,2020-11-08,183691948.0,Beverages,179673232.0,0.0,190544086.0,92328751.25,11,45
Illinois,58,2020-11-15,0.0,Beverages,183691948.0,0.0,0.0,90841295.0,11,46
Illinois,59,2020-11-22,0.0,Beverages,0.0,186846618.0,0.0,90841295.0,11,47
Illinois,60,2020-11-29,0.0,Beverages,0.0,189641773.0,189455076.0,90841295.0,11,48
Illinois,61,2020-12-06,177749653.0,Beverages,0.0,0.0,191978797.0,45922987.0,12,49
Illinois,62,2020-12-13,0.0,Beverages,177749653.0,0.0,0.0,44437413.25,12,50
Illinois,63,2020-12-20,0.0,Beverages,0.0,179673232.0,0.0,44437413.25,12,51
Illinois,64,2020-12-27,0.0,Beverages,0.0,183691948.0,0.0,44437413.25,12,52
Illinois,65,2021-01-03,175411414.0,Beverages,0.0,0.0,204592725.0,44437413.25,1,53
Illinois,66,2021-01-10,179843016.0,Beverages,175411414.0,0.0,0.0,43852853.5,1,1
Illinois,67,2021-01-17,0.0,Beverages,179843016.0,0.0,0.0,88813607.5,1,2
Illinois,68,2021-01-24,0.0,Beverages,0.0,177749653.0,0.0,88813607.5,1,3
Illinois,69,2021-01-31,0.0,Beverages,0.0,0.0,225472693.0,88813607.5,1,4
Illinois,70,2021-02-07,180591262.0,Beverages,0.0,0.0,209603298.0,44960754.0,2,5
Illinois,71,2021-02-14,0.0,Beverages,180591262.0,0.0,0.0,45147815.5,2,6
Illinois,72,2021-02-21,0.0,Beverages,0.0,175411414.0,0.0,45147815.5,2,7
Illinois,73,2021-02-28,0.0,Beverages,0.0,179843016.0,201691236.0,45147815.5,2,8
Illinois,74,2021-03-07,194041117.0,Beverages,0.0,0.0,205098054.0,45147815.5,3,9
Illinois,75,2021-03-14,0.0,Beverages,194041117.0,0.0,0.0,48510279.25,3,10
Illinois,76,2021-03-21,0.0,Beverages,0.0,0.0,0.0,48510279.25,3,11
Illinois,77,2021-03-28,0.0,Beverages,0.0,180591262.0,0.0,48510279.25,3,12
Illinois,78,2021-04-04,196802111.0,Beverages,0.0,0.0,197631548.0,48510279.25,4,13
Illinois,79,2021-04-11,197492725.0,Beverages,196802111.0,0.0,0.0,49200527.75,4,14
Illinois,80,2021-04-18,0.0,Beverages,197492725.0,0.0,0.0,98573709.0,4,15
Illinois,81,2021-04-25,0.0,Beverages,0.0,194041117.0,0.0,98573709.0,4,16
Illinois,82,2021-05-02,205547366.0,Beverages,0.0,0.0,186846618.0,98573709.0,5,17
Illinois,83,2021-05-09,203636305.0,Beverages,205547366.0,0.0,189641773.0,100760022.75,5,18
Illinois,84,2021-05-16,0.0,Beverages,203636305.0,0.0,0.0,102295917.75,5,19
Illinois,85,2021-05-23,0.0,Beverages,0.0,196802111.0,0.0,102295917.75,5,20
Illinois,86,2021-05-30,0.0,Beverages,0.0,197492725.0,179673232.0,102295917.75,5,21
Illinois,87,2021-06-06,215831841.0,Beverages,0.0,0.0,183691948.0,50909076.25,6,22
Illinois,88,2021-06-13,0.0,Beverages,215831841.0,0.0,0.0,53957960.25,6,23
Illinois,89,2021-06-20,0.0,Beverages,0.0,205547366.0,0.0,53957960.25,6,24
Illinois,90,2021-06-27,0.0,Beverages,0.0,203636305.0,0.0,53957960.25,6,25
Illinois,91,2021-07-04,235170642.0,Beverages,0.0,0.0,177749653.0,53957960.25,7,26
Illinois,92,2021-07-11,215153860.0,Beverages,235170642.0,0.0,0.0,58792660.5,7,27
Illinois,93,2021-07-18,0.0,Beverages,215153860.0,0.0,0.0,112581125.5,7,28
Illinois,94,2021-07-25,0.0,Beverages,0.0,215831841.0,0.0,112581125.5,7,29
Illinois,95,2021-08-01,215890758.0,Beverages,0.0,0.0,175411414.0,112581125.5,8,30
Illinois,96,2021-08-08,215452540.0,Beverages,215890758.0,0.0,179843016.0,107761154.5,8,31
Illinois,97,2021-08-15,0.0,Beverages,215452540.0,0.0,0.0,107835824.5,8,32
Illinois,98,2021-08-22,0.0,Beverages,0.0,235170642.0,0.0,107835824.5,8,33
Illinois,99,2021-08-29,0.0,Beverages,0.0,215153860.0,0.0,107835824.5,8,34
Illinois,100,2021-09-05,221934070.0,Beverages,0.0,0.0,180591262.0,53863135.0,9,35
Illinois,101,2021-09-12,203910158.0,Beverages,221934070.0,0.0,0.0,55483517.5,9,36
Illinois,102,2021-09-19,0.0,Beverages,203910158.0,215890758.0,0.0,106461057.0,9,37
Illinois,103,2021-09-26,0.0,Beverages,0.0,215452540.0,0.0,106461057.0,9,38
Illinois,104,2021-10-03,296380378.0,Beverages,0.0,0.0,194041117.0,106461057.0,10,39
Illinois,105,2021-10-10,295098248.0,Beverages,296380378.0,0.0,0.0,125072634.0,10,40
Illinois,106,2021-10-17,0.0,Beverages,295098248.0,0.0,0.0,147869656.5,10,41
Illinois,107,2021-10-24,0.0,Beverages,0.0,221934070.0,0.0,147869656.5,10,42
Illinois,108,2021-10-31,0.0,Beverages,0.0,203910158.0,196802111.0,147869656.5,10,43
Illinois,109,2021-11-07,281852380.0,Beverages,0.0,0.0,197492725.0,73774562.0,11,44
Illinois,110,2021-11-14,0.0,Beverages,281852380.0,0.0,0.0,70463095.0,11,45
Illinois,111,2021-11-21,0.0,Beverages,0.0,296380378.0,0.0,70463095.0,11,46
Illinois,112,2021-11-28,0.0,Beverages,0.0,295098248.0,205547366.0,70463095.0,11,47
Illinois,113,2021-12-05,276496520.0,Beverages,0.0,0.0,203636305.0,70463095.0,12,48
Illinois,114,2021-12-12,287001795.0,Beverages,276496520.0,0.0,0.0,69124130.0,12,49
Illinois,115,2021-12-19,0.0,Beverages,287001795.0,0.0,0.0,140874578.75,12,50
Illinois,116,2021-12-26,0.0,Beverages,0.0,281852380.0,0.0,140874578.75,12,51
Illinois,117,2022-01-02,274788693.0,Beverages,0.0,0.0,215831841.0,140874578.75,1,52
Illinois,118,2022-01-09,272958611.0,Beverages,274788693.0,0.0,0.0,140447622.0,1,1
Illinois,119,2022-01-16,0.0,Beverages,272958611.0,0.0,0.0,136936826.0,1,2
Illinois,120,2022-01-23,0.0,Beverages,0.0,276496520.0,0.0,136936826.0,1,3
Illinois,121,2022-01-30,0.0,Beverages,0.0,287001795.0,235170642.0,136936826.0,1,4
Illinois,122,2022-02-06,275702914.0,Beverages,0.0,0.0,215153860.0,68239652.75,2,5
Illinois,123,2022-02-13,0.0,Beverages,275702914.0,0.0,0.0,68925728.5,2,6
Illinois,124,2022-02-20,0.0,Beverages,0.0,274788693.0,0.0,68925728.5,2,7
Illinois,125,2022-02-27,0.0,Beverages,0.0,272958611.0,215890758.0,68925728.5,2,8
Illinois,126,2022-03-06,291370429.0,Beverages,0.0,0.0,215452540.0,68925728.5,3,9
Illinois,127,2022-03-13,0.0,Beverages,291370429.0,0.0,0.0,72842607.25,3,10
Illinois,128,2022-03-20,0.0,Beverages,0.0,0.0,0.0,72842607.25,3,11
Illinois,129,2022-03-27,0.0,Beverages,0.0,275702914.0,0.0,72842607.25,3,12
Illinois,130,2022-04-03,298511323.0,Beverages,0.0,0.0,221934070.0,72842607.25,4,13
Illinois,131,2022-04-10,300737051.0,Beverages,298511323.0,0.0,203910158.0,74627830.75,4,14
Illinois,132,2022-04-17,0.0,Beverages,300737051.0,0.0,0.0,149812093.5,4,15
Illinois,133,2022-04-24,0.0,Beverages,0.0,291370429.0,0.0,149812093.5,4,16
Illinois,134,2022-05-01,304066449.0,Beverages,0.0,0.0,296380378.0,149812093.5,5,17
Illinois,135,2022-05-08,307796462.0,Beverages,304066449.0,0.0,295098248.0,151200875.0,5,18
Illinois,136,2022-05-15,0.0,Beverages,307796462.0,0.0,0.0,152965727.75,5,19
Illinois,137,2022-05-22,0.0,Beverages,0.0,298511323.0,0.0,152965727.75,5,20
Illinois,138,2022-05-29,0.0,Beverages,0.0,300737051.0,0.0,152965727.75,5,21
Illinois,139,2022-06-05,326723707.0,Beverages,0.0,0.0,281852380.0,76949115.5,6,22
Illinois,140,2022-06-12,329303480.0,Beverages,326723707.0,0.0,0.0,81680926.75,6,23
Illinois,141,2022-06-19,0.0,Beverages,329303480.0,304066449.0,0.0,164006796.75,6,24
Illinois,142,2022-06-26,0.0,Beverages,0.0,307796462.0,0.0,164006796.75,6,25
Illinois,143,2022-07-03,351403843.0,Beverages,0.0,0.0,276496520.0,164006796.75,7,26
Illinois,144,2022-07-10,325136997.0,Beverages,351403843.0,0.0,287001795.0,170176830.75,7,27
Illinois,145,2022-07-17,0.0,Beverages,325136997.0,0.0,0.0,169135210.0,7,28
Illinois,146,2022-07-24,0.0,Beverages,0.0,326723707.0,0.0,169135210.0,7,29
Illinois,147,2022-07-31,0.0,Beverages,0.0,329303480.0,274788693.0,169135210.0,7,30
Illinois,148,2022-08-07,331640631.0,Beverages,0.0,0.0,272958611.0,81284249.25,8,31
Illinois,149,2022-08-14,0.0,Beverages,331640631.0,0.0,0.0,82910157.75,8,32
Illinois,150,2022-08-21,0.0,Beverages,0.0,351403843.0,0.0,82910157.75,8,33
Illinois,151,2022-08-28,0.0,Beverages,0.0,325136997.0,0.0,82910157.75,8,34
Illinois,152,2022-09-04,329332330.0,Beverages,0.0,0.0,275702914.0,82910157.75,9,35
Illinois,153,2022-09-11,320151749.0,Beverages,329332330.0,0.0,0.0,82333082.5,9,36
Illinois,154,2022-09-18,0.0,Beverages,320151749.0,0.0,0.0,162371019.75,9,37
Illinois,155,2022-09-25,0.0,Beverages,0.0,331640631.0,0.0,162371019.75,9,38
Illinois,156,2022-10-02,312342154.0,Beverages,0.0,0.0,291370429.0,162371019.75,10,39
Illinois,157,2022-10-09,311670696.0,Beverages,312342154.0,0.0,0.0,158123475.75,10,40
Illinois,158,2022-10-16,0.0,Beverages,311670696.0,0.0,0.0,156003212.5,10,41
Illinois,159,2022-10-23,0.0,Beverages,0.0,329332330.0,0.0,156003212.5,10,42
Illinois,160,2022-10-30,0.0,Beverages,0.0,320151749.0,298511323.0,156003212.5,10,43
Illinois,161,2022-11-06,297530775.0,Beverages,0.0,0.0,300737051.0,77917674.0,11,44
Illinois,162,2022-11-13,0.0,Beverages,297530775.0,0.0,0.0,74382693.75,11,45
Illinois,163,2022-11-20,0.0,Beverages,0.0,312342154.0,0.0,74382693.75,11,46
Illinois,164,2022-11-27,0.0,Beverages,0.0,311670696.0,304066449.0,74382693.75,11,47
Illinois,165,2022-12-04,292748360.0,Beverages,0.0,0.0,307796462.0,74382693.75,12,48
Illinois,166,2022-12-11,303436767.0,Beverages,292748360.0,0.0,0.0,73187090.0,12,49
Illinois,167,2022-12-18,0.0,Beverages,303436767.0,0.0,0.0,149046281.75,12,50
Illinois,168,2022-12-25,0.0,Beverages,0.0,297530775.0,0.0,149046281.75,12,51
Illinois,169,2023-01-01,288821985.0,Beverages,0.0,0.0,326723707.0,149046281.75,1,52
Illinois,170,2023-01-08,282394916.0,Beverages,288821985.0,0.0,329303480.0,148064688.0,1,1
Illinois,171,2023-01-15,0.0,Beverages,282394916.0,0.0,0.0,142804225.25,1,2
Illinois,172,2023-01-22,0.0,Beverages,0.0,292748360.0,0.0,142804225.25,1,3
Illinois,173,2023-01-29,0.0,Beverages,0.0,303436767.0,351403843.0,142804225.25,1,4
Illinois,174,2023-02-05,291522543.0,Beverages,0.0,0.0,325136997.0,70598729.0,2,5
Illinois,175,2023-02-12,304521956.0,Beverages,291522543.0,0.0,0.0,72880635.75,2,6
Illinois,176,2023-02-19,0.0,Beverages,304521956.0,288821985.0,0.0,149011124.75,2,7
Illinois,177,2023-02-26,0.0,Beverages,0.0,282394916.0,0.0,149011124.75,2,8
Illinois,178,2023-03-05,315399969.0,Beverages,0.0,0.0,331640631.0,149011124.75,3,9
Illinois,179,2023-03-12,345355526.0,Beverages,315399969.0,0.0,0.0,154980481.25,3,10
Illinois,180,2023-03-19,0.0,Beverages,345355526.0,0.0,0.0,165188873.75,3,11
Illinois,181,2023-03-26,0.0,Beverages,0.0,291522543.0,0.0,165188873.75,3,12
Illinois,182,2023-04-02,300303597.0,Beverages,0.0,304521956.0,329332330.0,165188873.75,4,13
Illinois,183,2023-04-09,324769883.0,Beverages,300303597.0,0.0,320151749.0,161414780.75,4,14
Illinois,184,2023-04-16,0.0,Beverages,324769883.0,0.0,0.0,156268370.0,4,15
Illinois,185,2023-04-23,0.0,Beverages,0.0,315399969.0,0.0,156268370.0,4,16
Illinois,186,2023-04-30,0.0,Beverages,0.0,345355526.0,312342154.0,156268370.0,4,17
Illinois,187,2023-05-07,327722103.0,Beverages,0.0,0.0,311670696.0,81192470.75,5,18
Indiana,30,2020-05-03,131456101.0,Beverages,0.0,0.0,127850725.0,62246761.25,5,18
Indiana,31,2020-05-10,134548294.0,Beverages,131456101.0,0.0,0.0,64835604.75,5,19
Indiana,32,2020-05-17,0.0,Beverages,134548294.0,0.0,0.0,66501098.75,5,20
Indiana,33,2020-05-24,0.0,Beverages,0.0,121100727.0,0.0,66501098.75,5,21
Indiana,34,2020-05-31,0.0,Beverages,0.0,127886318.0,117416242.0,66501098.75,5,22
Indiana,35,2020-06-07,144255565.0,Beverages,0.0,0.0,116620226.0,33637073.5,6,23
Indiana,36,2020-06-14,0.0,Beverages,144255565.0,0.0,0.0,36063891.25,6,24
Indiana,37,2020-06-21,0.0,Beverages,0.0,131456101.0,0.0,36063891.25,6,25
Indiana,38,2020-06-28,0.0,Beverages,0.0,134548294.0,117489219.0,36063891.25,6,26
Indiana,39,2020-07-05,157947108.0,Beverages,0.0,0.0,116356931.0,36063891.25,7,27
Indiana,40,2020-07-12,143800891.0,Beverages,157947108.0,0.0,0.0,39486777.0,7,28
Indiana,41,2020-07-19,0.0,Beverages,143800891.0,0.0,0.0,75436999.75,7,29
Indiana,42,2020-07-26,0.0,Beverages,0.0,144255565.0,0.0,75436999.75,7,30
Indiana,43,2020-08-02,140146752.0,Beverages,0.0,0.0,115775164.0,75436999.75,8,31
Indiana,44,2020-08-09,141463339.0,Beverages,140146752.0,0.0,116809953.0,70986910.75,8,32
Indiana,45,2020-08-16,0.0,Beverages,141463339.0,0.0,0.0,70402522.75,8,33
Indiana,46,2020-08-23,0.0,Beverages,0.0,157947108.0,0.0,70402522.75,8,34
Indiana,47,2020-08-30,0.0,Beverages,0.0,143800891.0,116658532.0,70402522.75,8,35
Indiana,48,2020-09-06,138670536.0,Beverages,0.0,0.0,115649156.0,35365834.75,9,36
Indiana,49,2020-09-13,0.0,Beverages,138670536.0,0.0,0.0,34667634.0,9,37
Indiana,50,2020-09-20,0.0,Beverages,0.0,140146752.0,0.0,34667634.0,9,38
Indiana,51,2020-09-27,0.0,Beverages,0.0,141463339.0,122128860.0,34667634.0,9,39
Indiana,52,2020-10-04,132507588.0,Beverages,0.0,0.0,124331397.0,34667634.0,10,40
Indiana,53,2020-10-11,131283884.0,Beverages,132507588.0,0.0,0.0,33126897.0,10,41
Indiana,54,2020-10-18,0.0,Beverages,131283884.0,0.0,0.0,65947868.0,10,42
Indiana,55,2020-10-25,0.0,Beverages,0.0,138670536.0,0.0,65947868.0,10,43
Indiana,56,2020-11-01,126201511.0,Beverages,0.0,0.0,121100727.0,65947868.0,11,44
Indiana,57,2020-11-08,128086368.0,Beverages,126201511.0,0.0,127886318.0,64371348.75,11,45
Indiana,58,2020-11-15,0.0,Beverages,128086368.0,0.0,0.0,63571969.75,11,46
Indiana,59,2020-11-22,0.0,Beverages,0.0,132507588.0,0.0,63571969.75,11,47
Indiana,60,2020-11-29,0.0,Beverages,0.0,131283884.0,131456101.0,63571969.75,11,48
Indiana,61,2020-12-06,122077377.0,Beverages,0.0,0.0,134548294.0,32021592.0,12,49
Indiana,62,2020-12-13,0.0,Beverages,122077377.0,0.0,0.0,30519344.25,12,50
Indiana,63,2020-12-20,0.0,Beverages,0.0,126201511.0,0.0,30519344.25,12,51
Indiana,64,2020-12-27,0.0,Beverages,0.0,128086368.0,0.0,30519344.25,12,52
Indiana,65,2021-01-03,124091850.0,Beverages,0.0,0.0,144255565.0,30519344.25,1,53
Indiana,66,2021-01-10,123636113.0,Beverages,124091850.0,0.0,0.0,31022962.5,1,1
Indiana,67,2021-01-17,0.0,Beverages,123636113.0,0.0,0.0,61931990.75,1,2
Indiana,68,2021-01-24,0.0,Beverages,0.0,122077377.0,0.0,61931990.75,1,3
Indiana,69,2021-01-31,0.0,Beverages,0.0,0.0,157947108.0,61931990.75,1,4
Indiana,70,2021-02-07,125502845.0,Beverages,0.0,0.0,143800891.0,30909028.25,2,5
Indiana,71,2021-02-14,0.0,Beverages,125502845.0,0.0,0.0,31375711.25,2,6
Indiana,72,2021-02-21,0.0,Beverages,0.0,124091850.0,0.0,31375711.25,2,7
Indiana,73,2021-02-28,0.0,Beverages,0.0,123636113.0,140146752.0,31375711.25,2,8
Indiana,74,2021-03-07,134629998.0,Beverages,0.0,0.0,141463339.0,31375711.25,3,9
Indiana,75,2021-03-14,0.0,Beverages,134629998.0,0.0,0.0,33657499.5,3,10
Indiana,76,2021-03-21,0.0,Beverages,0.0,0.0,0.0,33657499.5,3,11
Indiana,77,2021-03-28,0.0,Beverages,0.0,125502845.0,0.0,33657499.5,3,12
Indiana,78,2021-04-04,135173535.0,Beverages,0.0,0.0,138670536.0,33657499.5,4,13
Indiana,79,2021-04-11,136162877.0,Beverages,135173535.0,0.0,0.0,33793383.75,4,14
Indiana,80,2021-04-18,0.0,Beverages,136162877.0,0.0,0.0,67834103.0,4,15
Indiana,81,2021-04-25,0.0,Beverages,0.0,134629998.0,0.0,67834103.0,4,16
Indiana,82,2021-05-02,143657224.0,Beverages,0.0,0.0,132507588.0,67834103.0,5,17
Indiana,83,2021-05-09,143864880.0,Beverages,143657224.0,0.0,131283884.0,69955025.25,5,18
Indiana,84,2021-05-16,0.0,Beverages,143864880.0,0.0,0.0,71880526.0,5,19
Indiana,85,2021-05-23,0.0,Beverages,0.0,135173535.0,0.0,71880526.0,5,20
Indiana,86,2021-05-30,0.0,Beverages,0.0,136162877.0,126201511.0,71880526.0,5,21
Indiana,87,2021-06-06,152115833.0,Beverages,0.0,0.0,128086368.0,35966220.0,6,22
Indiana,88,2021-06-13,0.0,Beverages,152115833.0,0.0,0.0,38028958.25,6,23
Indiana,89,2021-06-20,0.0,Beverages,0.0,143657224.0,0.0,38028958.25,6,24
Indiana,90,2021-06-27,0.0,Beverages,0.0,143864880.0,0.0,38028958.25,6,25
Indiana,91,2021-07-04,166676546.0,Beverages,0.0,0.0,122077377.0,38028958.25,7,26
Indiana,92,2021-07-11,153095084.0,Beverages,166676546.0,0.0,0.0,41669136.5,7,27
Indiana,93,2021-07-18,0.0,Beverages,153095084.0,0.0,0.0,79942907.5,7,28
Indiana,94,2021-07-25,0.0,Beverages,0.0,152115833.0,0.0,79942907.5,7,29
Indiana,95,2021-08-01,151862964.0,Beverages,0.0,0.0,124091850.0,79942907.5,8,30
Indiana,96,2021-08-08,150564393.0,Beverages,151862964.0,0.0,123636113.0,76239512.0,8,31
Indiana,97,2021-08-15,0.0,Beverages,150564393.0,0.0,0.0,75606839.25,8,32
Indiana,98,2021-08-22,0.0,Beverages,0.0,166676546.0,0.0,75606839.25,8,33
Indiana,99,2021-08-29,0.0,Beverages,0.0,153095084.0,0.0,75606839.25,8,34
Indiana,100,2021-09-05,153501543.0,Beverages,0.0,0.0,125502845.0,37641098.25,9,35
Indiana,101,2021-09-12,146855493.0,Beverages,153501543.0,0.0,0.0,38375385.75,9,36
Indiana,102,2021-09-19,0.0,Beverages,146855493.0,151862964.0,0.0,75089259.0,9,37
Indiana,103,2021-09-26,0.0,Beverages,0.0,150564393.0,0.0,75089259.0,9,38
Indiana,104,2021-10-03,205571442.0,Beverages,0.0,0.0,134629998.0,75089259.0,10,39
Indiana,105,2021-10-10,204222463.0,Beverages,205571442.0,0.0,0.0,88106733.75,10,40
Indiana,106,2021-10-17,0.0,Beverages,204222463.0,0.0,0.0,102448476.25,10,41
Indiana,107,2021-10-24,0.0,Beverages,0.0,153501543.0,0.0,102448476.25,10,42
Indiana,108,2021-10-31,0.0,Beverages,0.0,146855493.0,135173535.0,102448476.25,10,43
Indiana,109,2021-11-07,195899422.0,Beverages,0.0,0.0,136162877.0,51055615.75,11,44
Indiana,110,2021-11-14,0.0,Beverages,195899422.0,0.0,0.0,48974855.5,11,45
Indiana,111,2021-11-21,0.0,Beverages,0.0,205571442.0,0.0,48974855.5,11,46
Indiana,112,2021-11-28,0.0,Beverages,0.0,204222463.0,143657224.0,48974855.5,11,47
Indiana,113,2021-12-05,189111354.0,Beverages,0.0,0.0,143864880.0,48974855.5,12,48
Indiana,114,2021-12-12,198276752.0,Beverages,189111354.0,0.0,0.0,47277838.5,12,49
Indiana,115,2021-12-19,0.0,Beverages,198276752.0,0.0,0.0,96847026.5,12,50
Indiana,116,2021-12-26,0.0,Beverages,0.0,195899422.0,0.0,96847026.5,12,51
Indiana,117,2022-01-02,190740274.0,Beverages,0.0,0.0,152115833.0,96847026.5,1,52
Indiana,118,2022-01-09,190489567.0,Beverages,190740274.0,0.0,0.0,97254256.5,1,1
Indiana,119,2022-01-16,0.0,Beverages,190489567.0,0.0,0.0,95307460.25,1,2
Indiana,120,2022-01-23,0.0,Beverages,0.0,189111354.0,0.0,95307460.25,1,3
Indiana,121,2022-01-30,0.0,Beverages,0.0,198276752.0,166676546.0,95307460.25,1,4
Indiana,122,2022-02-06,194929081.0,Beverages,0.0,0.0,153095084.0,47622391.75,2,5
Indiana,123,2022-02-13,0.0,Beverages,194929081.0,0.0,0.0,48732270.25,2,6
Indiana,124,2022-02-20,0.0,Beverages,0.0,190740274.0,0.0,48732270.25,2,7
Indiana,125,2022-02-27,0.0,Beverages,0.0,190489567.0,151862964.0,48732270.25,2,8
Indiana,126,2022-03-06,202181303.0,Beverages,0.0,0.0,150564393.0,48732270.25,3,9
Indiana,127,2022-03-13,0.0,Beverages,202181303.0,0.0,0.0,50545325.75,3,10
Indiana,128,2022-03-20,0.0,Beverages,0.0,0.0,0.0,50545325.75,3,11
Indiana,129,2022-03-27,0.0,Beverages,0.0,194929081.0,0.0,50545325.75,3,12
Indiana,130,2022-04-03,206089832.0,Beverages,0.0,0.0,153501543.0,50545325.75,4,13
Indiana,131,2022-04-10,208023752.0,Beverages,206089832.0,0.0,146855493.0,51522458.0,4,14
Indiana,132,2022-04-17,0.0,Beverages,208023752.0,0.0,0.0,103528396.0,4,15
Indiana,133,2022-04-24,0.0,Beverages,0.0,202181303.0,0.0,103528396.0,4,16
Indiana,134,2022-05-01,212444441.0,Beverages,0.0,0.0,205571442.0,103528396.0,5,17
Indiana,135,2022-05-08,213902089.0,Beverages,212444441.0,0.0,204222463.0,105117048.25,5,18
Indiana,136,2022-05-15,0.0,Beverages,213902089.0,0.0,0.0,106586632.5,5,19
Indiana,137,2022-05-22,0.0,Beverages,0.0,206089832.0,0.0,106586632.5,5,20
Indiana,138,2022-05-29,0.0,Beverages,0.0,208023752.0,0.0,106586632.5,5,21
Indiana,139,2022-06-05,223844828.0,Beverages,0.0,0.0,195899422.0,53475522.25,6,22
Indiana,140,2022-06-12,224741381.0,Beverages,223844828.0,0.0,0.0,55961207.0,6,23
Indiana,141,2022-06-19,0.0,Beverages,224741381.0,212444441.0,0.0,112146552.25,6,24
Indiana,142,2022-06-26,0.0,Beverages,0.0,213902089.0,0.0,112146552.25,6,25
Indiana,143,2022-07-03,245802193.0,Beverages,0.0,0.0,189111354.0,112146552.25,7,26
Indiana,144,2022-07-10,225822175.0,Beverages,245802193.0,0.0,198276752.0,117635893.5,7,27
Indiana,145,2022-07-17,0.0,Beverages,225822175.0,0.0,0.0,117906092.0,7,28
Indiana,146,2022-07-24,0.0,Beverages,0.0,223844828.0,0.0,117906092.0,7,29
Indiana,147,2022-07-31,0.0,Beverages,0.0,224741381.0,190740274.0,117906092.0,7,30
Indiana,148,2022-08-07,233222693.0,Beverages,0.0,0.0,190489567.0,56455543.75,8,31
Indiana,149,2022-08-14,0.0,Beverages,233222693.0,0.0,0.0,58305673.25,8,32
Indiana,150,2022-08-21,0.0,Beverages,0.0,245802193.0,0.0,58305673.25,8,33
Indiana,151,2022-08-28,0.0,Beverages,0.0,225822175.0,0.0,58305673.25,8,34
Indiana,152,2022-09-04,231355927.0,Beverages,0.0,0.0,194929081.0,58305673.25,9,35
Indiana,153,2022-09-11,225562302.0,Beverages,231355927.0,0.0,0.0,57838981.75,9,36
Indiana,154,2022-09-18,0.0,Beverages,225562302.0,0.0,0.0,114229557.25,9,37
Indiana,155,2022-09-25,0.0,Beverages,0.0,233222693.0,0.0,114229557.25,9,38
Indiana,156,2022-10-02,219252982.0,Beverages,0.0,0.0,202181303.0,114229557.25,10,39
Indiana,157,2022-10-09,216869531.0,Beverages,219252982.0,0.0,0.0,111203821.0,10,40
Indiana,158,2022-10-16,0.0,Beverages,216869531.0,0.0,0.0,109030628.25,10,41
Indiana,159,2022-10-23,0.0,Beverages,0.0,231355927.0,0.0,109030628.25,10,42
Indiana,160,2022-10-30,0.0,Beverages,0.0,225562302.0,206089832.0,109030628.25,10,43
Indiana,161,2022-11-06,207047247.0,Beverages,0.0,0.0,208023752.0,54217382.75,11,44
Indiana,162,2022-11-13,0.0,Beverages,207047247.0,0.0,0.0,51761811.75,11,45
Indiana,163,2022-11-20,0.0,Beverages,0.0,219252982.0,0.0,51761811.75,11,46
Indiana,164,2022-11-27,0.0,Beverages,0.0,216869531.0,212444441.0,51761811.75,11,47
Indiana,165,2022-12-04,200675535.0,Beverages,0.0,0.0,213902089.0,51761811.75,12,48
Indiana,166,2022-12-11,209083531.0,Beverages,200675535.0,0.0,0.0,50168883.75,12,49
Indiana,167,2022-12-18,0.0,Beverages,209083531.0,0.0,0.0,102439766.5,12,50
Indiana,168,2022-12-25,0.0,Beverages,0.0,207047247.0,0.0,102439766.5,12,51
Indiana,169,2023-01-01,198002149.0,Beverages,0.0,0.0,223844828.0,102439766.5,1,52
Indiana,170,2023-01-08,196394618.0,Beverages,198002149.0,0.0,224741381.0,101771420.0,1,1
Indiana,171,2023-01-15,0.0,Beverages,196394618.0,0.0,0.0,98599191.75,1,2
Indiana,172,2023-01-22,0.0,Beverages,0.0,200675535.0,0.0,98599191.75,1,3
Indiana,173,2023-01-29,0.0,Beverages,0.0,209083531.0,245802193.0,98599191.75,1,4
Indiana,174,2023-02-05,206145477.0,Beverages,0.0,0.0,225822175.0,49098654.5,2,5
Indiana,175,2023-02-12,210189134.0,Beverages,206145477.0,0.0,0.0,51536369.25,2,6
Indiana,176,2023-02-19,0.0,Beverages,210189134.0,198002149.0,0.0,104083652.75,2,7
Indiana,177,2023-02-26,0.0,Beverages,0.0,196394618.0,0.0,104083652.75,2,8
Indiana,178,2023-03-05,218242635.0,Beverages,0.0,0.0,233222693.0,104083652.75,3,9
Indiana,179,2023-03-12,233961027.0,Beverages,218242635.0,0.0,0.0,107107942.25,3,10
Indiana,180,2023-03-19,0.0,Beverages,233961027.0,0.0,0.0,113050915.5,3,11
Indiana,181,2023-03-26,0.0,Beverages,0.0,206145477.0,0.0,113050915.5,3,12
Indiana,182,2023-04-02,209455408.0,Beverages,0.0,210189134.0,231355927.0,113050915.5,4,13
Indiana,183,2023-04-09,223116175.0,Beverages,209455408.0,0.0,225562302.0,110854108.75,4,14
Indiana,184,2023-04-16,0.0,Beverages,223116175.0,0.0,0.0,108142895.75,4,15
Indiana,185,2023-04-23,0.0,Beverages,0.0,218242635.0,0.0,108142895.75,4,16
Indiana,186,2023-04-30,0.0,Beverages,0.0,233961027.0,219252982.0,108142895.75,4,17
Indiana,187,2023-05-07,232091906.0,Beverages,0.0,0.0,216869531.0,55779043.75,5,18
Iowa,30,2020-05-03,71602720.0,Beverages,0.0,0.0,63444415.0,33138277.75,5,18
Iowa,31,2020-05-10,70346550.0,Beverages,71602720.0,0.0,0.0,34441468.5,5,19
Iowa,32,2020-05-17,0.0,Beverages,70346550.0,0.0,0.0,35487317.5,5,20
Iowa,33,2020-05-24,0.0,Beverages,0.0,66389957.0,0.0,35487317.5,5,21
Iowa,34,2020-05-31,0.0,Beverages,0.0,66163154.0,62361904.0,35487317.5,5,22
Iowa,35,2020-06-07,79630034.0,Beverages,0.0,0.0,62117990.0,17586637.5,6,23
Iowa,36,2020-06-14,0.0,Beverages,79630034.0,0.0,0.0,19907508.5,6,24
Iowa,37,2020-06-21,0.0,Beverages,0.0,71602720.0,0.0,19907508.5,6,25
Iowa,38,2020-06-28,0.0,Beverages,0.0,70346550.0,60702758.0,19907508.5,6,26
Iowa,39,2020-07-05,80322689.0,Beverages,0.0,0.0,63074140.0,19907508.5,7,27
Iowa,40,2020-07-12,76363182.0,Beverages,80322689.0,0.0,0.0,20080672.25,7,28
Iowa,41,2020-07-19,0.0,Beverages,76363182.0,0.0,0.0,39171467.75,7,29
Iowa,42,2020-07-26,0.0,Beverages,0.0,79630034.0,0.0,39171467.75,7,30
Iowa,43,2020-08-02,75647606.0,Beverages,0.0,0.0,59067696.0,39171467.75,8,31
Iowa,44,2020-08-09,74943873.0,Beverages,75647606.0,0.0,60918899.0,38002697.0,8,32
Iowa,45,2020-08-16,0.0,Beverages,74943873.0,0.0,0.0,37647869.75,8,33
Iowa,46,2020-08-23,0.0,Beverages,0.0,80322689.0,0.0,37647869.75,8,34
Iowa,47,2020-08-30,0.0,Beverages,0.0,76363182.0,60863495.0,37647869.75,8,35
Iowa,48,2020-09-06,72476738.0,Beverages,0.0,0.0,59036831.0,18735968.25,9,36
Iowa,49,2020-09-13,0.0,Beverages,72476738.0,0.0,0.0,18119184.5,9,37
Iowa,50,2020-09-20,0.0,Beverages,0.0,75647606.0,0.0,18119184.5,9,38
Iowa,51,2020-09-27,0.0,Beverages,0.0,74943873.0,64202566.0,18119184.5,9,39
Iowa,52,2020-10-04,67069562.0,Beverages,0.0,0.0,65961485.0,18119184.5,10,40
Iowa,53,2020-10-11,68954557.0,Beverages,67069562.0,0.0,0.0,16767390.5,10,41
Iowa,54,2020-10-18,0.0,Beverages,68954557.0,0.0,0.0,34006029.75,10,42
Iowa,55,2020-10-25,0.0,Beverages,0.0,72476738.0,0.0,34006029.75,10,43
Iowa,56,2020-11-01,65694281.0,Beverages,0.0,0.0,66389957.0,34006029.75,11,44
Iowa,57,2020-11-08,67146619.0,Beverages,65694281.0,0.0,66163154.0,33662209.5,11,45
Iowa,58,2020-11-15,0.0,Beverages,67146619.0,0.0,0.0,33210225.0,11,46
Iowa,59,2020-11-22,0.0,Beverages,0.0,67069562.0,0.0,33210225.0,11,47
Iowa,60,2020-11-29,0.0,Beverages,0.0,68954557.0,71602720.0,33210225.0,11,48
Iowa,61,2020-12-06,65202298.0,Beverages,0.0,0.0,70346550.0,16786654.75,12,49
Iowa,62,2020-12-13,0.0,Beverages,65202298.0,0.0,0.0,16300574.5,12,50
Iowa,63,2020-12-20,0.0,Beverages,0.0,65694281.0,0.0,16300574.5,12,51
Iowa,64,2020-12-27,0.0,Beverages,0.0,67146619.0,0.0,16300574.5,12,52
Iowa,65,2021-01-03,61085596.0,Beverages,0.0,0.0,79630034.0,16300574.5,1,53
Iowa,66,2021-01-10,63759010.0,Beverages,61085596.0,0.0,0.0,15271399.0,1,1
Iowa,67,2021-01-17,0.0,Beverages,63759010.0,0.0,0.0,31211151.5,1,2
Iowa,68,2021-01-24,0.0,Beverages,0.0,65202298.0,0.0,31211151.5,1,3
Iowa,69,2021-01-31,0.0,Beverages,0.0,0.0,80322689.0,31211151.5,1,4
Iowa,70,2021-02-07,64829760.0,Beverages,0.0,0.0,76363182.0,15939752.5,2,5
Iowa,71,2021-02-14,0.0,Beverages,64829760.0,0.0,0.0,16207440.0,2,6
Iowa,72,2021-02-21,0.0,Beverages,0.0,61085596.0,0.0,16207440.0,2,7
Iowa,73,2021-02-28,0.0,Beverages,0.0,63759010.0,75647606.0,16207440.0,2,8
Iowa,74,2021-03-07,70225990.0,Beverages,0.0,0.0,74943873.0,16207440.0,3,9
Iowa,75,2021-03-14,0.0,Beverages,70225990.0,0.0,0.0,17556497.5,3,10
Iowa,76,2021-03-21,0.0,Beverages,0.0,0.0,0.0,17556497.5,3,11
Iowa,77,2021-03-28,0.0,Beverages,0.0,64829760.0,0.0,17556497.5,3,12
Iowa,78,2021-04-04,73011510.0,Beverages,0.0,0.0,72476738.0,17556497.5,4,13
Iowa,79,2021-04-11,70719000.0,Beverages,73011510.0,0.0,0.0,18252877.5,4,14
Iowa,80,2021-04-18,0.0,Beverages,70719000.0,0.0,0.0,35932627.5,4,15
Iowa,81,2021-04-25,0.0,Beverages,0.0,70225990.0,0.0,35932627.5,4,16
Iowa,82,2021-05-02,79067028.0,Beverages,0.0,0.0,67069562.0,35932627.5,5,17
Iowa,83,2021-05-09,76275585.0,Beverages,79067028.0,0.0,68954557.0,37446507.0,5,18
Iowa,84,2021-05-16,0.0,Beverages,76275585.0,0.0,0.0,38835653.25,5,19
Iowa,85,2021-05-23,0.0,Beverages,0.0,73011510.0,0.0,38835653.25,5,20
Iowa,86,2021-05-30,0.0,Beverages,0.0,70719000.0,65694281.0,38835653.25,5,21
Iowa,87,2021-06-06,84625327.0,Beverages,0.0,0.0,67146619.0,19068896.25,6,22
Iowa,88,2021-06-13,0.0,Beverages,84625327.0,0.0,0.0,21156331.75,6,23
Iowa,89,2021-06-20,0.0,Beverages,0.0,79067028.0,0.0,21156331.75,6,24
Iowa,90,2021-06-27,0.0,Beverages,0.0,76275585.0,0.0,21156331.75,6,25
Iowa,91,2021-07-04,86352759.0,Beverages,0.0,0.0,65202298.0,21156331.75,7,26
Iowa,92,2021-07-11,79246251.0,Beverages,86352759.0,0.0,0.0,21588189.75,7,27
Iowa,93,2021-07-18,0.0,Beverages,79246251.0,0.0,0.0,41399752.5,7,28
Iowa,94,2021-07-25,0.0,Beverages,0.0,84625327.0,0.0,41399752.5,7,29
Iowa,95,2021-08-01,79648389.0,Beverages,0.0,0.0,61085596.0,41399752.5,8,30
Iowa,96,2021-08-08,80043512.0,Beverages,79648389.0,0.0,63759010.0,39723660.0,8,31
Iowa,97,2021-08-15,0.0,Beverages,80043512.0,0.0,0.0,39922975.25,8,32
Iowa,98,2021-08-22,0.0,Beverages,0.0,86352759.0,0.0,39922975.25,8,33
Iowa,99,2021-08-29,0.0,Beverages,0.0,79246251.0,0.0,39922975.25,8,34
Iowa,100,2021-09-05,79767883.0,Beverages,0.0,0.0,64829760.0,20010878.0,9,35
Iowa,101,2021-09-12,73285694.0,Beverages,79767883.0,0.0,0.0,19941970.75,9,36
Iowa,102,2021-09-19,0.0,Beverages,73285694.0,79648389.0,0.0,38263394.25,9,37
Iowa,103,2021-09-26,0.0,Beverages,0.0,80043512.0,0.0,38263394.25,9,38
Iowa,104,2021-10-03,107123241.0,Beverages,0.0,0.0,70225990.0,38263394.25,10,39
Iowa,105,2021-10-10,106932039.0,Beverages,107123241.0,0.0,0.0,45102233.75,10,40
Iowa,106,2021-10-17,0.0,Beverages,106932039.0,0.0,0.0,53513820.0,10,41
Iowa,107,2021-10-24,0.0,Beverages,0.0,79767883.0,0.0,53513820.0,10,42
Iowa,108,2021-10-31,0.0,Beverages,0.0,73285694.0,73011510.0,53513820.0,10,43
Iowa,109,2021-11-07,103094970.0,Beverages,0.0,0.0,70719000.0,26733009.75,11,44
Iowa,110,2021-11-14,0.0,Beverages,103094970.0,0.0,0.0,25773742.5,11,45
Iowa,111,2021-11-21,0.0,Beverages,0.0,107123241.0,0.0,25773742.5,11,46
Iowa,112,2021-11-28,0.0,Beverages,0.0,106932039.0,79067028.0,25773742.5,11,47
Iowa,113,2021-12-05,102169961.0,Beverages,0.0,0.0,76275585.0,25773742.5,12,48
Iowa,114,2021-12-12,102182784.0,Beverages,102169961.0,0.0,0.0,25542490.25,12,49
Iowa,115,2021-12-19,0.0,Beverages,102182784.0,0.0,0.0,51088186.25,12,50
Iowa,116,2021-12-26,0.0,Beverages,0.0,103094970.0,0.0,51088186.25,12,51
Iowa,117,2022-01-02,95784306.0,Beverages,0.0,0.0,84625327.0,51088186.25,1,52
Iowa,118,2022-01-09,97403752.0,Beverages,95784306.0,0.0,0.0,49491772.5,1,1
Iowa,119,2022-01-16,0.0,Beverages,97403752.0,0.0,0.0,48297014.5,1,2
Iowa,120,2022-01-23,0.0,Beverages,0.0,102169961.0,0.0,48297014.5,1,3
Iowa,121,2022-01-30,0.0,Beverages,0.0,102182784.0,86352759.0,48297014.5,1,4
Iowa,122,2022-02-06,98650651.0,Beverages,0.0,0.0,79246251.0,24350938.0,2,5
Iowa,123,2022-02-13,0.0,Beverages,98650651.0,0.0,0.0,24662662.75,2,6
Iowa,124,2022-02-20,0.0,Beverages,0.0,95784306.0,0.0,24662662.75,2,7
Iowa,125,2022-02-27,0.0,Beverages,0.0,97403752.0,79648389.0,24662662.75,2,8
Iowa,126,2022-03-06,106337264.0,Beverages,0.0,0.0,80043512.0,24662662.75,3,9
Iowa,127,2022-03-13,0.0,Beverages,106337264.0,0.0,0.0,26584316.0,3,10
Iowa,128,2022-03-20,0.0,Beverages,0.0,0.0,0.0,26584316.0,3,11
Iowa,129,2022-03-27,0.0,Beverages,0.0,98650651.0,0.0,26584316.0,3,12
Iowa,130,2022-04-03,111445944.0,Beverages,0.0,0.0,79767883.0,26584316.0,4,13
Iowa,131,2022-04-10,111233416.0,Beverages,111445944.0,0.0,73285694.0,27861486.0,4,14
Iowa,132,2022-04-17,0.0,Beverages,111233416.0,0.0,0.0,55669840.0,4,15
Iowa,133,2022-04-24,0.0,Beverages,0.0,106337264.0,0.0,55669840.0,4,16
Iowa,134,2022-05-01,114451834.0,Beverages,0.0,0.0,107123241.0,55669840.0,5,17
Iowa,135,2022-05-08,113497323.0,Beverages,114451834.0,0.0,106932039.0,56421312.5,5,18
Iowa,136,2022-05-15,0.0,Beverages,113497323.0,0.0,0.0,56987289.25,5,19
Iowa,137,2022-05-22,0.0,Beverages,0.0,111445944.0,0.0,56987289.25,5,20
Iowa,138,2022-05-29,0.0,Beverages,0.0,111233416.0,0.0,56987289.25,5,21
Iowa,139,2022-06-05,122942227.0,Beverages,0.0,0.0,103094970.0,28374330.75,6,22
Iowa,140,2022-06-12,123855971.0,Beverages,122942227.0,0.0,0.0,30735556.75,6,23
Iowa,141,2022-06-19,0.0,Beverages,123855971.0,114451834.0,0.0,61699549.5,6,24
Iowa,142,2022-06-26,0.0,Beverages,0.0,113497323.0,0.0,61699549.5,6,25
Iowa,143,2022-07-03,127666471.0,Beverages,0.0,0.0,102169961.0,61699549.5,7,26
Iowa,144,2022-07-10,118292839.0,Beverages,127666471.0,0.0,102182784.0,62880610.5,7,27
Iowa,145,2022-07-17,0.0,Beverages,118292839.0,0.0,0.0,61489827.5,7,28
Iowa,146,2022-07-24,0.0,Beverages,0.0,122942227.0,0.0,61489827.5,7,29
Iowa,147,2022-07-31,0.0,Beverages,0.0,123855971.0,95784306.0,61489827.5,7,30
Iowa,148,2022-08-07,121017679.0,Beverages,0.0,0.0,97403752.0,29573209.75,8,31
Iowa,149,2022-08-14,0.0,Beverages,121017679.0,0.0,0.0,30254419.75,8,32
Iowa,150,2022-08-21,0.0,Beverages,0.0,127666471.0,0.0,30254419.75,8,33
Iowa,151,2022-08-28,0.0,Beverages,0.0,118292839.0,0.0,30254419.75,8,34
Iowa,152,2022-09-04,118474984.0,Beverages,0.0,0.0,98650651.0,30254419.75,9,35
Iowa,153,2022-09-11,114040881.0,Beverages,118474984.0,0.0,0.0,29618746.0,9,36
Iowa,154,2022-09-18,0.0,Beverages,114040881.0,0.0,0.0,58128966.25,9,37
Iowa,155,2022-09-25,0.0,Beverages,0.0,121017679.0,0.0,58128966.25,9,38
Iowa,156,2022-10-02,112398449.0,Beverages,0.0,0.0,106337264.0,58128966.25,10,39
Iowa,157,2022-10-09,113810898.0,Beverages,112398449.0,0.0,0.0,56609832.5,10,40
Iowa,158,2022-10-16,0.0,Beverages,113810898.0,0.0,0.0,56552336.75,10,41
Iowa,159,2022-10-23,0.0,Beverages,0.0,118474984.0,0.0,56552336.75,10,42
Iowa,160,2022-10-30,0.0,Beverages,0.0,114040881.0,111445944.0,56552336.75,10,43
Iowa,161,2022-11-06,108982306.0,Beverages,0.0,0.0,111233416.0,28452724.5,11,44
Iowa,162,2022-11-13,0.0,Beverages,108982306.0,0.0,0.0,27245576.5,11,45
Iowa,163,2022-11-20,0.0,Beverages,0.0,112398449.0,0.0,27245576.5,11,46
Iowa,164,2022-11-27,0.0,Beverages,0.0,113810898.0,114451834.0,27245576.5,11,47
Iowa,165,2022-12-04,107410636.0,Beverages,0.0,0.0,113497323.0,27245576.5,12,48
Iowa,166,2022-12-11,109326075.0,Beverages,107410636.0,0.0,0.0,26852659.0,12,49
Iowa,167,2022-12-18,0.0,Beverages,109326075.0,0.0,0.0,54184177.75,12,50
Iowa,168,2022-12-25,0.0,Beverages,0.0,108982306.0,0.0,54184177.75,12,51
Iowa,169,2023-01-01,103388682.0,Beverages,0.0,0.0,122942227.0,54184177.75,1,52
Iowa,170,2023-01-08,102855771.0,Beverages,103388682.0,0.0,123855971.0,53178689.25,1,1
Iowa,171,2023-01-15,0.0,Beverages,102855771.0,0.0,0.0,51561113.25,1,2
Iowa,172,2023-01-22,0.0,Beverages,0.0,107410636.0,0.0,51561113.25,1,3
Iowa,173,2023-01-29,0.0,Beverages,0.0,109326075.0,127666471.0,51561113.25,1,4
Iowa,174,2023-02-05,107185445.0,Beverages,0.0,0.0,118292839.0,25713942.75,2,5
Iowa,175,2023-02-12,111245455.0,Beverages,107185445.0,0.0,0.0,26796361.25,2,6
Iowa,176,2023-02-19,0.0,Beverages,111245455.0,103388682.0,0.0,54607725.0,2,7
Iowa,177,2023-02-26,0.0,Beverages,0.0,102855771.0,0.0,54607725.0,2,8
Iowa,178,2023-03-05,114188857.0,Beverages,0.0,0.0,121017679.0,54607725.0,3,9
Iowa,179,2023-03-12,118082890.0,Beverages,114188857.0,0.0,0.0,56358578.0,3,10
Iowa,180,2023-03-19,0.0,Beverages,118082890.0,0.0,0.0,58067936.75,3,11
Iowa,181,2023-03-26,0.0,Beverages,0.0,107185445.0,0.0,58067936.75,3,12
Iowa,182,2023-04-02,114064233.0,Beverages,0.0,111245455.0,118474984.0,58067936.75,4,13
Iowa,183,2023-04-09,118362929.0,Beverages,114064233.0,0.0,114040881.0,58036780.75,4,14
Iowa,184,2023-04-16,0.0,Beverages,118362929.0,0.0,0.0,58106790.5,4,15
Iowa,185,2023-04-23,0.0,Beverages,0.0,114188857.0,0.0,58106790.5,4,16
Iowa,186,2023-04-30,0.0,Beverages,0.0,118082890.0,112398449.0,58106790.5,4,17
Iowa,187,2023-05-07,123791461.0,Beverages,0.0,0.0,113810898.0,29590732.25,5,18
Kansas,30,2020-05-03,55107460.0,Beverages,0.0,0.0,50331959.0,26283059.5,5,18
Kansas,31,2020-05-10,54867045.0,Beverages,55107460.0,0.0,0.0,27275028.75,5,19
Kansas,32,2020-05-17,0.0,Beverages,54867045.0,0.0,0.0,27493626.25,5,20
Kansas,33,2020-05-24,0.0,Beverages,0.0,51139583.0,0.0,27493626.25,5,21
Kansas,34,2020-05-31,0.0,Beverages,0.0,53992655.0,47489199.0,27493626.25,5,22
Kansas,35,2020-06-07,60420222.0,Beverages,0.0,0.0,48524050.0,13716761.25,6,23
Kansas,36,2020-06-14,0.0,Beverages,60420222.0,0.0,0.0,15105055.5,6,24
Kansas,37,2020-06-21,0.0,Beverages,0.0,55107460.0,0.0,15105055.5,6,25
Kansas,38,2020-06-28,0.0,Beverages,0.0,54867045.0,48255943.0,15105055.5,6,26
Kansas,39,2020-07-05,62341967.0,Beverages,0.0,0.0,48371114.0,15105055.5,7,27
Kansas,40,2020-07-12,57070126.0,Beverages,62341967.0,0.0,0.0,15585491.75,7,28
Kansas,41,2020-07-19,0.0,Beverages,57070126.0,0.0,0.0,29853023.25,7,29
Kansas,42,2020-07-26,0.0,Beverages,0.0,60420222.0,0.0,29853023.25,7,30
Kansas,43,2020-08-02,55336553.0,Beverages,0.0,0.0,47926649.0,29853023.25,8,31
Kansas,44,2020-08-09,56686281.0,Beverages,55336553.0,0.0,47874480.0,28101669.75,8,32
Kansas,45,2020-08-16,0.0,Beverages,56686281.0,0.0,0.0,28005708.5,8,33
Kansas,46,2020-08-23,0.0,Beverages,0.0,62341967.0,0.0,28005708.5,8,34
Kansas,47,2020-08-30,0.0,Beverages,0.0,57070126.0,48454430.0,28005708.5,8,35
Kansas,48,2020-09-06,56449771.0,Beverages,0.0,0.0,46767766.0,14171570.25,9,36
Kansas,49,2020-09-13,0.0,Beverages,56449771.0,0.0,0.0,14112442.75,9,37
Kansas,50,2020-09-20,0.0,Beverages,0.0,55336553.0,0.0,14112442.75,9,38
Kansas,51,2020-09-27,0.0,Beverages,0.0,56686281.0,49739279.0,14112442.75,9,39
Kansas,52,2020-10-04,52679711.0,Beverages,0.0,0.0,50679734.0,14112442.75,10,40
Kansas,53,2020-10-11,53467896.0,Beverages,52679711.0,0.0,0.0,13169927.75,10,41
Kansas,54,2020-10-18,0.0,Beverages,53467896.0,0.0,0.0,26536901.75,10,42
Kansas,55,2020-10-25,0.0,Beverages,0.0,56449771.0,0.0,26536901.75,10,43
Kansas,56,2020-11-01,49731547.0,Beverages,0.0,0.0,51139583.0,26536901.75,11,44
Kansas,57,2020-11-08,52059074.0,Beverages,49731547.0,0.0,53992655.0,25799860.75,11,45
Kansas,58,2020-11-15,0.0,Beverages,52059074.0,0.0,0.0,25447655.25,11,46
Kansas,59,2020-11-22,0.0,Beverages,0.0,52679711.0,0.0,25447655.25,11,47
Kansas,60,2020-11-29,0.0,Beverages,0.0,53467896.0,55107460.0,25447655.25,11,48
Kansas,61,2020-12-06,50030283.0,Beverages,0.0,0.0,54867045.0,13014768.5,12,49
Kansas,62,2020-12-13,0.0,Beverages,50030283.0,0.0,0.0,12507570.75,12,50
Kansas,63,2020-12-20,0.0,Beverages,0.0,49731547.0,0.0,12507570.75,12,51
Kansas,64,2020-12-27,0.0,Beverages,0.0,52059074.0,0.0,12507570.75,12,52
Kansas,65,2021-01-03,50868820.0,Beverages,0.0,0.0,60420222.0,12507570.75,1,53
Kansas,66,2021-01-10,50589576.0,Beverages,50868820.0,0.0,0.0,12717205.0,1,1
Kansas,67,2021-01-17,0.0,Beverages,50589576.0,0.0,0.0,25364599.0,1,2
Kansas,68,2021-01-24,0.0,Beverages,0.0,50030283.0,0.0,25364599.0,1,3
Kansas,69,2021-01-31,0.0,Beverages,0.0,0.0,62341967.0,25364599.0,1,4
Kansas,70,2021-02-07,51903922.0,Beverages,0.0,0.0,57070126.0,12647394.0,2,5
Kansas,71,2021-02-14,0.0,Beverages,51903922.0,0.0,0.0,12975980.5,2,6
Kansas,72,2021-02-21,0.0,Beverages,0.0,50868820.0,0.0,12975980.5,2,7
Kansas,73,2021-02-28,0.0,Beverages,0.0,50589576.0,55336553.0,12975980.5,2,8
Kansas,74,2021-03-07,54781179.0,Beverages,0.0,0.0,56686281.0,12975980.5,3,9
Kansas,75,2021-03-14,0.0,Beverages,54781179.0,0.0,0.0,13695294.75,3,10
Kansas,76,2021-03-21,0.0,Beverages,0.0,0.0,0.0,13695294.75,3,11
Kansas,77,2021-03-28,0.0,Beverages,0.0,51903922.0,0.0,13695294.75,3,12
Kansas,78,2021-04-04,55653199.0,Beverages,0.0,0.0,56449771.0,13695294.75,4,13
Kansas,79,2021-04-11,56348860.0,Beverages,55653199.0,0.0,0.0,13913299.75,4,14
Kansas,80,2021-04-18,0.0,Beverages,56348860.0,0.0,0.0,28000514.75,4,15
Kansas,81,2021-04-25,0.0,Beverages,0.0,54781179.0,0.0,28000514.75,4,16
Kansas,82,2021-05-02,59355868.0,Beverages,0.0,0.0,52679711.0,28000514.75,5,17
Kansas,83,2021-05-09,58628492.0,Beverages,59355868.0,0.0,53467896.0,28926182.0,5,18
Kansas,84,2021-05-16,0.0,Beverages,58628492.0,0.0,0.0,29496090.0,5,19
Kansas,85,2021-05-23,0.0,Beverages,0.0,55653199.0,0.0,29496090.0,5,20
Kansas,86,2021-05-30,0.0,Beverages,0.0,56348860.0,49731547.0,29496090.0,5,21
Kansas,87,2021-06-06,62516133.0,Beverages,0.0,0.0,52059074.0,14657123.0,6,22
Kansas,88,2021-06-13,0.0,Beverages,62516133.0,0.0,0.0,15629033.25,6,23
Kansas,89,2021-06-20,0.0,Beverages,0.0,59355868.0,0.0,15629033.25,6,24
Kansas,90,2021-06-27,0.0,Beverages,0.0,58628492.0,0.0,15629033.25,6,25
Kansas,91,2021-07-04,65793576.0,Beverages,0.0,0.0,50030283.0,15629033.25,7,26
Kansas,92,2021-07-11,61453800.0,Beverages,65793576.0,0.0,0.0,16448394.0,7,27
Kansas,93,2021-07-18,0.0,Beverages,61453800.0,0.0,0.0,31811844.0,7,28
Kansas,94,2021-07-25,0.0,Beverages,0.0,62516133.0,0.0,31811844.0,7,29
Kansas,95,2021-08-01,60808014.0,Beverages,0.0,0.0,50868820.0,31811844.0,8,30
Kansas,96,2021-08-08,61015142.0,Beverages,60808014.0,0.0,50589576.0,30565453.5,8,31
Kansas,97,2021-08-15,0.0,Beverages,61015142.0,0.0,0.0,30455789.0,8,32
Kansas,98,2021-08-22,0.0,Beverages,0.0,65793576.0,0.0,30455789.0,8,33
Kansas,99,2021-08-29,0.0,Beverages,0.0,61453800.0,0.0,30455789.0,8,34
Kansas,100,2021-09-05,61220164.0,Beverages,0.0,0.0,51903922.0,15253785.5,9,35
Kansas,101,2021-09-12,58019746.0,Beverages,61220164.0,0.0,0.0,15305041.0,9,36
Kansas,102,2021-09-19,0.0,Beverages,58019746.0,60808014.0,0.0,29809977.5,9,37
Kansas,103,2021-09-26,0.0,Beverages,0.0,61015142.0,0.0,29809977.5,9,38
Kansas,104,2021-10-03,82900044.0,Beverages,0.0,0.0,54781179.0,29809977.5,10,39
Kansas,105,2021-10-10,84206741.0,Beverages,82900044.0,0.0,0.0,35229947.5,10,40
Kansas,106,2021-10-17,0.0,Beverages,84206741.0,0.0,0.0,41776696.25,10,41
Kansas,107,2021-10-24,0.0,Beverages,0.0,61220164.0,0.0,41776696.25,10,42
Kansas,108,2021-10-31,0.0,Beverages,0.0,58019746.0,55653199.0,41776696.25,10,43
Kansas,109,2021-11-07,79954985.0,Beverages,0.0,0.0,56348860.0,21051685.25,11,44
Kansas,110,2021-11-14,0.0,Beverages,79954985.0,0.0,0.0,19988746.25,11,45
Kansas,111,2021-11-21,0.0,Beverages,0.0,82900044.0,0.0,19988746.25,11,46
Kansas,112,2021-11-28,0.0,Beverages,0.0,84206741.0,59355868.0,19988746.25,11,47
Kansas,113,2021-12-05,78480381.0,Beverages,0.0,0.0,58628492.0,19988746.25,12,48
Kansas,114,2021-12-12,80608216.0,Beverages,78480381.0,0.0,0.0,19620095.25,12,49
Kansas,115,2021-12-19,0.0,Beverages,80608216.0,0.0,0.0,39772149.25,12,50
Kansas,116,2021-12-26,0.0,Beverages,0.0,79954985.0,0.0,39772149.25,12,51
Kansas,117,2022-01-02,79504173.0,Beverages,0.0,0.0,62516133.0,39772149.25,1,52
Kansas,118,2022-01-09,76822109.0,Beverages,79504173.0,0.0,0.0,40028097.25,1,1
Kansas,119,2022-01-16,0.0,Beverages,76822109.0,0.0,0.0,39081570.5,1,2
Kansas,120,2022-01-23,0.0,Beverages,0.0,78480381.0,0.0,39081570.5,1,3
Kansas,121,2022-01-30,0.0,Beverages,0.0,80608216.0,65793576.0,39081570.5,1,4
Kansas,122,2022-02-06,78785428.0,Beverages,0.0,0.0,61453800.0,19205527.25,2,5
Kansas,123,2022-02-13,0.0,Beverages,78785428.0,0.0,0.0,19696357.0,2,6
Kansas,124,2022-02-20,0.0,Beverages,0.0,79504173.0,0.0,19696357.0,2,7
Kansas,125,2022-02-27,0.0,Beverages,0.0,76822109.0,60808014.0,19696357.0,2,8
Kansas,126,2022-03-06,83339037.0,Beverages,0.0,0.0,61015142.0,19696357.0,3,9
Kansas,127,2022-03-13,0.0,Beverages,83339037.0,0.0,0.0,20834759.25,3,10
Kansas,128,2022-03-20,0.0,Beverages,0.0,0.0,0.0,20834759.25,3,11
Kansas,129,2022-03-27,0.0,Beverages,0.0,78785428.0,0.0,20834759.25,3,12
Kansas,130,2022-04-03,86725019.0,Beverages,0.0,0.0,61220164.0,20834759.25,4,13
Kansas,131,2022-04-10,86064766.0,Beverages,86725019.0,0.0,58019746.0,21681254.75,4,14
Kansas,132,2022-04-17,0.0,Beverages,86064766.0,0.0,0.0,43197446.25,4,15
Kansas,133,2022-04-24,0.0,Beverages,0.0,83339037.0,0.0,43197446.25,4,16
Kansas,134,2022-05-01,86997853.0,Beverages,0.0,0.0,82900044.0,43197446.25,5,17
Kansas,135,2022-05-08,86153843.0,Beverages,86997853.0,0.0,84206741.0,43265654.75,5,18
Kansas,136,2022-05-15,0.0,Beverages,86153843.0,0.0,0.0,43287924.0,5,19
Kansas,137,2022-05-22,0.0,Beverages,0.0,86725019.0,0.0,43287924.0,5,20
Kansas,138,2022-05-29,0.0,Beverages,0.0,86064766.0,0.0,43287924.0,5,21
Kansas,139,2022-06-05,90128642.0,Beverages,0.0,0.0,79954985.0,21538460.75,6,22
Kansas,140,2022-06-12,92872869.0,Beverages,90128642.0,0.0,0.0,22532160.5,6,23
Kansas,141,2022-06-19,0.0,Beverages,92872869.0,86997853.0,0.0,45750377.75,6,24
Kansas,142,2022-06-26,0.0,Beverages,0.0,86153843.0,0.0,45750377.75,6,25
Kansas,143,2022-07-03,97005014.0,Beverages,0.0,0.0,78480381.0,45750377.75,7,26
Kansas,144,2022-07-10,92985889.0,Beverages,97005014.0,0.0,80608216.0,47469470.75,7,27
Kansas,145,2022-07-17,0.0,Beverages,92985889.0,0.0,0.0,47497725.75,7,28
Kansas,146,2022-07-24,0.0,Beverages,0.0,90128642.0,0.0,47497725.75,7,29
Kansas,147,2022-07-31,0.0,Beverages,0.0,92872869.0,79504173.0,47497725.75,7,30
Kansas,148,2022-08-07,93112554.0,Beverages,0.0,0.0,76822109.0,23246472.25,8,31
Kansas,149,2022-08-14,0.0,Beverages,93112554.0,0.0,0.0,23278138.5,8,32
Kansas,150,2022-08-21,0.0,Beverages,0.0,97005014.0,0.0,23278138.5,8,33
Kansas,151,2022-08-28,0.0,Beverages,0.0,92985889.0,0.0,23278138.5,8,34
Kansas,152,2022-09-04,93015446.0,Beverages,0.0,0.0,78785428.0,23278138.5,9,35
Kansas,153,2022-09-11,90032274.0,Beverages,93015446.0,0.0,0.0,23253861.5,9,36
Kansas,154,2022-09-18,0.0,Beverages,90032274.0,0.0,0.0,45761930.0,9,37
Kansas,155,2022-09-25,0.0,Beverages,0.0,93112554.0,0.0,45761930.0,9,38
Kansas,156,2022-10-02,87253392.0,Beverages,0.0,0.0,83339037.0,45761930.0,10,39
Kansas,157,2022-10-09,88764637.0,Beverages,87253392.0,0.0,0.0,44321416.5,10,40
Kansas,158,2022-10-16,0.0,Beverages,88764637.0,0.0,0.0,44004507.25,10,41
Kansas,159,2022-10-23,0.0,Beverages,0.0,93015446.0,0.0,44004507.25,10,42
Kansas,160,2022-10-30,0.0,Beverages,0.0,90032274.0,86725019.0,44004507.25,10,43
Kansas,161,2022-11-06,84389780.0,Beverages,0.0,0.0,86064766.0,22191159.25,11,44
Kansas,162,2022-11-13,0.0,Beverages,84389780.0,0.0,0.0,21097445.0,11,45
Kansas,163,2022-11-20,0.0,Beverages,0.0,87253392.0,0.0,21097445.0,11,46
Kansas,164,2022-11-27,0.0,Beverages,0.0,88764637.0,86997853.0,21097445.0,11,47
Kansas,165,2022-12-04,82078819.0,Beverages,0.0,0.0,86153843.0,21097445.0,12,48
Kansas,166,2022-12-11,84610185.0,Beverages,82078819.0,0.0,0.0,20519704.75,12,49
Kansas,167,2022-12-18,0.0,Beverages,84610185.0,0.0,0.0,41672251.0,12,50
Kansas,168,2022-12-25,0.0,Beverages,0.0,84389780.0,0.0,41672251.0,12,51
Kansas,169,2023-01-01,82286821.0,Beverages,0.0,0.0,90128642.0,41672251.0,1,52
Kansas,170,2023-01-08,80180821.0,Beverages,82286821.0,0.0,92872869.0,41724251.5,1,1
Kansas,171,2023-01-15,0.0,Beverages,80180821.0,0.0,0.0,40616910.5,1,2
Kansas,172,2023-01-22,0.0,Beverages,0.0,82078819.0,0.0,40616910.5,1,3
Kansas,173,2023-01-29,0.0,Beverages,0.0,84610185.0,97005014.0,40616910.5,1,4
Kansas,174,2023-02-05,82693189.0,Beverages,0.0,0.0,92985889.0,20045205.25,2,5
Kansas,175,2023-02-12,85796601.0,Beverages,82693189.0,0.0,0.0,20673297.25,2,6
Kansas,176,2023-02-19,0.0,Beverages,85796601.0,82286821.0,0.0,42122447.5,2,7
Kansas,177,2023-02-26,0.0,Beverages,0.0,80180821.0,0.0,42122447.5,2,8
Kansas,178,2023-03-05,90385105.0,Beverages,0.0,0.0,93112554.0,42122447.5,3,9
Kansas,179,2023-03-12,93010721.0,Beverages,90385105.0,0.0,0.0,44045426.5,3,10
Kansas,180,2023-03-19,0.0,Beverages,93010721.0,0.0,0.0,45848956.5,3,11
Kansas,181,2023-03-26,0.0,Beverages,0.0,82693189.0,0.0,45848956.5,3,12
Kansas,182,2023-04-02,88919304.0,Beverages,0.0,85796601.0,93015446.0,45848956.5,4,13
Kansas,183,2023-04-09,94272251.0,Beverages,88919304.0,0.0,90032274.0,45482506.25,4,14
Kansas,184,2023-04-16,0.0,Beverages,94272251.0,0.0,0.0,45797888.75,4,15
Kansas,185,2023-04-23,0.0,Beverages,0.0,90385105.0,0.0,45797888.75,4,16
Kansas,186,2023-04-30,0.0,Beverages,0.0,93010721.0,87253392.0,45797888.75,4,17
Kansas,187,2023-05-07,94692553.0,Beverages,0.0,0.0,88764637.0,23568062.75,5,18
Kentucky,30,2020-05-03,105113498.0,Beverages,0.0,0.0,106008269.0,50067944.25,5,18
Kentucky,31,2020-05-10,105641997.0,Beverages,105113498.0,0.0,0.0,51741646.5,5,19
Kentucky,32,2020-05-17,0.0,Beverages,105641997.0,0.0,0.0,52688873.75,5,20
Kentucky,33,2020-05-24,0.0,Beverages,0.0,98418689.0,0.0,52688873.75,5,21
Kentucky,34,2020-05-31,0.0,Beverages,0.0,101853088.0,92866945.0,52688873.75,5,22
Kentucky,35,2020-06-07,112052844.0,Beverages,0.0,0.0,92808301.0,26410499.25,6,23
Kentucky,36,2020-06-14,0.0,Beverages,112052844.0,0.0,0.0,28013211.0,6,24
Kentucky,37,2020-06-21,0.0,Beverages,0.0,105113498.0,0.0,28013211.0,6,25
Kentucky,38,2020-06-28,0.0,Beverages,0.0,105641997.0,91340443.0,28013211.0,6,26
Kentucky,39,2020-07-05,118344909.0,Beverages,0.0,0.0,92458439.0,28013211.0,7,27
Kentucky,40,2020-07-12,111351523.0,Beverages,118344909.0,0.0,0.0,29586227.25,7,28
Kentucky,41,2020-07-19,0.0,Beverages,111351523.0,0.0,0.0,57424108.0,7,29
Kentucky,42,2020-07-26,0.0,Beverages,0.0,112052844.0,0.0,57424108.0,7,30
Kentucky,43,2020-08-02,108364954.0,Beverages,0.0,0.0,91668507.0,57424108.0,8,31
Kentucky,44,2020-08-09,110548963.0,Beverages,108364954.0,0.0,91660185.0,54929119.25,8,32
Kentucky,45,2020-08-16,0.0,Beverages,110548963.0,0.0,0.0,54728479.25,8,33
Kentucky,46,2020-08-23,0.0,Beverages,0.0,118344909.0,0.0,54728479.25,8,34
Kentucky,47,2020-08-30,0.0,Beverages,0.0,111351523.0,90383282.0,54728479.25,8,35
Kentucky,48,2020-09-06,108898997.0,Beverages,0.0,0.0,90103077.0,27637240.75,9,36
Kentucky,49,2020-09-13,0.0,Beverages,108898997.0,0.0,0.0,27224749.25,9,37
Kentucky,50,2020-09-20,0.0,Beverages,0.0,108364954.0,0.0,27224749.25,9,38
Kentucky,51,2020-09-27,0.0,Beverages,0.0,110548963.0,96896523.0,27224749.25,9,39
Kentucky,52,2020-10-04,105812853.0,Beverages,0.0,0.0,98146652.0,27224749.25,10,40
Kentucky,53,2020-10-11,101261775.0,Beverages,105812853.0,0.0,0.0,26453213.25,10,41
Kentucky,54,2020-10-18,0.0,Beverages,101261775.0,0.0,0.0,51768657.0,10,42
Kentucky,55,2020-10-25,0.0,Beverages,0.0,108898997.0,0.0,51768657.0,10,43
Kentucky,56,2020-11-01,97721872.0,Beverages,0.0,0.0,98418689.0,51768657.0,11,44
Kentucky,57,2020-11-08,99884015.0,Beverages,97721872.0,0.0,101853088.0,49745911.75,11,45
Kentucky,58,2020-11-15,0.0,Beverages,99884015.0,0.0,0.0,49401471.75,11,46
Kentucky,59,2020-11-22,0.0,Beverages,0.0,105812853.0,0.0,49401471.75,11,47
Kentucky,60,2020-11-29,0.0,Beverages,0.0,101261775.0,105113498.0,49401471.75,11,48
Kentucky,61,2020-12-06,96239479.0,Beverages,0.0,0.0,105641997.0,24971003.75,12,49
Kentucky,62,2020-12-13,0.0,Beverages,96239479.0,0.0,0.0,24059869.75,12,50
Kentucky,63,2020-12-20,0.0,Beverages,0.0,97721872.0,0.0,24059869.75,12,51
Kentucky,64,2020-12-27,0.0,Beverages,0.0,99884015.0,0.0,24059869.75,12,52
Kentucky,65,2021-01-03,97850319.0,Beverages,0.0,0.0,112052844.0,24059869.75,1,53
Kentucky,66,2021-01-10,97469454.0,Beverages,97850319.0,0.0,0.0,24462579.75,1,1
Kentucky,67,2021-01-17,0.0,Beverages,97469454.0,0.0,0.0,48829943.25,1,2
Kentucky,68,2021-01-24,0.0,Beverages,0.0,96239479.0,0.0,48829943.25,1,3
Kentucky,69,2021-01-31,0.0,Beverages,0.0,0.0,118344909.0,48829943.25,1,4
Kentucky,70,2021-02-07,98295922.0,Beverages,0.0,0.0,111351523.0,24367363.5,2,5
Kentucky,71,2021-02-14,0.0,Beverages,98295922.0,0.0,0.0,24573980.5,2,6
Kentucky,72,2021-02-21,0.0,Beverages,0.0,97850319.0,0.0,24573980.5,2,7
Kentucky,73,2021-02-28,0.0,Beverages,0.0,97469454.0,108364954.0,24573980.5,2,8
Kentucky,74,2021-03-07,105832542.0,Beverages,0.0,0.0,110548963.0,24573980.5,3,9
Kentucky,75,2021-03-14,0.0,Beverages,105832542.0,0.0,0.0,26458135.5,3,10
Kentucky,76,2021-03-21,0.0,Beverages,0.0,0.0,0.0,26458135.5,3,11
Kentucky,77,2021-03-28,0.0,Beverages,0.0,98295922.0,0.0,26458135.5,3,12
Kentucky,78,2021-04-04,108849186.0,Beverages,0.0,0.0,108898997.0,26458135.5,4,13
Kentucky,79,2021-04-11,110300930.0,Beverages,108849186.0,0.0,0.0,27212296.5,4,14
Kentucky,80,2021-04-18,0.0,Beverages,110300930.0,0.0,0.0,54787529.0,4,15
Kentucky,81,2021-04-25,0.0,Beverages,0.0,105832542.0,0.0,54787529.0,4,16
Kentucky,82,2021-05-02,112421502.0,Beverages,0.0,0.0,105812853.0,54787529.0,5,17
Kentucky,83,2021-05-09,112626698.0,Beverages,112421502.0,0.0,101261775.0,55680608.0,5,18
Kentucky,84,2021-05-16,0.0,Beverages,112626698.0,0.0,0.0,56262050.0,5,19
Kentucky,85,2021-05-23,0.0,Beverages,0.0,108849186.0,0.0,56262050.0,5,20
Kentucky,86,2021-05-30,0.0,Beverages,0.0,110300930.0,97721872.0,56262050.0,5,21
Kentucky,87,2021-06-06,118342925.0,Beverages,0.0,0.0,99884015.0,28156674.5,6,22
Kentucky,88,2021-06-13,0.0,Beverages,118342925.0,0.0,0.0,29585731.25,6,23
Kentucky,89,2021-06-20,0.0,Beverages,0.0,112421502.0,0.0,29585731.25,6,24
Kentucky,90,2021-06-27,0.0,Beverages,0.0,112626698.0,0.0,29585731.25,6,25
Kentucky,91,2021-07-04,125646304.0,Beverages,0.0,0.0,96239479.0,29585731.25,7,26
Kentucky,92,2021-07-11,118579601.0,Beverages,125646304.0,0.0,0.0,31411576.0,7,27
Kentucky,93,2021-07-18,0.0,Beverages,118579601.0,0.0,0.0,61056476.25,7,28
Kentucky,94,2021-07-25,0.0,Beverages,0.0,118342925.0,0.0,61056476.25,7,29
Kentucky,95,2021-08-01,117300344.0,Beverages,0.0,0.0,97850319.0,61056476.25,8,30
Kentucky,96,2021-08-08,119557385.0,Beverages,117300344.0,0.0,97469454.0,58969986.25,8,31
Kentucky,97,2021-08-15,0.0,Beverages,119557385.0,0.0,0.0,59214432.25,8,32
Kentucky,98,2021-08-22,0.0,Beverages,0.0,125646304.0,0.0,59214432.25,8,33
Kentucky,99,2021-08-29,0.0,Beverages,0.0,118579601.0,0.0,59214432.25,8,34
Kentucky,100,2021-09-05,119446257.0,Beverages,0.0,0.0,98295922.0,29889346.25,9,35
Kentucky,101,2021-09-12,115777033.0,Beverages,119446257.0,0.0,0.0,29861564.25,9,36
Kentucky,102,2021-09-19,0.0,Beverages,115777033.0,117300344.0,0.0,58805822.5,9,37
Kentucky,103,2021-09-26,0.0,Beverages,0.0,119557385.0,0.0,58805822.5,9,38
Kentucky,104,2021-10-03,163410999.0,Beverages,0.0,0.0,105832542.0,58805822.5,10,39
Kentucky,105,2021-10-10,160624310.0,Beverages,163410999.0,0.0,0.0,69797008.0,10,40
Kentucky,106,2021-10-17,0.0,Beverages,160624310.0,0.0,0.0,81008827.25,10,41
Kentucky,107,2021-10-24,0.0,Beverages,0.0,119446257.0,0.0,81008827.25,10,42
Kentucky,108,2021-10-31,0.0,Beverages,0.0,115777033.0,108849186.0,81008827.25,10,43
Kentucky,109,2021-11-07,154353903.0,Beverages,0.0,0.0,110300930.0,40156077.5,11,44
Kentucky,110,2021-11-14,0.0,Beverages,154353903.0,0.0,0.0,38588475.75,11,45
Kentucky,111,2021-11-21,0.0,Beverages,0.0,163410999.0,0.0,38588475.75,11,46
Kentucky,112,2021-11-28,0.0,Beverages,0.0,160624310.0,112421502.0,38588475.75,11,47
Kentucky,113,2021-12-05,150843600.0,Beverages,0.0,0.0,112626698.0,38588475.75,12,48
Kentucky,114,2021-12-12,153606722.0,Beverages,150843600.0,0.0,0.0,37710900.0,12,49
Kentucky,115,2021-12-19,0.0,Beverages,153606722.0,0.0,0.0,76112580.5,12,50
Kentucky,116,2021-12-26,0.0,Beverages,0.0,154353903.0,0.0,76112580.5,12,51
Kentucky,117,2022-01-02,150002540.0,Beverages,0.0,0.0,118342925.0,76112580.5,1,52
Kentucky,118,2022-01-09,150103193.0,Beverages,150002540.0,0.0,0.0,75902315.5,1,1
Kentucky,119,2022-01-16,0.0,Beverages,150103193.0,0.0,0.0,75026433.25,1,2
Kentucky,120,2022-01-23,0.0,Beverages,0.0,150843600.0,0.0,75026433.25,1,3
Kentucky,121,2022-01-30,0.0,Beverages,0.0,153606722.0,125646304.0,75026433.25,1,4
Kentucky,122,2022-02-06,153560694.0,Beverages,0.0,0.0,118579601.0,37525798.25,2,5
Kentucky,123,2022-02-13,0.0,Beverages,153560694.0,0.0,0.0,38390173.5,2,6
Kentucky,124,2022-02-20,0.0,Beverages,0.0,150002540.0,0.0,38390173.5,2,7
Kentucky,125,2022-02-27,0.0,Beverages,0.0,150103193.0,117300344.0,38390173.5,2,8
Kentucky,126,2022-03-06,160721353.0,Beverages,0.0,0.0,119557385.0,38390173.5,3,9
Kentucky,127,2022-03-13,0.0,Beverages,160721353.0,0.0,0.0,40180338.25,3,10
Kentucky,128,2022-03-20,0.0,Beverages,0.0,0.0,0.0,40180338.25,3,11
Kentucky,129,2022-03-27,0.0,Beverages,0.0,153560694.0,0.0,40180338.25,3,12
Kentucky,130,2022-04-03,166881514.0,Beverages,0.0,0.0,119446257.0,40180338.25,4,13
Kentucky,131,2022-04-10,167126414.0,Beverages,166881514.0,0.0,115777033.0,41720378.5,4,14
Kentucky,132,2022-04-17,0.0,Beverages,167126414.0,0.0,0.0,83501982.0,4,15
Kentucky,133,2022-04-24,0.0,Beverages,0.0,160721353.0,0.0,83501982.0,4,16
Kentucky,134,2022-05-01,171664151.0,Beverages,0.0,0.0,163410999.0,83501982.0,5,17
Kentucky,135,2022-05-08,170241063.0,Beverages,171664151.0,0.0,160624310.0,84697641.25,5,18
Kentucky,136,2022-05-15,0.0,Beverages,170241063.0,0.0,0.0,85476303.5,5,19
Kentucky,137,2022-05-22,0.0,Beverages,0.0,166881514.0,0.0,85476303.5,5,20
Kentucky,138,2022-05-29,0.0,Beverages,0.0,167126414.0,0.0,85476303.5,5,21
Kentucky,139,2022-06-05,175125576.0,Beverages,0.0,0.0,154353903.0,42560265.75,6,22
Kentucky,140,2022-06-12,173551981.0,Beverages,175125576.0,0.0,0.0,43781394.0,6,23
Kentucky,141,2022-06-19,0.0,Beverages,173551981.0,171664151.0,0.0,87169389.25,6,24
Kentucky,142,2022-06-26,0.0,Beverages,0.0,170241063.0,0.0,87169389.25,6,25
Kentucky,143,2022-07-03,188779241.0,Beverages,0.0,0.0,150843600.0,87169389.25,7,26
Kentucky,144,2022-07-10,177231551.0,Beverages,188779241.0,0.0,153606722.0,90582805.5,7,27
Kentucky,145,2022-07-17,0.0,Beverages,177231551.0,0.0,0.0,91502698.0,7,28
Kentucky,146,2022-07-24,0.0,Beverages,0.0,175125576.0,0.0,91502698.0,7,29
Kentucky,147,2022-07-31,0.0,Beverages,0.0,173551981.0,150002540.0,91502698.0,7,30
Kentucky,148,2022-08-07,182657159.0,Beverages,0.0,0.0,150103193.0,44307887.75,8,31
Kentucky,149,2022-08-14,0.0,Beverages,182657159.0,0.0,0.0,45664289.75,8,32
Kentucky,150,2022-08-21,0.0,Beverages,0.0,188779241.0,0.0,45664289.75,8,33
Kentucky,151,2022-08-28,0.0,Beverages,0.0,177231551.0,0.0,45664289.75,8,34
Kentucky,152,2022-09-04,183658226.0,Beverages,0.0,0.0,153560694.0,45664289.75,9,35
Kentucky,153,2022-09-11,177213325.0,Beverages,183658226.0,0.0,0.0,45914556.5,9,36
Kentucky,154,2022-09-18,0.0,Beverages,177213325.0,0.0,0.0,90217887.75,9,37
Kentucky,155,2022-09-25,0.0,Beverages,0.0,182657159.0,0.0,90217887.75,9,38
Kentucky,156,2022-10-02,176005999.0,Beverages,0.0,0.0,160721353.0,90217887.75,10,39
Kentucky,157,2022-10-09,169675964.0,Beverages,176005999.0,0.0,0.0,88304831.0,10,40
Kentucky,158,2022-10-16,0.0,Beverages,169675964.0,0.0,0.0,86420490.75,10,41
Kentucky,159,2022-10-23,0.0,Beverages,0.0,183658226.0,0.0,86420490.75,10,42
Kentucky,160,2022-10-30,0.0,Beverages,0.0,177213325.0,166881514.0,86420490.75,10,43
Kentucky,161,2022-11-06,163543172.0,Beverages,0.0,0.0,167126414.0,42418991.0,11,44
Kentucky,162,2022-11-13,0.0,Beverages,163543172.0,0.0,0.0,40885793.0,11,45
Kentucky,163,2022-11-20,0.0,Beverages,0.0,176005999.0,0.0,40885793.0,11,46
Kentucky,164,2022-11-27,0.0,Beverages,0.0,169675964.0,171664151.0,40885793.0,11,47
Kentucky,165,2022-12-04,156960935.0,Beverages,0.0,0.0,170241063.0,40885793.0,12,48
Kentucky,166,2022-12-11,159951955.0,Beverages,156960935.0,0.0,0.0,39240233.75,12,49
Kentucky,167,2022-12-18,0.0,Beverages,159951955.0,0.0,0.0,79228222.5,12,50
Kentucky,168,2022-12-25,0.0,Beverages,0.0,163543172.0,0.0,79228222.5,12,51
Kentucky,169,2023-01-01,154450235.0,Beverages,0.0,0.0,175125576.0,79228222.5,1,52
Kentucky,170,2023-01-08,155431103.0,Beverages,154450235.0,0.0,173551981.0,78600547.5,1,1
Kentucky,171,2023-01-15,0.0,Beverages,155431103.0,0.0,0.0,77470334.5,1,2
Kentucky,172,2023-01-22,0.0,Beverages,0.0,156960935.0,0.0,77470334.5,1,3
Kentucky,173,2023-01-29,0.0,Beverages,0.0,159951955.0,188779241.0,77470334.5,1,4
Kentucky,174,2023-02-05,159539414.0,Beverages,0.0,0.0,177231551.0,38857775.75,2,5
Kentucky,175,2023-02-12,161038287.0,Beverages,159539414.0,0.0,0.0,39884853.5,2,6
Kentucky,176,2023-02-19,0.0,Beverages,161038287.0,154450235.0,0.0,80144425.25,2,7
Kentucky,177,2023-02-26,0.0,Beverages,0.0,155431103.0,0.0,80144425.25,2,8
Kentucky,178,2023-03-05,172605245.0,Beverages,0.0,0.0,182657159.0,80144425.25,3,9
Kentucky,179,2023-03-12,182420654.0,Beverages,172605245.0,0.0,0.0,83410883.0,3,10
Kentucky,180,2023-03-19,0.0,Beverages,182420654.0,0.0,0.0,88756474.75,3,11
Kentucky,181,2023-03-26,0.0,Beverages,0.0,159539414.0,0.0,88756474.75,3,12
Kentucky,182,2023-04-02,169379033.0,Beverages,0.0,161038287.0,183658226.0,88756474.75,4,13
Kentucky,183,2023-04-09,173760111.0,Beverages,169379033.0,0.0,177213325.0,87949921.75,4,14
Kentucky,184,2023-04-16,0.0,Beverages,173760111.0,0.0,0.0,85784786.0,4,15
Kentucky,185,2023-04-23,0.0,Beverages,0.0,172605245.0,0.0,85784786.0,4,16
Kentucky,186,2023-04-30,0.0,Beverages,0.0,182420654.0,176005999.0,85784786.0,4,17
Kentucky,187,2023-05-07,182477460.0,Beverages,0.0,0.0,169675964.0,43440027.75,5,18
Louisiana,30,2020-05-03,109850443.0,Beverages,0.0,0.0,110909955.0,51416434.5,5,18
Louisiana,31,2020-05-10,110854351.0,Beverages,109850443.0,0.0,0.0,53151625.0,5,19
Louisiana,32,2020-05-17,0.0,Beverages,110854351.0,0.0,0.0,55176198.5,5,20
Louisiana,33,2020-05-24,0.0,Beverages,0.0,102909681.0,0.0,55176198.5,5,21
Louisiana,34,2020-05-31,0.0,Beverages,0.0,102756057.0,98130561.0,55176198.5,5,22
Louisiana,35,2020-06-07,117541818.0,Beverages,0.0,0.0,99092392.0,27713587.75,6,23
Louisiana,36,2020-06-14,0.0,Beverages,117541818.0,0.0,0.0,29385454.5,6,24
Louisiana,37,2020-06-21,0.0,Beverages,0.0,109850443.0,0.0,29385454.5,6,25
Louisiana,38,2020-06-28,0.0,Beverages,0.0,110854351.0,94697655.0,29385454.5,6,26
Louisiana,39,2020-07-05,120137016.0,Beverages,0.0,0.0,96719430.0,29385454.5,7,27
Louisiana,40,2020-07-12,120242882.0,Beverages,120137016.0,0.0,0.0,30034254.0,7,28
Louisiana,41,2020-07-19,0.0,Beverages,120242882.0,0.0,0.0,60094974.5,7,29
Louisiana,42,2020-07-26,0.0,Beverages,0.0,117541818.0,0.0,60094974.5,7,30
Louisiana,43,2020-08-02,109735019.0,Beverages,0.0,0.0,89999954.0,60094974.5,8,31
Louisiana,44,2020-08-09,119096376.0,Beverages,109735019.0,0.0,95317538.0,57494475.25,8,32
Louisiana,45,2020-08-16,0.0,Beverages,119096376.0,0.0,0.0,57207848.75,8,33
Louisiana,46,2020-08-23,0.0,Beverages,0.0,120137016.0,0.0,57207848.75,8,34
Louisiana,47,2020-08-30,0.0,Beverages,0.0,120242882.0,93133151.0,57207848.75,8,35
Louisiana,48,2020-09-06,123030206.0,Beverages,0.0,0.0,94376733.0,29774094.0,9,36
Louisiana,49,2020-09-13,0.0,Beverages,123030206.0,0.0,0.0,30757551.5,9,37
Louisiana,50,2020-09-20,0.0,Beverages,0.0,109735019.0,0.0,30757551.5,9,38
Louisiana,51,2020-09-27,0.0,Beverages,0.0,119096376.0,100284982.0,30757551.5,9,39
Louisiana,52,2020-10-04,117294523.0,Beverages,0.0,0.0,104279827.0,30757551.5,10,40
Louisiana,53,2020-10-11,113938298.0,Beverages,117294523.0,0.0,0.0,29323630.75,10,41
Louisiana,54,2020-10-18,0.0,Beverages,113938298.0,0.0,0.0,57808205.25,10,42
Louisiana,55,2020-10-25,0.0,Beverages,0.0,123030206.0,0.0,57808205.25,10,43
Louisiana,56,2020-11-01,104994962.0,Beverages,0.0,0.0,102909681.0,57808205.25,11,44
Louisiana,57,2020-11-08,107041449.0,Beverages,104994962.0,0.0,102756057.0,54733315.0,11,45
Louisiana,58,2020-11-15,0.0,Beverages,107041449.0,0.0,0.0,53009102.75,11,46
Louisiana,59,2020-11-22,0.0,Beverages,0.0,117294523.0,0.0,53009102.75,11,47
Louisiana,60,2020-11-29,0.0,Beverages,0.0,113938298.0,109850443.0,53009102.75,11,48
Louisiana,61,2020-12-06,100212642.0,Beverages,0.0,0.0,110854351.0,26760362.25,12,49
Louisiana,62,2020-12-13,0.0,Beverages,100212642.0,0.0,0.0,25053160.5,12,50
Louisiana,63,2020-12-20,0.0,Beverages,0.0,104994962.0,0.0,25053160.5,12,51
Louisiana,64,2020-12-27,0.0,Beverages,0.0,107041449.0,0.0,25053160.5,12,52
Louisiana,65,2021-01-03,96612059.0,Beverages,0.0,0.0,117541818.0,25053160.5,1,53
Louisiana,66,2021-01-10,103409390.0,Beverages,96612059.0,0.0,0.0,24153014.75,1,1
Louisiana,67,2021-01-17,0.0,Beverages,103409390.0,0.0,0.0,50005362.25,1,2
Louisiana,68,2021-01-24,0.0,Beverages,0.0,100212642.0,0.0,50005362.25,1,3
Louisiana,69,2021-01-31,0.0,Beverages,0.0,0.0,120137016.0,50005362.25,1,4
Louisiana,70,2021-02-07,103625081.0,Beverages,0.0,0.0,120242882.0,25852347.5,2,5
Louisiana,71,2021-02-14,0.0,Beverages,103625081.0,0.0,0.0,25906270.25,2,6
Louisiana,72,2021-02-21,0.0,Beverages,0.0,96612059.0,0.0,25906270.25,2,7
Louisiana,73,2021-02-28,0.0,Beverages,0.0,103409390.0,109735019.0,25906270.25,2,8
Louisiana,74,2021-03-07,110243755.0,Beverages,0.0,0.0,119096376.0,25906270.25,3,9
Louisiana,75,2021-03-14,0.0,Beverages,110243755.0,0.0,0.0,27560938.75,3,10
Louisiana,76,2021-03-21,0.0,Beverages,0.0,0.0,0.0,27560938.75,3,11
Louisiana,77,2021-03-28,0.0,Beverages,0.0,103625081.0,0.0,27560938.75,3,12
Louisiana,78,2021-04-04,111799498.0,Beverages,0.0,0.0,123030206.0,27560938.75,4,13
Louisiana,79,2021-04-11,109647914.0,Beverages,111799498.0,0.0,0.0,27949874.5,4,14
Louisiana,80,2021-04-18,0.0,Beverages,109647914.0,0.0,0.0,55361853.0,4,15
Louisiana,81,2021-04-25,0.0,Beverages,0.0,110243755.0,0.0,55361853.0,4,16
Louisiana,82,2021-05-02,115298735.0,Beverages,0.0,0.0,117294523.0,55361853.0,5,17
Louisiana,83,2021-05-09,119514121.0,Beverages,115298735.0,0.0,113938298.0,56236662.25,5,18
Louisiana,84,2021-05-16,0.0,Beverages,119514121.0,0.0,0.0,58703214.0,5,19
Louisiana,85,2021-05-23,0.0,Beverages,0.0,111799498.0,0.0,58703214.0,5,20
Louisiana,86,2021-05-30,0.0,Beverages,0.0,109647914.0,104994962.0,58703214.0,5,21
Louisiana,87,2021-06-06,121498262.0,Beverages,0.0,0.0,107041449.0,29878530.25,6,22
Louisiana,88,2021-06-13,0.0,Beverages,121498262.0,0.0,0.0,30374565.5,6,23
Louisiana,89,2021-06-20,0.0,Beverages,0.0,115298735.0,0.0,30374565.5,6,24
Louisiana,90,2021-06-27,0.0,Beverages,0.0,119514121.0,0.0,30374565.5,6,25
Louisiana,91,2021-07-04,125522125.0,Beverages,0.0,0.0,100212642.0,30374565.5,7,26
Louisiana,92,2021-07-11,117870621.0,Beverages,125522125.0,0.0,0.0,31380531.25,7,27
Louisiana,93,2021-07-18,0.0,Beverages,117870621.0,0.0,0.0,60848186.5,7,28
Louisiana,94,2021-07-25,0.0,Beverages,0.0,121498262.0,0.0,60848186.5,7,29
Louisiana,95,2021-08-01,120506481.0,Beverages,0.0,0.0,96612059.0,60848186.5,8,30
Louisiana,96,2021-08-08,128188335.0,Beverages,120506481.0,0.0,103409390.0,59594275.5,8,31
Louisiana,97,2021-08-15,0.0,Beverages,128188335.0,0.0,0.0,62173704.0,8,32
Louisiana,98,2021-08-22,0.0,Beverages,0.0,125522125.0,0.0,62173704.0,8,33
Louisiana,99,2021-08-29,0.0,Beverages,0.0,117870621.0,0.0,62173704.0,8,34
Louisiana,100,2021-09-05,120514382.0,Beverages,0.0,0.0,103625081.0,32047083.75,9,35
Louisiana,101,2021-09-12,121134945.0,Beverages,120514382.0,0.0,0.0,30128595.5,9,36
Louisiana,102,2021-09-19,0.0,Beverages,121134945.0,120506481.0,0.0,60412331.75,9,37
Louisiana,103,2021-09-26,0.0,Beverages,0.0,128188335.0,0.0,60412331.75,9,38
Louisiana,104,2021-10-03,173218605.0,Beverages,0.0,0.0,110243755.0,60412331.75,10,39
Louisiana,105,2021-10-10,177059756.0,Beverages,173218605.0,0.0,0.0,73588387.5,10,40
Louisiana,106,2021-10-17,0.0,Beverages,177059756.0,0.0,0.0,87569590.25,10,41
Louisiana,107,2021-10-24,0.0,Beverages,0.0,120514382.0,0.0,87569590.25,10,42
Louisiana,108,2021-10-31,0.0,Beverages,0.0,121134945.0,111799498.0,87569590.25,10,43
Louisiana,109,2021-11-07,163231952.0,Beverages,0.0,0.0,109647914.0,44264939.0,11,44
Louisiana,110,2021-11-14,0.0,Beverages,163231952.0,0.0,0.0,40807988.0,11,45
Louisiana,111,2021-11-21,0.0,Beverages,0.0,173218605.0,0.0,40807988.0,11,46
Louisiana,112,2021-11-28,0.0,Beverages,0.0,177059756.0,115298735.0,40807988.0,11,47
Louisiana,113,2021-12-05,155559149.0,Beverages,0.0,0.0,119514121.0,40807988.0,12,48
Louisiana,114,2021-12-12,159058610.0,Beverages,155559149.0,0.0,0.0,38889787.25,12,49
Louisiana,115,2021-12-19,0.0,Beverages,159058610.0,0.0,0.0,78654439.75,12,50
Louisiana,116,2021-12-26,0.0,Beverages,0.0,163231952.0,0.0,78654439.75,12,51
Louisiana,117,2022-01-02,148960742.0,Beverages,0.0,0.0,121498262.0,78654439.75,1,52
Louisiana,118,2022-01-09,155342817.0,Beverages,148960742.0,0.0,0.0,77004838.0,1,1
Louisiana,119,2022-01-16,0.0,Beverages,155342817.0,0.0,0.0,76075889.75,1,2
Louisiana,120,2022-01-23,0.0,Beverages,0.0,155559149.0,0.0,76075889.75,1,3
Louisiana,121,2022-01-30,0.0,Beverages,0.0,159058610.0,125522125.0,76075889.75,1,4
Louisiana,122,2022-02-06,157396925.0,Beverages,0.0,0.0,117870621.0,38835704.25,2,5
Louisiana,123,2022-02-13,0.0,Beverages,157396925.0,0.0,0.0,39349231.25,2,6
Louisiana,124,2022-02-20,0.0,Beverages,0.0,148960742.0,0.0,39349231.25,2,7
Louisiana,125,2022-02-27,0.0,Beverages,0.0,155342817.0,120506481.0,39349231.25,2,8
Louisiana,126,2022-03-06,167521896.0,Beverages,0.0,0.0,128188335.0,39349231.25,3,9
Louisiana,127,2022-03-13,0.0,Beverages,167521896.0,0.0,0.0,41880474.0,3,10
Louisiana,128,2022-03-20,0.0,Beverages,0.0,0.0,0.0,41880474.0,3,11
Louisiana,129,2022-03-27,0.0,Beverages,0.0,157396925.0,0.0,41880474.0,3,12
Louisiana,130,2022-04-03,171748523.0,Beverages,0.0,0.0,120514382.0,41880474.0,4,13
Louisiana,131,2022-04-10,174670882.0,Beverages,171748523.0,0.0,121134945.0,42937130.75,4,14
Louisiana,132,2022-04-17,0.0,Beverages,174670882.0,0.0,0.0,86604851.25,4,15
Louisiana,133,2022-04-24,0.0,Beverages,0.0,167521896.0,0.0,86604851.25,4,16
Louisiana,134,2022-05-01,174211278.0,Beverages,0.0,0.0,173218605.0,86604851.25,5,17
Louisiana,135,2022-05-08,180020154.0,Beverages,174211278.0,0.0,177059756.0,87220540.0,5,18
Louisiana,136,2022-05-15,0.0,Beverages,180020154.0,0.0,0.0,88557858.0,5,19
Louisiana,137,2022-05-22,0.0,Beverages,0.0,171748523.0,0.0,88557858.0,5,20
Louisiana,138,2022-05-29,0.0,Beverages,0.0,174670882.0,0.0,88557858.0,5,21
Louisiana,139,2022-06-05,179757689.0,Beverages,0.0,0.0,163231952.0,45005038.5,6,22
Louisiana,140,2022-06-12,186536877.0,Beverages,179757689.0,0.0,0.0,44939422.25,6,23
Louisiana,141,2022-06-19,0.0,Beverages,186536877.0,174211278.0,0.0,91573641.5,6,24
Louisiana,142,2022-06-26,0.0,Beverages,0.0,180020154.0,0.0,91573641.5,6,25
Louisiana,143,2022-07-03,186831003.0,Beverages,0.0,0.0,155559149.0,91573641.5,7,26
Louisiana,144,2022-07-10,185262751.0,Beverages,186831003.0,0.0,159058610.0,93341970.0,7,27
Louisiana,145,2022-07-17,0.0,Beverages,185262751.0,0.0,0.0,93023438.5,7,28
Louisiana,146,2022-07-24,0.0,Beverages,0.0,179757689.0,0.0,93023438.5,7,29
Louisiana,147,2022-07-31,0.0,Beverages,0.0,186536877.0,148960742.0,93023438.5,7,30
Louisiana,148,2022-08-07,190762050.0,Beverages,0.0,0.0,155342817.0,46315687.75,8,31
Louisiana,149,2022-08-14,0.0,Beverages,190762050.0,0.0,0.0,47690512.5,8,32
Louisiana,150,2022-08-21,0.0,Beverages,0.0,186831003.0,0.0,47690512.5,8,33
Louisiana,151,2022-08-28,0.0,Beverages,0.0,185262751.0,0.0,47690512.5,8,34
Louisiana,152,2022-09-04,184547199.0,Beverages,0.0,0.0,157396925.0,47690512.5,9,35
Louisiana,153,2022-09-11,187018948.0,Beverages,184547199.0,0.0,0.0,46136799.75,9,36
Louisiana,154,2022-09-18,0.0,Beverages,187018948.0,0.0,0.0,92891536.75,9,37
Louisiana,155,2022-09-25,0.0,Beverages,0.0,190762050.0,0.0,92891536.75,9,38
Louisiana,156,2022-10-02,186352065.0,Beverages,0.0,0.0,167521896.0,92891536.75,10,39
Louisiana,157,2022-10-09,190158068.0,Beverages,186352065.0,0.0,0.0,93342753.25,10,40
Louisiana,158,2022-10-16,0.0,Beverages,190158068.0,0.0,0.0,94127533.25,10,41
Louisiana,159,2022-10-23,0.0,Beverages,0.0,184547199.0,0.0,94127533.25,10,42
Louisiana,160,2022-10-30,0.0,Beverages,0.0,187018948.0,171748523.0,94127533.25,10,43
Louisiana,161,2022-11-06,174802411.0,Beverages,0.0,0.0,174670882.0,47539517.0,11,44
Louisiana,162,2022-11-13,0.0,Beverages,174802411.0,0.0,0.0,43700602.75,11,45
Louisiana,163,2022-11-20,0.0,Beverages,0.0,186352065.0,0.0,43700602.75,11,46
Louisiana,164,2022-11-27,0.0,Beverages,0.0,190158068.0,174211278.0,43700602.75,11,47
Louisiana,165,2022-12-04,165763269.0,Beverages,0.0,0.0,180020154.0,43700602.75,12,48
Louisiana,166,2022-12-11,171279354.0,Beverages,165763269.0,0.0,0.0,41440817.25,12,49
Louisiana,167,2022-12-18,0.0,Beverages,171279354.0,0.0,0.0,84260655.75,12,50
Louisiana,168,2022-12-25,0.0,Beverages,0.0,174802411.0,0.0,84260655.75,12,51
Louisiana,169,2023-01-01,154640918.0,Beverages,0.0,0.0,179757689.0,84260655.75,1,52
Louisiana,170,2023-01-08,161935636.0,Beverages,154640918.0,0.0,186536877.0,81480068.0,1,1
Louisiana,171,2023-01-15,0.0,Beverages,161935636.0,0.0,0.0,79144138.5,1,2
Louisiana,172,2023-01-22,0.0,Beverages,0.0,165763269.0,0.0,79144138.5,1,3
Louisiana,173,2023-01-29,0.0,Beverages,0.0,171279354.0,186831003.0,79144138.5,1,4
Louisiana,174,2023-02-05,164619111.0,Beverages,0.0,0.0,185262751.0,40483909.0,2,5
Louisiana,175,2023-02-12,171534051.0,Beverages,164619111.0,0.0,0.0,41154777.75,2,6
Louisiana,176,2023-02-19,0.0,Beverages,171534051.0,154640918.0,0.0,84038290.5,2,7
Louisiana,177,2023-02-26,0.0,Beverages,0.0,161935636.0,0.0,84038290.5,2,8
Louisiana,178,2023-03-05,180681856.0,Beverages,0.0,0.0,190762050.0,84038290.5,3,9
Louisiana,179,2023-03-12,198036327.0,Beverages,180681856.0,0.0,0.0,88053976.75,3,10
Louisiana,180,2023-03-19,0.0,Beverages,198036327.0,0.0,0.0,94679545.75,3,11
Louisiana,181,2023-03-26,0.0,Beverages,0.0,164619111.0,0.0,94679545.75,3,12
Louisiana,182,2023-04-02,176985211.0,Beverages,0.0,171534051.0,184547199.0,94679545.75,4,13
Louisiana,183,2023-04-09,181956635.0,Beverages,176985211.0,0.0,187018948.0,93755384.5,4,14
Louisiana,184,2023-04-16,0.0,Beverages,181956635.0,0.0,0.0,89735461.5,4,15
Louisiana,185,2023-04-23,0.0,Beverages,0.0,180681856.0,0.0,89735461.5,4,16
Louisiana,186,2023-04-30,0.0,Beverages,0.0,198036327.0,186352065.0,89735461.5,4,17
Louisiana,187,2023-05-07,193168731.0,Beverages,0.0,0.0,190158068.0,45489158.75,5,18
Maine,30,2020-05-03,27783408.0,Beverages,0.0,0.0,26536448.0,12991792.75,5,18
Maine,31,2020-05-10,28044139.0,Beverages,27783408.0,0.0,0.0,13404104.0,5,19
Maine,32,2020-05-17,0.0,Beverages,28044139.0,0.0,0.0,13956886.75,5,20
Maine,33,2020-05-24,0.0,Beverages,0.0,26134163.0,0.0,13956886.75,5,21
Maine,34,2020-05-31,0.0,Beverages,0.0,25833008.0,24844075.0,13956886.75,5,22
Maine,35,2020-06-07,31030852.0,Beverages,0.0,0.0,24804826.0,7011034.75,6,23
Maine,36,2020-06-14,0.0,Beverages,31030852.0,0.0,0.0,7757713.0,6,24
Maine,37,2020-06-21,0.0,Beverages,0.0,27783408.0,0.0,7757713.0,6,25
Maine,38,2020-06-28,0.0,Beverages,0.0,28044139.0,25031693.0,7757713.0,6,26
Maine,39,2020-07-05,35955266.0,Beverages,0.0,0.0,24713978.0,7757713.0,7,27
Maine,40,2020-07-12,32885624.0,Beverages,35955266.0,0.0,0.0,8988816.5,7,28
Maine,41,2020-07-19,0.0,Beverages,32885624.0,0.0,0.0,17210222.5,7,29
Maine,42,2020-07-26,0.0,Beverages,0.0,31030852.0,0.0,17210222.5,7,30
Maine,43,2020-08-02,35887496.0,Beverages,0.0,0.0,25024726.0,17210222.5,8,31
Maine,44,2020-08-09,34201022.0,Beverages,35887496.0,0.0,24355262.0,17193280.0,8,32
Maine,45,2020-08-16,0.0,Beverages,34201022.0,0.0,0.0,17522129.5,8,33
Maine,46,2020-08-23,0.0,Beverages,0.0,35955266.0,0.0,17522129.5,8,34
Maine,47,2020-08-30,0.0,Beverages,0.0,32885624.0,24839107.0,17522129.5,8,35
Maine,48,2020-09-06,30068749.0,Beverages,0.0,0.0,24780924.0,8550255.5,9,36
Maine,49,2020-09-13,0.0,Beverages,30068749.0,0.0,0.0,7517187.25,9,37
Maine,50,2020-09-20,0.0,Beverages,0.0,35887496.0,0.0,7517187.25,9,38
Maine,51,2020-09-27,0.0,Beverages,0.0,34201022.0,25700047.0,7517187.25,9,39
Maine,52,2020-10-04,28196622.0,Beverages,0.0,0.0,26842940.0,7517187.25,10,40
Maine,53,2020-10-11,28329169.0,Beverages,28196622.0,0.0,0.0,7049155.5,10,41
Maine,54,2020-10-18,0.0,Beverages,28329169.0,0.0,0.0,14131447.75,10,42
Maine,55,2020-10-25,0.0,Beverages,0.0,30068749.0,0.0,14131447.75,10,43
Maine,56,2020-11-01,26208036.0,Beverages,0.0,0.0,26134163.0,14131447.75,11,44
Maine,57,2020-11-08,26444945.0,Beverages,26208036.0,0.0,25833008.0,13634301.25,11,45
Maine,58,2020-11-15,0.0,Beverages,26444945.0,0.0,0.0,13163245.25,11,46
Maine,59,2020-11-22,0.0,Beverages,0.0,28196622.0,0.0,13163245.25,11,47
Maine,60,2020-11-29,0.0,Beverages,0.0,28329169.0,27783408.0,13163245.25,11,48
Maine,61,2020-12-06,25819043.0,Beverages,0.0,0.0,28044139.0,6611236.25,12,49
Maine,62,2020-12-13,0.0,Beverages,25819043.0,0.0,0.0,6454760.75,12,50
Maine,63,2020-12-20,0.0,Beverages,0.0,26208036.0,0.0,6454760.75,12,51
Maine,64,2020-12-27,0.0,Beverages,0.0,26444945.0,0.0,6454760.75,12,52
Maine,65,2021-01-03,26270827.0,Beverages,0.0,0.0,31030852.0,6454760.75,1,53
Maine,66,2021-01-10,26118467.0,Beverages,26270827.0,0.0,0.0,6567706.75,1,1
Maine,67,2021-01-17,0.0,Beverages,26118467.0,0.0,0.0,13097323.5,1,2
Maine,68,2021-01-24,0.0,Beverages,0.0,25819043.0,0.0,13097323.5,1,3
Maine,69,2021-01-31,0.0,Beverages,0.0,0.0,35955266.0,13097323.5,1,4
Maine,70,2021-02-07,26379036.0,Beverages,0.0,0.0,32885624.0,6529616.75,2,5
Maine,71,2021-02-14,0.0,Beverages,26379036.0,0.0,0.0,6594759.0,2,6
Maine,72,2021-02-21,0.0,Beverages,0.0,26270827.0,0.0,6594759.0,2,7
Maine,73,2021-02-28,0.0,Beverages,0.0,26118467.0,35887496.0,6594759.0,2,8
Maine,74,2021-03-07,27970334.0,Beverages,0.0,0.0,34201022.0,6594759.0,3,9
Maine,75,2021-03-14,0.0,Beverages,27970334.0,0.0,0.0,6992583.5,3,10
Maine,76,2021-03-21,0.0,Beverages,0.0,0.0,0.0,6992583.5,3,11
Maine,77,2021-03-28,0.0,Beverages,0.0,26379036.0,0.0,6992583.5,3,12
Maine,78,2021-04-04,28185004.0,Beverages,0.0,0.0,30068749.0,6992583.5,4,13
Maine,79,2021-04-11,27250032.0,Beverages,28185004.0,0.0,0.0,7046251.0,4,14
Maine,80,2021-04-18,0.0,Beverages,27250032.0,0.0,0.0,13858759.0,4,15
Maine,81,2021-04-25,0.0,Beverages,0.0,27970334.0,0.0,13858759.0,4,16
Maine,82,2021-05-02,29137324.0,Beverages,0.0,0.0,28196622.0,13858759.0,5,17
Maine,83,2021-05-09,29339259.0,Beverages,29137324.0,0.0,28329169.0,14096839.0,5,18
Maine,84,2021-05-16,0.0,Beverages,29339259.0,0.0,0.0,14619145.75,5,19
Maine,85,2021-05-23,0.0,Beverages,0.0,28185004.0,0.0,14619145.75,5,20
Maine,86,2021-05-30,0.0,Beverages,0.0,27250032.0,26208036.0,14619145.75,5,21
Maine,87,2021-06-06,32751826.0,Beverages,0.0,0.0,26444945.0,7334814.75,6,22
Maine,88,2021-06-13,0.0,Beverages,32751826.0,0.0,0.0,8187956.5,6,23
Maine,89,2021-06-20,0.0,Beverages,0.0,29137324.0,0.0,8187956.5,6,24
Maine,90,2021-06-27,0.0,Beverages,0.0,29339259.0,0.0,8187956.5,6,25
Maine,91,2021-07-04,36680245.0,Beverages,0.0,0.0,25819043.0,8187956.5,7,26
Maine,92,2021-07-11,33697577.0,Beverages,36680245.0,0.0,0.0,9170061.25,7,27
Maine,93,2021-07-18,0.0,Beverages,33697577.0,0.0,0.0,17594455.5,7,28
Maine,94,2021-07-25,0.0,Beverages,0.0,32751826.0,0.0,17594455.5,7,29
Maine,95,2021-08-01,36198814.0,Beverages,0.0,0.0,26270827.0,17594455.5,8,30
Maine,96,2021-08-08,36088447.0,Beverages,36198814.0,0.0,26118467.0,17474097.75,8,31
Maine,97,2021-08-15,0.0,Beverages,36088447.0,0.0,0.0,18071815.25,8,32
Maine,98,2021-08-22,0.0,Beverages,0.0,36680245.0,0.0,18071815.25,8,33
Maine,99,2021-08-29,0.0,Beverages,0.0,33697577.0,0.0,18071815.25,8,34
Maine,100,2021-09-05,33063174.0,Beverages,0.0,0.0,26379036.0,9022111.75,9,35
Maine,101,2021-09-12,31746175.0,Beverages,33063174.0,0.0,0.0,8265793.5,9,36
Maine,102,2021-09-19,0.0,Beverages,31746175.0,36198814.0,0.0,16202337.25,9,37
Maine,103,2021-09-26,0.0,Beverages,0.0,36088447.0,0.0,16202337.25,9,38
Maine,104,2021-10-03,43463387.0,Beverages,0.0,0.0,27970334.0,16202337.25,10,39
Maine,105,2021-10-10,43838076.0,Beverages,43463387.0,0.0,0.0,18802390.5,10,40
Maine,106,2021-10-17,0.0,Beverages,43838076.0,0.0,0.0,21825365.75,10,41
Maine,107,2021-10-24,0.0,Beverages,0.0,33063174.0,0.0,21825365.75,10,42
Maine,108,2021-10-31,0.0,Beverages,0.0,31746175.0,28185004.0,21825365.75,10,43
Maine,109,2021-11-07,41105433.0,Beverages,0.0,0.0,27250032.0,10959519.0,11,44
Maine,110,2021-11-14,0.0,Beverages,41105433.0,0.0,0.0,10276358.25,11,45
Maine,111,2021-11-21,0.0,Beverages,0.0,43463387.0,0.0,10276358.25,11,46
Maine,112,2021-11-28,0.0,Beverages,0.0,43838076.0,29137324.0,10276358.25,11,47
Maine,113,2021-12-05,40174636.0,Beverages,0.0,0.0,29339259.0,10276358.25,12,48
Maine,114,2021-12-12,41096061.0,Beverages,40174636.0,0.0,0.0,10043659.0,12,49
Maine,115,2021-12-19,0.0,Beverages,41096061.0,0.0,0.0,20317674.25,12,50
Maine,116,2021-12-26,0.0,Beverages,0.0,41105433.0,0.0,20317674.25,12,51
Maine,117,2022-01-02,40280283.0,Beverages,0.0,0.0,32751826.0,20317674.25,1,52
Maine,118,2022-01-09,39650663.0,Beverages,40280283.0,0.0,0.0,20344086.0,1,1
Maine,119,2022-01-16,0.0,Beverages,39650663.0,0.0,0.0,19982736.5,1,2
Maine,120,2022-01-23,0.0,Beverages,0.0,40174636.0,0.0,19982736.5,1,3
Maine,121,2022-01-30,0.0,Beverages,0.0,41096061.0,36680245.0,19982736.5,1,4
Maine,122,2022-02-06,40438798.0,Beverages,0.0,0.0,33697577.0,9912665.75,2,5
Maine,123,2022-02-13,0.0,Beverages,40438798.0,0.0,0.0,10109699.5,2,6
Maine,124,2022-02-20,0.0,Beverages,0.0,40280283.0,0.0,10109699.5,2,7
Maine,125,2022-02-27,0.0,Beverages,0.0,39650663.0,36198814.0,10109699.5,2,8
Maine,126,2022-03-06,42524511.0,Beverages,0.0,0.0,36088447.0,10109699.5,3,9
Maine,127,2022-03-13,0.0,Beverages,42524511.0,0.0,0.0,10631127.75,3,10
Maine,128,2022-03-20,0.0,Beverages,0.0,0.0,0.0,10631127.75,3,11
Maine,129,2022-03-27,0.0,Beverages,0.0,40438798.0,0.0,10631127.75,3,12
Maine,130,2022-04-03,42883243.0,Beverages,0.0,0.0,33063174.0,10631127.75,4,13
Maine,131,2022-04-10,42469419.0,Beverages,42883243.0,0.0,31746175.0,10720810.75,4,14
Maine,132,2022-04-17,0.0,Beverages,42469419.0,0.0,0.0,21338165.5,4,15
Maine,133,2022-04-24,0.0,Beverages,0.0,42524511.0,0.0,21338165.5,4,16
Maine,134,2022-05-01,44706505.0,Beverages,0.0,0.0,43463387.0,21338165.5,5,17
Maine,135,2022-05-08,46270969.0,Beverages,44706505.0,0.0,43838076.0,21793981.0,5,18
Maine,136,2022-05-15,0.0,Beverages,46270969.0,0.0,0.0,22744368.5,5,19
Maine,137,2022-05-22,0.0,Beverages,0.0,42883243.0,0.0,22744368.5,5,20
Maine,138,2022-05-29,0.0,Beverages,0.0,42469419.0,0.0,22744368.5,5,21
Maine,139,2022-06-05,50254515.0,Beverages,0.0,0.0,41105433.0,11567742.25,6,22
Maine,140,2022-06-12,52791108.0,Beverages,50254515.0,0.0,0.0,12563628.75,6,23
Maine,141,2022-06-19,0.0,Beverages,52791108.0,44706505.0,0.0,25761405.75,6,24
Maine,142,2022-06-26,0.0,Beverages,0.0,46270969.0,0.0,25761405.75,6,25
Maine,143,2022-07-03,60165439.0,Beverages,0.0,0.0,40174636.0,25761405.75,7,26
Maine,144,2022-07-10,54669440.0,Beverages,60165439.0,0.0,41096061.0,28239136.75,7,27
Maine,145,2022-07-17,0.0,Beverages,54669440.0,0.0,0.0,28708719.75,7,28
Maine,146,2022-07-24,0.0,Beverages,0.0,50254515.0,0.0,28708719.75,7,29
Maine,147,2022-07-31,0.0,Beverages,0.0,52791108.0,40280283.0,28708719.75,7,30
Maine,148,2022-08-07,56130667.0,Beverages,0.0,0.0,39650663.0,13667360.0,8,31
Maine,149,2022-08-14,0.0,Beverages,56130667.0,0.0,0.0,14032666.75,8,32
Maine,150,2022-08-21,0.0,Beverages,0.0,60165439.0,0.0,14032666.75,8,33
Maine,151,2022-08-28,0.0,Beverages,0.0,54669440.0,0.0,14032666.75,8,34
Maine,152,2022-09-04,50340572.0,Beverages,0.0,0.0,40438798.0,14032666.75,9,35
Maine,153,2022-09-11,48100551.0,Beverages,50340572.0,0.0,0.0,12585143.0,9,36
Maine,154,2022-09-18,0.0,Beverages,48100551.0,0.0,0.0,24610280.75,9,37
Maine,155,2022-09-25,0.0,Beverages,0.0,56130667.0,0.0,24610280.75,9,38
Maine,156,2022-10-02,45716879.0,Beverages,0.0,0.0,42524511.0,24610280.75,10,39
Maine,157,2022-10-09,46496664.0,Beverages,45716879.0,0.0,0.0,23454357.5,10,40
Maine,158,2022-10-16,0.0,Beverages,46496664.0,0.0,0.0,23053385.75,10,41
Maine,159,2022-10-23,0.0,Beverages,0.0,50340572.0,0.0,23053385.75,10,42
Maine,160,2022-10-30,0.0,Beverages,0.0,48100551.0,42883243.0,23053385.75,10,43
Maine,161,2022-11-06,43840591.0,Beverages,0.0,0.0,42469419.0,11624166.0,11,44
Maine,162,2022-11-13,0.0,Beverages,43840591.0,0.0,0.0,10960147.75,11,45
Maine,163,2022-11-20,0.0,Beverages,0.0,45716879.0,0.0,10960147.75,11,46
Maine,164,2022-11-27,0.0,Beverages,0.0,46496664.0,44706505.0,10960147.75,11,47
Maine,165,2022-12-04,42473739.0,Beverages,0.0,0.0,46270969.0,10960147.75,12,48
Maine,166,2022-12-11,44077650.0,Beverages,42473739.0,0.0,0.0,10618434.75,12,49
Maine,167,2022-12-18,0.0,Beverages,44077650.0,0.0,0.0,21637847.25,12,50
Maine,168,2022-12-25,0.0,Beverages,0.0,43840591.0,0.0,21637847.25,12,51
Maine,169,2023-01-01,42599536.0,Beverages,0.0,0.0,50254515.0,21637847.25,1,52
Maine,170,2023-01-08,42122441.0,Beverages,42599536.0,0.0,52791108.0,21669296.5,1,1
Maine,171,2023-01-15,0.0,Beverages,42122441.0,0.0,0.0,21180494.25,1,2
Maine,172,2023-01-22,0.0,Beverages,0.0,42473739.0,0.0,21180494.25,1,3
Maine,173,2023-01-29,0.0,Beverages,0.0,44077650.0,60165439.0,21180494.25,1,4
Maine,174,2023-02-05,42648132.0,Beverages,0.0,0.0,54669440.0,10530610.25,2,5
Maine,175,2023-02-12,46050376.0,Beverages,42648132.0,0.0,0.0,10662033.0,2,6
Maine,176,2023-02-19,0.0,Beverages,46050376.0,42599536.0,0.0,22174627.0,2,7
Maine,177,2023-02-26,0.0,Beverages,0.0,42122441.0,0.0,22174627.0,2,8
Maine,178,2023-03-05,46290151.0,Beverages,0.0,0.0,56130667.0,22174627.0,3,9
Maine,179,2023-03-12,48906544.0,Beverages,46290151.0,0.0,0.0,23085131.75,3,10
Maine,180,2023-03-19,0.0,Beverages,48906544.0,0.0,0.0,23799173.75,3,11
Maine,181,2023-03-26,0.0,Beverages,0.0,42648132.0,0.0,23799173.75,3,12
Maine,182,2023-04-02,44473895.0,Beverages,0.0,46050376.0,50340572.0,23799173.75,4,13
Maine,183,2023-04-09,45983215.0,Beverages,44473895.0,0.0,48100551.0,23345109.75,4,14
Maine,184,2023-04-16,0.0,Beverages,45983215.0,0.0,0.0,22614277.5,4,15
Maine,185,2023-04-23,0.0,Beverages,0.0,46290151.0,0.0,22614277.5,4,16
Maine,186,2023-04-30,0.0,Beverages,0.0,48906544.0,45716879.0,22614277.5,4,17
Maine,187,2023-05-07,49205689.0,Beverages,0.0,0.0,46496664.0,11495803.75,5,18
Maryland,30,2020-05-03,95277517.0,Beverages,0.0,0.0,97008034.0,47570806.5,5,18
Maryland,31,2020-05-10,96078169.0,Beverages,95277517.0,0.0,0.0,47704361.75,5,19
Maryland,32,2020-05-17,0.0,Beverages,96078169.0,0.0,0.0,47838921.5,5,20
Maryland,33,2020-05-24,0.0,Beverages,0.0,94743296.0,0.0,47838921.5,5,21
Maryland,34,2020-05-31,0.0,Beverages,0.0,95539930.0,88673878.0,47838921.5,5,22
Maryland,35,2020-06-07,104723816.0,Beverages,0.0,0.0,88525553.0,24019542.25,6,23
Maryland,36,2020-06-14,0.0,Beverages,104723816.0,0.0,0.0,26180954.0,6,24
Maryland,37,2020-06-21,0.0,Beverages,0.0,95277517.0,0.0,26180954.0,6,25
Maryland,38,2020-06-28,0.0,Beverages,0.0,96078169.0,89261853.0,26180954.0,6,26
Maryland,39,2020-07-05,115323226.0,Beverages,0.0,0.0,87415041.0,26180954.0,7,27
Maryland,40,2020-07-12,106991408.0,Beverages,115323226.0,0.0,0.0,28830806.5,7,28
Maryland,41,2020-07-19,0.0,Beverages,106991408.0,0.0,0.0,55578658.5,7,29
Maryland,42,2020-07-26,0.0,Beverages,0.0,104723816.0,0.0,55578658.5,7,30
Maryland,43,2020-08-02,107791835.0,Beverages,0.0,0.0,88313854.0,55578658.5,8,31
Maryland,44,2020-08-09,105563907.0,Beverages,107791835.0,0.0,89531136.0,53695810.75,8,32
Maryland,45,2020-08-16,0.0,Beverages,105563907.0,0.0,0.0,53338935.5,8,33
Maryland,46,2020-08-23,0.0,Beverages,0.0,115323226.0,0.0,53338935.5,8,34
Maryland,47,2020-08-30,0.0,Beverages,0.0,106991408.0,87410693.0,53338935.5,8,35
Maryland,48,2020-09-06,103513800.0,Beverages,0.0,0.0,88660395.0,26390976.75,9,36
Maryland,49,2020-09-13,0.0,Beverages,103513800.0,0.0,0.0,25878450.0,9,37
Maryland,50,2020-09-20,0.0,Beverages,0.0,107791835.0,0.0,25878450.0,9,38
Maryland,51,2020-09-27,0.0,Beverages,0.0,105563907.0,90814110.0,25878450.0,9,39
Maryland,52,2020-10-04,98860220.0,Beverages,0.0,0.0,95686987.0,25878450.0,10,40
Maryland,53,2020-10-11,97253304.0,Beverages,98860220.0,0.0,0.0,24715055.0,10,41
Maryland,54,2020-10-18,0.0,Beverages,97253304.0,0.0,0.0,49028381.0,10,42
Maryland,55,2020-10-25,0.0,Beverages,0.0,103513800.0,0.0,49028381.0,10,43
Maryland,56,2020-11-01,92795122.0,Beverages,0.0,0.0,94743296.0,49028381.0,11,44
Maryland,57,2020-11-08,94532177.0,Beverages,92795122.0,0.0,95539930.0,47512106.5,11,45
Maryland,58,2020-11-15,0.0,Beverages,94532177.0,0.0,0.0,46831824.75,11,46
Maryland,59,2020-11-22,0.0,Beverages,0.0,98860220.0,0.0,46831824.75,11,47
Maryland,60,2020-11-29,0.0,Beverages,0.0,97253304.0,95277517.0,46831824.75,11,48
Maryland,61,2020-12-06,87783075.0,Beverages,0.0,0.0,96078169.0,23633044.25,12,49
Maryland,62,2020-12-13,0.0,Beverages,87783075.0,0.0,0.0,21945768.75,12,50
Maryland,63,2020-12-20,0.0,Beverages,0.0,92795122.0,0.0,21945768.75,12,51
Maryland,64,2020-12-27,0.0,Beverages,0.0,94532177.0,0.0,21945768.75,12,52
Maryland,65,2021-01-03,91957431.0,Beverages,0.0,0.0,104723816.0,21945768.75,1,53
Maryland,66,2021-01-10,91814739.0,Beverages,91957431.0,0.0,0.0,22989357.75,1,1
Maryland,67,2021-01-17,0.0,Beverages,91814739.0,0.0,0.0,45943042.5,1,2
Maryland,68,2021-01-24,0.0,Beverages,0.0,87783075.0,0.0,45943042.5,1,3
Maryland,69,2021-01-31,0.0,Beverages,0.0,0.0,115323226.0,45943042.5,1,4
Maryland,70,2021-02-07,91691006.0,Beverages,0.0,0.0,106991408.0,22953684.75,2,5
Maryland,71,2021-02-14,0.0,Beverages,91691006.0,0.0,0.0,22922751.5,2,6
Maryland,72,2021-02-21,0.0,Beverages,0.0,91957431.0,0.0,22922751.5,2,7
Maryland,73,2021-02-28,0.0,Beverages,0.0,91814739.0,107791835.0,22922751.5,2,8
Maryland,74,2021-03-07,98503358.0,Beverages,0.0,0.0,105563907.0,22922751.5,3,9
Maryland,75,2021-03-14,0.0,Beverages,98503358.0,0.0,0.0,24625839.5,3,10
Maryland,76,2021-03-21,0.0,Beverages,0.0,0.0,0.0,24625839.5,3,11
Maryland,77,2021-03-28,0.0,Beverages,0.0,91691006.0,0.0,24625839.5,3,12
Maryland,78,2021-04-04,99821595.0,Beverages,0.0,0.0,103513800.0,24625839.5,4,13
Maryland,79,2021-04-11,99364240.0,Beverages,99821595.0,0.0,0.0,24955398.75,4,14
Maryland,80,2021-04-18,0.0,Beverages,99364240.0,0.0,0.0,49796458.75,4,15
Maryland,81,2021-04-25,0.0,Beverages,0.0,98503358.0,0.0,49796458.75,4,16
Maryland,82,2021-05-02,102050026.0,Beverages,0.0,0.0,98860220.0,49796458.75,5,17
Maryland,83,2021-05-09,102307391.0,Beverages,102050026.0,0.0,97253304.0,50353566.5,5,18
Maryland,84,2021-05-16,0.0,Beverages,102307391.0,0.0,0.0,51089354.25,5,19
Maryland,85,2021-05-23,0.0,Beverages,0.0,99821595.0,0.0,51089354.25,5,20
Maryland,86,2021-05-30,0.0,Beverages,0.0,99364240.0,92795122.0,51089354.25,5,21
Maryland,87,2021-06-06,110224578.0,Beverages,0.0,0.0,94532177.0,25576847.75,6,22
Maryland,88,2021-06-13,0.0,Beverages,110224578.0,0.0,0.0,27556144.5,6,23
Maryland,89,2021-06-20,0.0,Beverages,0.0,102050026.0,0.0,27556144.5,6,24
Maryland,90,2021-06-27,0.0,Beverages,0.0,102307391.0,0.0,27556144.5,6,25
Maryland,91,2021-07-04,120566973.0,Beverages,0.0,0.0,87783075.0,27556144.5,7,26
Maryland,92,2021-07-11,114821638.0,Beverages,120566973.0,0.0,0.0,30141743.25,7,27
Maryland,93,2021-07-18,0.0,Beverages,114821638.0,0.0,0.0,58847152.75,7,28
Maryland,94,2021-07-25,0.0,Beverages,0.0,110224578.0,0.0,58847152.75,7,29
Maryland,95,2021-08-01,113493003.0,Beverages,0.0,0.0,91957431.0,58847152.75,8,30
Maryland,96,2021-08-08,109789879.0,Beverages,113493003.0,0.0,91814739.0,57078660.25,8,31
Maryland,97,2021-08-15,0.0,Beverages,109789879.0,0.0,0.0,55820720.5,8,32
Maryland,98,2021-08-22,0.0,Beverages,0.0,120566973.0,0.0,55820720.5,8,33
Maryland,99,2021-08-29,0.0,Beverages,0.0,114821638.0,0.0,55820720.5,8,34
Maryland,100,2021-09-05,110387783.0,Beverages,0.0,0.0,91691006.0,27447469.75,9,35
Maryland,101,2021-09-12,107980698.0,Beverages,110387783.0,0.0,0.0,27596945.75,9,36
Maryland,102,2021-09-19,0.0,Beverages,107980698.0,113493003.0,0.0,54592120.25,9,37
Maryland,103,2021-09-26,0.0,Beverages,0.0,109789879.0,0.0,54592120.25,9,38
Maryland,104,2021-10-03,153026721.0,Beverages,0.0,0.0,98503358.0,54592120.25,10,39
Maryland,105,2021-10-10,151554136.0,Beverages,153026721.0,0.0,0.0,65251854.75,10,40
Maryland,106,2021-10-17,0.0,Beverages,151554136.0,0.0,0.0,76145214.25,10,41
Maryland,107,2021-10-24,0.0,Beverages,0.0,110387783.0,0.0,76145214.25,10,42
Maryland,108,2021-10-31,0.0,Beverages,0.0,107980698.0,99821595.0,76145214.25,10,43
Maryland,109,2021-11-07,143534790.0,Beverages,0.0,0.0,99364240.0,37888534.0,11,44
Maryland,110,2021-11-14,0.0,Beverages,143534790.0,0.0,0.0,35883697.5,11,45
Maryland,111,2021-11-21,0.0,Beverages,0.0,153026721.0,0.0,35883697.5,11,46
Maryland,112,2021-11-28,0.0,Beverages,0.0,151554136.0,102050026.0,35883697.5,11,47
Maryland,113,2021-12-05,137448770.0,Beverages,0.0,0.0,102307391.0,35883697.5,12,48
Maryland,114,2021-12-12,146342295.0,Beverages,137448770.0,0.0,0.0,34362192.5,12,49
Maryland,115,2021-12-19,0.0,Beverages,146342295.0,0.0,0.0,70947766.25,12,50
Maryland,116,2021-12-26,0.0,Beverages,0.0,143534790.0,0.0,70947766.25,12,51
Maryland,117,2022-01-02,141611466.0,Beverages,0.0,0.0,110224578.0,70947766.25,1,52
Maryland,118,2022-01-09,143613037.0,Beverages,141611466.0,0.0,0.0,71988440.25,1,1
Maryland,119,2022-01-16,0.0,Beverages,143613037.0,0.0,0.0,71306125.75,1,2
Maryland,120,2022-01-23,0.0,Beverages,0.0,137448770.0,0.0,71306125.75,1,3
Maryland,121,2022-01-30,0.0,Beverages,0.0,146342295.0,120566973.0,71306125.75,1,4
Maryland,122,2022-02-06,141116007.0,Beverages,0.0,0.0,114821638.0,35903259.25,2,5
Maryland,123,2022-02-13,0.0,Beverages,141116007.0,0.0,0.0,35279001.75,2,6
Maryland,124,2022-02-20,0.0,Beverages,0.0,141611466.0,0.0,35279001.75,2,7
Maryland,125,2022-02-27,0.0,Beverages,0.0,143613037.0,113493003.0,35279001.75,2,8
Maryland,126,2022-03-06,146518927.0,Beverages,0.0,0.0,109789879.0,35279001.75,3,9
Maryland,127,2022-03-13,0.0,Beverages,146518927.0,0.0,0.0,36629731.75,3,10
Maryland,128,2022-03-20,0.0,Beverages,0.0,0.0,0.0,36629731.75,3,11
Maryland,129,2022-03-27,0.0,Beverages,0.0,141116007.0,0.0,36629731.75,3,12
Maryland,130,2022-04-03,151946477.0,Beverages,0.0,0.0,110387783.0,36629731.75,4,13
Maryland,131,2022-04-10,153379324.0,Beverages,151946477.0,0.0,107980698.0,37986619.25,4,14
Maryland,132,2022-04-17,0.0,Beverages,153379324.0,0.0,0.0,76331450.25,4,15
Maryland,133,2022-04-24,0.0,Beverages,0.0,146518927.0,0.0,76331450.25,4,16
Maryland,134,2022-05-01,156961460.0,Beverages,0.0,0.0,153026721.0,76331450.25,5,17
Maryland,135,2022-05-08,155643664.0,Beverages,156961460.0,0.0,151554136.0,77585196.0,5,18
Maryland,136,2022-05-15,0.0,Beverages,155643664.0,0.0,0.0,78151281.0,5,19
Maryland,137,2022-05-22,0.0,Beverages,0.0,151946477.0,0.0,78151281.0,5,20
Maryland,138,2022-05-29,0.0,Beverages,0.0,153379324.0,0.0,78151281.0,5,21
Maryland,139,2022-06-05,167237091.0,Beverages,0.0,0.0,143534790.0,38910916.0,6,22
Maryland,140,2022-06-12,165507600.0,Beverages,167237091.0,0.0,0.0,41809272.75,6,23
Maryland,141,2022-06-19,0.0,Beverages,165507600.0,156961460.0,0.0,83186172.75,6,24
Maryland,142,2022-06-26,0.0,Beverages,0.0,155643664.0,0.0,83186172.75,6,25
Maryland,143,2022-07-03,175871844.0,Beverages,0.0,0.0,137448770.0,83186172.75,7,26
Maryland,144,2022-07-10,167386564.0,Beverages,175871844.0,0.0,146342295.0,85344861.0,7,27
Maryland,145,2022-07-17,0.0,Beverages,167386564.0,0.0,0.0,85814602.0,7,28
Maryland,146,2022-07-24,0.0,Beverages,0.0,167237091.0,0.0,85814602.0,7,29
Maryland,147,2022-07-31,0.0,Beverages,0.0,165507600.0,141611466.0,85814602.0,7,30
Maryland,148,2022-08-07,168221663.0,Beverages,0.0,0.0,143613037.0,41846641.0,8,31
Maryland,149,2022-08-14,0.0,Beverages,168221663.0,0.0,0.0,42055415.75,8,32
Maryland,150,2022-08-21,0.0,Beverages,0.0,175871844.0,0.0,42055415.75,8,33
Maryland,151,2022-08-28,0.0,Beverages,0.0,167386564.0,0.0,42055415.75,8,34
Maryland,152,2022-09-04,170224235.0,Beverages,0.0,0.0,141116007.0,42055415.75,9,35
Maryland,153,2022-09-11,165517969.0,Beverages,170224235.0,0.0,0.0,42556058.75,9,36
Maryland,154,2022-09-18,0.0,Beverages,165517969.0,0.0,0.0,83935551.0,9,37
Maryland,155,2022-09-25,0.0,Beverages,0.0,168221663.0,0.0,83935551.0,9,38
Maryland,156,2022-10-02,160004007.0,Beverages,0.0,0.0,146518927.0,83935551.0,10,39
Maryland,157,2022-10-09,156839384.0,Beverages,160004007.0,0.0,0.0,81380494.0,10,40
Maryland,158,2022-10-16,0.0,Beverages,156839384.0,0.0,0.0,79210847.75,10,41
Maryland,159,2022-10-23,0.0,Beverages,0.0,170224235.0,0.0,79210847.75,10,42
Maryland,160,2022-10-30,0.0,Beverages,0.0,165517969.0,151946477.0,79210847.75,10,43
Maryland,161,2022-11-06,152058115.0,Beverages,0.0,0.0,153379324.0,39209846.0,11,44
Maryland,162,2022-11-13,0.0,Beverages,152058115.0,0.0,0.0,38014528.75,11,45
Maryland,163,2022-11-20,0.0,Beverages,0.0,160004007.0,0.0,38014528.75,11,46
Maryland,164,2022-11-27,0.0,Beverages,0.0,156839384.0,156961460.0,38014528.75,11,47
Maryland,165,2022-12-04,143324166.0,Beverages,0.0,0.0,155643664.0,38014528.75,12,48
Maryland,166,2022-12-11,152772242.0,Beverages,143324166.0,0.0,0.0,35831041.5,12,49
Maryland,167,2022-12-18,0.0,Beverages,152772242.0,0.0,0.0,74024102.0,12,50
Maryland,168,2022-12-25,0.0,Beverages,0.0,152058115.0,0.0,74024102.0,12,51
Maryland,169,2023-01-01,150104016.0,Beverages,0.0,0.0,167237091.0,74024102.0,1,52
Maryland,170,2023-01-08,149468285.0,Beverages,150104016.0,0.0,165507600.0,75719064.5,1,1
Maryland,171,2023-01-15,0.0,Beverages,149468285.0,0.0,0.0,74893075.25,1,2
Maryland,172,2023-01-22,0.0,Beverages,0.0,143324166.0,0.0,74893075.25,1,3
Maryland,173,2023-01-29,0.0,Beverages,0.0,152772242.0,175871844.0,74893075.25,1,4
Maryland,174,2023-02-05,146919673.0,Beverages,0.0,0.0,167386564.0,37367071.25,2,5
Maryland,175,2023-02-12,152386026.0,Beverages,146919673.0,0.0,0.0,36729918.25,2,6
Maryland,176,2023-02-19,0.0,Beverages,152386026.0,150104016.0,0.0,74826424.75,2,7
Maryland,177,2023-02-26,0.0,Beverages,0.0,149468285.0,0.0,74826424.75,2,8
Maryland,178,2023-03-05,158093685.0,Beverages,0.0,0.0,168221663.0,74826424.75,3,9
Maryland,179,2023-03-12,174669998.0,Beverages,158093685.0,0.0,0.0,77619927.75,3,10
Maryland,180,2023-03-19,0.0,Beverages,174669998.0,0.0,0.0,83190920.75,3,11
Maryland,181,2023-03-26,0.0,Beverages,0.0,146919673.0,0.0,83190920.75,3,12
Maryland,182,2023-04-02,156180976.0,Beverages,0.0,152386026.0,170224235.0,83190920.75,4,13
Maryland,183,2023-04-09,161274665.0,Beverages,156180976.0,0.0,165517969.0,82712743.5,4,14
Maryland,184,2023-04-16,0.0,Beverages,161274665.0,0.0,0.0,79363910.25,4,15
Maryland,185,2023-04-23,0.0,Beverages,0.0,158093685.0,0.0,79363910.25,4,16
Maryland,186,2023-04-30,0.0,Beverages,0.0,174669998.0,160004007.0,79363910.25,4,17
Maryland,187,2023-05-07,160481700.0,Beverages,0.0,0.0,156839384.0,40318666.25,5,18
Massachusetts,30,2020-05-03,104091231.0,Beverages,0.0,0.0,102038881.0,52440678.5,5,18
Massachusetts,31,2020-05-10,109906368.0,Beverages,104091231.0,0.0,0.0,52468266.5,5,19
Massachusetts,32,2020-05-17,0.0,Beverages,109906368.0,0.0,0.0,53499399.75,5,20
Massachusetts,33,2020-05-24,0.0,Beverages,0.0,103980879.0,0.0,53499399.75,5,21
Massachusetts,34,2020-05-31,0.0,Beverages,0.0,105781835.0,97717029.0,53499399.75,5,22
Massachusetts,35,2020-06-07,117164234.0,Beverages,0.0,0.0,99983395.0,27476592.0,6,23
Massachusetts,36,2020-06-14,0.0,Beverages,117164234.0,0.0,0.0,29291058.5,6,24
Massachusetts,37,2020-06-21,0.0,Beverages,0.0,104091231.0,0.0,29291058.5,6,25
Massachusetts,38,2020-06-28,0.0,Beverages,0.0,109906368.0,98820411.0,29291058.5,6,26
Massachusetts,39,2020-07-05,126221632.0,Beverages,0.0,0.0,98415703.0,29291058.5,7,27
Massachusetts,40,2020-07-12,120946165.0,Beverages,126221632.0,0.0,0.0,31555408.0,7,28
Massachusetts,41,2020-07-19,0.0,Beverages,120946165.0,0.0,0.0,61791949.25,7,29
Massachusetts,42,2020-07-26,0.0,Beverages,0.0,117164234.0,0.0,61791949.25,7,30
Massachusetts,43,2020-08-02,126577658.0,Beverages,0.0,0.0,98080456.0,61791949.25,8,31
Massachusetts,44,2020-08-09,124107249.0,Beverages,126577658.0,0.0,97046660.0,61880955.75,8,32
Massachusetts,45,2020-08-16,0.0,Beverages,124107249.0,0.0,0.0,62671226.75,8,33
Massachusetts,46,2020-08-23,0.0,Beverages,0.0,126221632.0,0.0,62671226.75,8,34
Massachusetts,47,2020-08-30,0.0,Beverages,0.0,120946165.0,98287115.0,62671226.75,8,35
Massachusetts,48,2020-09-06,115596196.0,Beverages,0.0,0.0,98116057.0,31026812.25,9,36
Massachusetts,49,2020-09-13,0.0,Beverages,115596196.0,0.0,0.0,28899049.0,9,37
Massachusetts,50,2020-09-20,0.0,Beverages,0.0,126577658.0,0.0,28899049.0,9,38
Massachusetts,51,2020-09-27,0.0,Beverages,0.0,124107249.0,100072373.0,28899049.0,9,39
Massachusetts,52,2020-10-04,108992157.0,Beverages,0.0,0.0,107069451.0,28899049.0,10,40
Massachusetts,53,2020-10-11,106668504.0,Beverages,108992157.0,0.0,0.0,27248039.25,10,41
Massachusetts,54,2020-10-18,0.0,Beverages,106668504.0,0.0,0.0,53915165.25,10,42
Massachusetts,55,2020-10-25,0.0,Beverages,0.0,115596196.0,0.0,53915165.25,10,43
Massachusetts,56,2020-11-01,101437846.0,Beverages,0.0,0.0,103980879.0,53915165.25,11,44
Massachusetts,57,2020-11-08,106566022.0,Beverages,101437846.0,0.0,105781835.0,52026587.5,11,45
Massachusetts,58,2020-11-15,0.0,Beverages,106566022.0,0.0,0.0,52000967.0,11,46
Massachusetts,59,2020-11-22,0.0,Beverages,0.0,108992157.0,0.0,52000967.0,11,47
Massachusetts,60,2020-11-29,0.0,Beverages,0.0,106668504.0,104091231.0,52000967.0,11,48
Massachusetts,61,2020-12-06,100040170.0,Beverages,0.0,0.0,109906368.0,26641505.5,12,49
Massachusetts,62,2020-12-13,0.0,Beverages,100040170.0,0.0,0.0,25010042.5,12,50
Massachusetts,63,2020-12-20,0.0,Beverages,0.0,101437846.0,0.0,25010042.5,12,51
Massachusetts,64,2020-12-27,0.0,Beverages,0.0,106566022.0,0.0,25010042.5,12,52
Massachusetts,65,2021-01-03,100200812.0,Beverages,0.0,0.0,117164234.0,25010042.5,1,53
Massachusetts,66,2021-01-10,101930997.0,Beverages,100200812.0,0.0,0.0,25050203.0,1,1
Massachusetts,67,2021-01-17,0.0,Beverages,101930997.0,0.0,0.0,50532952.25,1,2
Massachusetts,68,2021-01-24,0.0,Beverages,0.0,100040170.0,0.0,50532952.25,1,3
Massachusetts,69,2021-01-31,0.0,Beverages,0.0,0.0,126221632.0,50532952.25,1,4
Massachusetts,70,2021-02-07,105261774.0,Beverages,0.0,0.0,120946165.0,25482749.25,2,5
Massachusetts,71,2021-02-14,0.0,Beverages,105261774.0,0.0,0.0,26315443.5,2,6
Massachusetts,72,2021-02-21,0.0,Beverages,0.0,100200812.0,0.0,26315443.5,2,7
Massachusetts,73,2021-02-28,0.0,Beverages,0.0,101930997.0,126577658.0,26315443.5,2,8
Massachusetts,74,2021-03-07,112113204.0,Beverages,0.0,0.0,124107249.0,26315443.5,3,9
Massachusetts,75,2021-03-14,0.0,Beverages,112113204.0,0.0,0.0,28028301.0,3,10
Massachusetts,76,2021-03-21,0.0,Beverages,0.0,0.0,0.0,28028301.0,3,11
Massachusetts,77,2021-03-28,0.0,Beverages,0.0,105261774.0,0.0,28028301.0,3,12
Massachusetts,78,2021-04-04,111306106.0,Beverages,0.0,0.0,115596196.0,28028301.0,4,13
Massachusetts,79,2021-04-11,110485619.0,Beverages,111306106.0,0.0,0.0,27826526.5,4,14
Massachusetts,80,2021-04-18,0.0,Beverages,110485619.0,0.0,0.0,55447931.25,4,15
Massachusetts,81,2021-04-25,0.0,Beverages,0.0,112113204.0,0.0,55447931.25,4,16
Massachusetts,82,2021-05-02,111117669.0,Beverages,0.0,0.0,108992157.0,55447931.25,5,17
Massachusetts,83,2021-05-09,115952141.0,Beverages,111117669.0,0.0,106668504.0,55400822.0,5,18
Massachusetts,84,2021-05-16,0.0,Beverages,115952141.0,0.0,0.0,56767452.5,5,19
Massachusetts,85,2021-05-23,0.0,Beverages,0.0,111306106.0,0.0,56767452.5,5,20
Massachusetts,86,2021-05-30,0.0,Beverages,0.0,110485619.0,101437846.0,56767452.5,5,21
Massachusetts,87,2021-06-06,122917889.0,Beverages,0.0,0.0,106566022.0,28988035.25,6,22
Massachusetts,88,2021-06-13,0.0,Beverages,122917889.0,0.0,0.0,30729472.25,6,23
Massachusetts,89,2021-06-20,0.0,Beverages,0.0,111117669.0,0.0,30729472.25,6,24
Massachusetts,90,2021-06-27,0.0,Beverages,0.0,115952141.0,0.0,30729472.25,6,25
Massachusetts,91,2021-07-04,130187266.0,Beverages,0.0,0.0,100040170.0,30729472.25,7,26
Massachusetts,92,2021-07-11,123103940.0,Beverages,130187266.0,0.0,0.0,32546816.5,7,27
Massachusetts,93,2021-07-18,0.0,Beverages,123103940.0,0.0,0.0,63322801.5,7,28
Massachusetts,94,2021-07-25,0.0,Beverages,0.0,122917889.0,0.0,63322801.5,7,29
Massachusetts,95,2021-08-01,129061308.0,Beverages,0.0,0.0,100200812.0,63322801.5,8,30
Massachusetts,96,2021-08-08,131700960.0,Beverages,129061308.0,0.0,101930997.0,63041312.0,8,31
Massachusetts,97,2021-08-15,0.0,Beverages,131700960.0,0.0,0.0,65190567.0,8,32
Massachusetts,98,2021-08-22,0.0,Beverages,0.0,130187266.0,0.0,65190567.0,8,33
Massachusetts,99,2021-08-29,0.0,Beverages,0.0,123103940.0,0.0,65190567.0,8,34
Massachusetts,100,2021-09-05,123991822.0,Beverages,0.0,0.0,105261774.0,32925240.0,9,35
Massachusetts,101,2021-09-12,122654220.0,Beverages,123991822.0,0.0,0.0,30997955.5,9,36
Massachusetts,102,2021-09-19,0.0,Beverages,122654220.0,129061308.0,0.0,61661510.5,9,37
Massachusetts,103,2021-09-26,0.0,Beverages,0.0,131700960.0,0.0,61661510.5,9,38
Massachusetts,104,2021-10-03,165592566.0,Beverages,0.0,0.0,112113204.0,61661510.5,10,39
Massachusetts,105,2021-10-10,168719601.0,Beverages,165592566.0,0.0,0.0,72061696.5,10,40
Massachusetts,106,2021-10-17,0.0,Beverages,168719601.0,0.0,0.0,83578041.75,10,41
Massachusetts,107,2021-10-24,0.0,Beverages,0.0,123991822.0,0.0,83578041.75,10,42
Massachusetts,108,2021-10-31,0.0,Beverages,0.0,122654220.0,111306106.0,83578041.75,10,43
Massachusetts,109,2021-11-07,164369047.0,Beverages,0.0,0.0,110485619.0,42179900.25,11,44
Massachusetts,110,2021-11-14,0.0,Beverages,164369047.0,0.0,0.0,41092261.75,11,45
Massachusetts,111,2021-11-21,0.0,Beverages,0.0,165592566.0,0.0,41092261.75,11,46
Massachusetts,112,2021-11-28,0.0,Beverages,0.0,168719601.0,111117669.0,41092261.75,11,47
Massachusetts,113,2021-12-05,158595895.0,Beverages,0.0,0.0,115952141.0,41092261.75,12,48
Massachusetts,114,2021-12-12,164054126.0,Beverages,158595895.0,0.0,0.0,39648973.75,12,49
Massachusetts,115,2021-12-19,0.0,Beverages,164054126.0,0.0,0.0,80662505.25,12,50
Massachusetts,116,2021-12-26,0.0,Beverages,0.0,164369047.0,0.0,80662505.25,12,51
Massachusetts,117,2022-01-02,153065563.0,Beverages,0.0,0.0,122917889.0,80662505.25,1,52
Massachusetts,118,2022-01-09,158862331.0,Beverages,153065563.0,0.0,0.0,79279922.25,1,1
Massachusetts,119,2022-01-16,0.0,Beverages,158862331.0,0.0,0.0,77981973.5,1,2
Massachusetts,120,2022-01-23,0.0,Beverages,0.0,158595895.0,0.0,77981973.5,1,3
Massachusetts,121,2022-01-30,0.0,Beverages,0.0,164054126.0,130187266.0,77981973.5,1,4
Massachusetts,122,2022-02-06,158406497.0,Beverages,0.0,0.0,123103940.0,39715582.75,2,5
Massachusetts,123,2022-02-13,0.0,Beverages,158406497.0,0.0,0.0,39601624.25,2,6
Massachusetts,124,2022-02-20,0.0,Beverages,0.0,153065563.0,0.0,39601624.25,2,7
Massachusetts,125,2022-02-27,0.0,Beverages,0.0,158862331.0,129061308.0,39601624.25,2,8
Massachusetts,126,2022-03-06,163066212.0,Beverages,0.0,0.0,131700960.0,39601624.25,3,9
Massachusetts,127,2022-03-13,0.0,Beverages,163066212.0,0.0,0.0,40766553.0,3,10
Massachusetts,128,2022-03-20,0.0,Beverages,0.0,0.0,0.0,40766553.0,3,11
Massachusetts,129,2022-03-27,0.0,Beverages,0.0,158406497.0,0.0,40766553.0,3,12
Massachusetts,130,2022-04-03,167967264.0,Beverages,0.0,0.0,123991822.0,40766553.0,4,13
Massachusetts,131,2022-04-10,170005396.0,Beverages,167967264.0,0.0,122654220.0,41991816.0,4,14
Massachusetts,132,2022-04-17,0.0,Beverages,170005396.0,0.0,0.0,84493165.0,4,15
Massachusetts,133,2022-04-24,0.0,Beverages,0.0,163066212.0,0.0,84493165.0,4,16
Massachusetts,134,2022-05-01,167023123.0,Beverages,0.0,0.0,165592566.0,84493165.0,5,17
Massachusetts,135,2022-05-08,176540605.0,Beverages,167023123.0,0.0,168719601.0,84257129.75,5,18
Massachusetts,136,2022-05-15,0.0,Beverages,176540605.0,0.0,0.0,85890932.0,5,19
Massachusetts,137,2022-05-22,0.0,Beverages,0.0,167967264.0,0.0,85890932.0,5,20
Massachusetts,138,2022-05-29,0.0,Beverages,0.0,170005396.0,0.0,85890932.0,5,21
Massachusetts,139,2022-06-05,186095043.0,Beverages,0.0,0.0,164369047.0,44135151.25,6,22
Massachusetts,140,2022-06-12,193394268.0,Beverages,186095043.0,0.0,0.0,46523760.75,6,23
Massachusetts,141,2022-06-19,0.0,Beverages,193394268.0,167023123.0,0.0,94872327.75,6,24
Massachusetts,142,2022-06-26,0.0,Beverages,0.0,176540605.0,0.0,94872327.75,6,25
Massachusetts,143,2022-07-03,204951138.0,Beverages,0.0,0.0,158595895.0,94872327.75,7,26
Massachusetts,144,2022-07-10,193110485.0,Beverages,204951138.0,0.0,164054126.0,99586351.5,7,27
Massachusetts,145,2022-07-17,0.0,Beverages,193110485.0,0.0,0.0,99515405.75,7,28
Massachusetts,146,2022-07-24,0.0,Beverages,0.0,186095043.0,0.0,99515405.75,7,29
Massachusetts,147,2022-07-31,0.0,Beverages,0.0,193394268.0,153065563.0,99515405.75,7,30
Massachusetts,148,2022-08-07,202942318.0,Beverages,0.0,0.0,158862331.0,48277621.25,8,31
Massachusetts,149,2022-08-14,0.0,Beverages,202942318.0,0.0,0.0,50735579.5,8,32
Massachusetts,150,2022-08-21,0.0,Beverages,0.0,204951138.0,0.0,50735579.5,8,33
Massachusetts,151,2022-08-28,0.0,Beverages,0.0,193110485.0,0.0,50735579.5,8,34
Massachusetts,152,2022-09-04,191887582.0,Beverages,0.0,0.0,158406497.0,50735579.5,9,35
Massachusetts,153,2022-09-11,184280870.0,Beverages,191887582.0,0.0,0.0,47971895.5,9,36
Massachusetts,154,2022-09-18,0.0,Beverages,184280870.0,0.0,0.0,94042113.0,9,37
Massachusetts,155,2022-09-25,0.0,Beverages,0.0,202942318.0,0.0,94042113.0,9,38
Massachusetts,156,2022-10-02,173632118.0,Beverages,0.0,0.0,163066212.0,94042113.0,10,39
Massachusetts,157,2022-10-09,178377597.0,Beverages,173632118.0,0.0,0.0,89478247.0,10,40
Massachusetts,158,2022-10-16,0.0,Beverages,178377597.0,0.0,0.0,88002428.75,10,41
Massachusetts,159,2022-10-23,0.0,Beverages,0.0,191887582.0,0.0,88002428.75,10,42
Massachusetts,160,2022-10-30,0.0,Beverages,0.0,184280870.0,167967264.0,88002428.75,10,43
Massachusetts,161,2022-11-06,176404236.0,Beverages,0.0,0.0,170005396.0,44594399.25,11,44
Massachusetts,162,2022-11-13,0.0,Beverages,176404236.0,0.0,0.0,44101059.0,11,45
Massachusetts,163,2022-11-20,0.0,Beverages,0.0,173632118.0,0.0,44101059.0,11,46
Massachusetts,164,2022-11-27,0.0,Beverages,0.0,178377597.0,167023123.0,44101059.0,11,47
Massachusetts,165,2022-12-04,166677968.0,Beverages,0.0,0.0,176540605.0,44101059.0,12,48
Massachusetts,166,2022-12-11,177121214.0,Beverages,166677968.0,0.0,0.0,41669492.0,12,49
Massachusetts,167,2022-12-18,0.0,Beverages,177121214.0,0.0,0.0,85949795.5,12,50
Massachusetts,168,2022-12-25,0.0,Beverages,0.0,176404236.0,0.0,85949795.5,12,51
Massachusetts,169,2023-01-01,160477106.0,Beverages,0.0,0.0,186095043.0,85949795.5,1,52
Massachusetts,170,2023-01-08,171797787.0,Beverages,160477106.0,0.0,193394268.0,84399580.0,1,1
Massachusetts,171,2023-01-15,0.0,Beverages,171797787.0,0.0,0.0,83068723.25,1,2
Massachusetts,172,2023-01-22,0.0,Beverages,0.0,166677968.0,0.0,83068723.25,1,3
Massachusetts,173,2023-01-29,0.0,Beverages,0.0,177121214.0,204951138.0,83068723.25,1,4
Massachusetts,174,2023-02-05,166383018.0,Beverages,0.0,0.0,193110485.0,42949446.75,2,5
Massachusetts,175,2023-02-12,172523686.0,Beverages,166383018.0,0.0,0.0,41595754.5,2,6
Massachusetts,176,2023-02-19,0.0,Beverages,172523686.0,160477106.0,0.0,84726676.0,2,7
Massachusetts,177,2023-02-26,0.0,Beverages,0.0,171797787.0,0.0,84726676.0,2,8
Massachusetts,178,2023-03-05,178456878.0,Beverages,0.0,0.0,202942318.0,84726676.0,3,9
Massachusetts,179,2023-03-12,198158712.0,Beverages,178456878.0,0.0,0.0,87745141.0,3,10
Massachusetts,180,2023-03-19,0.0,Beverages,198158712.0,0.0,0.0,94153897.5,3,11
Massachusetts,181,2023-03-26,0.0,Beverages,0.0,166383018.0,0.0,94153897.5,3,12
Massachusetts,182,2023-04-02,173074201.0,Beverages,0.0,172523686.0,191887582.0,94153897.5,4,13
Massachusetts,183,2023-04-09,186152613.0,Beverages,173074201.0,0.0,184280870.0,92808228.25,4,14
Massachusetts,184,2023-04-16,0.0,Beverages,186152613.0,0.0,0.0,89806703.5,4,15
Massachusetts,185,2023-04-23,0.0,Beverages,0.0,178456878.0,0.0,89806703.5,4,16
Massachusetts,186,2023-04-30,0.0,Beverages,0.0,198158712.0,173632118.0,89806703.5,4,17
Massachusetts,187,2023-05-07,189283132.0,Beverages,0.0,0.0,178377597.0,46538153.25,5,18
Michigan,30,2020-05-03,173001965.0,Beverages,0.0,0.0,162440135.0,82578770.0,5,18
Michigan,31,2020-05-10,179161368.0,Beverages,173001965.0,0.0,0.0,85483369.5,5,19
Michigan,32,2020-05-17,0.0,Beverages,179161368.0,0.0,0.0,88040833.25,5,20
Michigan,33,2020-05-24,0.0,Beverages,0.0,161383567.0,0.0,88040833.25,5,21
Michigan,34,2020-05-31,0.0,Beverages,0.0,168931513.0,160641810.0,88040833.25,5,22
Michigan,35,2020-06-07,195960018.0,Beverages,0.0,0.0,155458754.0,44790342.0,6,23
Michigan,36,2020-06-14,0.0,Beverages,195960018.0,0.0,0.0,48990004.5,6,24
Michigan,37,2020-06-21,0.0,Beverages,0.0,173001965.0,0.0,48990004.5,6,25
Michigan,38,2020-06-28,0.0,Beverages,0.0,179161368.0,161601849.0,48990004.5,6,26
Michigan,39,2020-07-05,225361219.0,Beverages,0.0,0.0,160909877.0,48990004.5,7,27
Michigan,40,2020-07-12,201011507.0,Beverages,225361219.0,0.0,0.0,56340304.75,7,28
Michigan,41,2020-07-19,0.0,Beverages,201011507.0,0.0,0.0,106593181.5,7,29
Michigan,42,2020-07-26,0.0,Beverages,0.0,195960018.0,0.0,106593181.5,7,30
Michigan,43,2020-08-02,195412528.0,Beverages,0.0,0.0,160060281.0,106593181.5,8,31
Michigan,44,2020-08-09,193099997.0,Beverages,195412528.0,0.0,159009553.0,99106008.75,8,32
Michigan,45,2020-08-16,0.0,Beverages,193099997.0,0.0,0.0,97128131.25,8,33
Michigan,46,2020-08-23,0.0,Beverages,0.0,225361219.0,0.0,97128131.25,8,34
Michigan,47,2020-08-30,0.0,Beverages,0.0,201011507.0,158579175.0,97128131.25,8,35
Michigan,48,2020-09-06,182313622.0,Beverages,0.0,0.0,156307498.0,48274999.25,9,36
Michigan,49,2020-09-13,0.0,Beverages,182313622.0,0.0,0.0,45578405.5,9,37
Michigan,50,2020-09-20,0.0,Beverages,0.0,195412528.0,0.0,45578405.5,9,38
Michigan,51,2020-09-27,0.0,Beverages,0.0,193099997.0,160937018.0,45578405.5,9,39
Michigan,52,2020-10-04,171357368.0,Beverages,0.0,0.0,169691117.0,45578405.5,10,40
Michigan,53,2020-10-11,174354212.0,Beverages,171357368.0,0.0,0.0,42839342.0,10,41
Michigan,54,2020-10-18,0.0,Beverages,174354212.0,0.0,0.0,86427895.0,10,42
Michigan,55,2020-10-25,0.0,Beverages,0.0,182313622.0,0.0,86427895.0,10,43
Michigan,56,2020-11-01,169836316.0,Beverages,0.0,0.0,161383567.0,86427895.0,11,44
Michigan,57,2020-11-08,170455154.0,Beverages,169836316.0,0.0,168931513.0,86047632.0,11,45
Michigan,58,2020-11-15,0.0,Beverages,170455154.0,0.0,0.0,85072867.5,11,46
Michigan,59,2020-11-22,0.0,Beverages,0.0,171357368.0,0.0,85072867.5,11,47
Michigan,60,2020-11-29,0.0,Beverages,0.0,174354212.0,173001965.0,85072867.5,11,48
Michigan,61,2020-12-06,167074284.0,Beverages,0.0,0.0,179161368.0,42613788.5,12,49
Michigan,62,2020-12-13,0.0,Beverages,167074284.0,0.0,0.0,41768571.0,12,50
Michigan,63,2020-12-20,0.0,Beverages,0.0,169836316.0,0.0,41768571.0,12,51
Michigan,64,2020-12-27,0.0,Beverages,0.0,170455154.0,0.0,41768571.0,12,52
Michigan,65,2021-01-03,167656813.0,Beverages,0.0,0.0,195960018.0,41768571.0,1,53
Michigan,66,2021-01-10,168509581.0,Beverages,167656813.0,0.0,0.0,41914203.25,1,1
Michigan,67,2021-01-17,0.0,Beverages,168509581.0,0.0,0.0,84041598.5,1,2
Michigan,68,2021-01-24,0.0,Beverages,0.0,167074284.0,0.0,84041598.5,1,3
Michigan,69,2021-01-31,0.0,Beverages,0.0,0.0,225361219.0,84041598.5,1,4
Michigan,70,2021-02-07,167159465.0,Beverages,0.0,0.0,201011507.0,42127395.25,2,5
Michigan,71,2021-02-14,0.0,Beverages,167159465.0,0.0,0.0,41789866.25,2,6
Michigan,72,2021-02-21,0.0,Beverages,0.0,167656813.0,0.0,41789866.25,2,7
Michigan,73,2021-02-28,0.0,Beverages,0.0,168509581.0,195412528.0,41789866.25,2,8
Michigan,74,2021-03-07,176250345.0,Beverages,0.0,0.0,193099997.0,41789866.25,3,9
Michigan,75,2021-03-14,0.0,Beverages,176250345.0,0.0,0.0,44062586.25,3,10
Michigan,76,2021-03-21,0.0,Beverages,0.0,0.0,0.0,44062586.25,3,11
Michigan,77,2021-03-28,0.0,Beverages,0.0,167159465.0,0.0,44062586.25,3,12
Michigan,78,2021-04-04,178056650.0,Beverages,0.0,0.0,182313622.0,44062586.25,4,13
Michigan,79,2021-04-11,177152745.0,Beverages,178056650.0,0.0,0.0,44514162.5,4,14
Michigan,80,2021-04-18,0.0,Beverages,177152745.0,0.0,0.0,88802348.75,4,15
Michigan,81,2021-04-25,0.0,Beverages,0.0,176250345.0,0.0,88802348.75,4,16
Michigan,82,2021-05-02,187527660.0,Beverages,0.0,0.0,171357368.0,88802348.75,5,17
Michigan,83,2021-05-09,189621245.0,Beverages,187527660.0,0.0,174354212.0,91170101.25,5,18
Michigan,84,2021-05-16,0.0,Beverages,189621245.0,0.0,0.0,94287226.25,5,19
Michigan,85,2021-05-23,0.0,Beverages,0.0,178056650.0,0.0,94287226.25,5,20
Michigan,86,2021-05-30,0.0,Beverages,0.0,177152745.0,169836316.0,94287226.25,5,21
Michigan,87,2021-06-06,206905514.0,Beverages,0.0,0.0,170455154.0,47405311.25,6,22
Michigan,88,2021-06-13,0.0,Beverages,206905514.0,0.0,0.0,51726378.5,6,23
Michigan,89,2021-06-20,0.0,Beverages,0.0,187527660.0,0.0,51726378.5,6,24
Michigan,90,2021-06-27,0.0,Beverages,0.0,189621245.0,0.0,51726378.5,6,25
Michigan,91,2021-07-04,234922042.0,Beverages,0.0,0.0,167074284.0,51726378.5,7,26
Michigan,92,2021-07-11,211704347.0,Beverages,234922042.0,0.0,0.0,58730510.5,7,27
Michigan,93,2021-07-18,0.0,Beverages,211704347.0,0.0,0.0,111656597.25,7,28
Michigan,94,2021-07-25,0.0,Beverages,0.0,206905514.0,0.0,111656597.25,7,29
Michigan,95,2021-08-01,208089145.0,Beverages,0.0,0.0,167656813.0,111656597.25,8,30
Michigan,96,2021-08-08,203345533.0,Beverages,208089145.0,0.0,168509581.0,104948373.0,8,31
Michigan,97,2021-08-15,0.0,Beverages,203345533.0,0.0,0.0,102858669.5,8,32
Michigan,98,2021-08-22,0.0,Beverages,0.0,234922042.0,0.0,102858669.5,8,33
Michigan,99,2021-08-29,0.0,Beverages,0.0,211704347.0,0.0,102858669.5,8,34
Michigan,100,2021-09-05,205489318.0,Beverages,0.0,0.0,167159465.0,50836383.25,9,35
Michigan,101,2021-09-12,190209866.0,Beverages,205489318.0,0.0,0.0,51372329.5,9,36
Michigan,102,2021-09-19,0.0,Beverages,190209866.0,208089145.0,0.0,98924796.0,9,37
Michigan,103,2021-09-26,0.0,Beverages,0.0,203345533.0,0.0,98924796.0,9,38
Michigan,104,2021-10-03,272388963.0,Beverages,0.0,0.0,176250345.0,98924796.0,10,39
Michigan,105,2021-10-10,272107322.0,Beverages,272388963.0,0.0,0.0,115649707.25,10,40
Michigan,106,2021-10-17,0.0,Beverages,272107322.0,0.0,0.0,136124071.25,10,41
Michigan,107,2021-10-24,0.0,Beverages,0.0,205489318.0,0.0,136124071.25,10,42
Michigan,108,2021-10-31,0.0,Beverages,0.0,190209866.0,178056650.0,136124071.25,10,43
Michigan,109,2021-11-07,262312014.0,Beverages,0.0,0.0,177152745.0,68026830.5,11,44
Michigan,110,2021-11-14,0.0,Beverages,262312014.0,0.0,0.0,65578003.5,11,45
Michigan,111,2021-11-21,0.0,Beverages,0.0,272388963.0,0.0,65578003.5,11,46
Michigan,112,2021-11-28,0.0,Beverages,0.0,272107322.0,187527660.0,65578003.5,11,47
Michigan,113,2021-12-05,256907912.0,Beverages,0.0,0.0,189621245.0,65578003.5,12,48
Michigan,114,2021-12-12,263995027.0,Beverages,256907912.0,0.0,0.0,64226978.0,12,49
Michigan,115,2021-12-19,0.0,Beverages,263995027.0,0.0,0.0,130225734.75,12,50
Michigan,116,2021-12-26,0.0,Beverages,0.0,262312014.0,0.0,130225734.75,12,51
Michigan,117,2022-01-02,258795361.0,Beverages,0.0,0.0,206905514.0,130225734.75,1,52
Michigan,118,2022-01-09,253295724.0,Beverages,258795361.0,0.0,0.0,130697597.0,1,1
Michigan,119,2022-01-16,0.0,Beverages,253295724.0,0.0,0.0,128022771.25,1,2
Michigan,120,2022-01-23,0.0,Beverages,0.0,256907912.0,0.0,128022771.25,1,3
Michigan,121,2022-01-30,0.0,Beverages,0.0,263995027.0,234922042.0,128022771.25,1,4
Michigan,122,2022-02-06,259324079.0,Beverages,0.0,0.0,211704347.0,63323931.0,2,5
Michigan,123,2022-02-13,0.0,Beverages,259324079.0,0.0,0.0,64831019.75,2,6
Michigan,124,2022-02-20,0.0,Beverages,0.0,258795361.0,0.0,64831019.75,2,7
Michigan,125,2022-02-27,0.0,Beverages,0.0,253295724.0,208089145.0,64831019.75,2,8
Michigan,126,2022-03-06,267495330.0,Beverages,0.0,0.0,203345533.0,64831019.75,3,9
Michigan,127,2022-03-13,0.0,Beverages,267495330.0,0.0,0.0,66873832.5,3,10
Michigan,128,2022-03-20,0.0,Beverages,0.0,0.0,0.0,66873832.5,3,11
Michigan,129,2022-03-27,0.0,Beverages,0.0,259324079.0,0.0,66873832.5,3,12
Michigan,130,2022-04-03,269775009.0,Beverages,0.0,0.0,205489318.0,66873832.5,4,13
Michigan,131,2022-04-10,272790230.0,Beverages,269775009.0,0.0,190209866.0,67443752.25,4,14
Michigan,132,2022-04-17,0.0,Beverages,272790230.0,0.0,0.0,135641309.75,4,15
Michigan,133,2022-04-24,0.0,Beverages,0.0,267495330.0,0.0,135641309.75,4,16
Michigan,134,2022-05-01,282586895.0,Beverages,0.0,0.0,272388963.0,135641309.75,5,17
Michigan,135,2022-05-08,285495850.0,Beverages,282586895.0,0.0,272107322.0,138844281.25,5,18
Michigan,136,2022-05-15,0.0,Beverages,285495850.0,0.0,0.0,142020686.25,5,19
Michigan,137,2022-05-22,0.0,Beverages,0.0,269775009.0,0.0,142020686.25,5,20
Michigan,138,2022-05-29,0.0,Beverages,0.0,272790230.0,0.0,142020686.25,5,21
Michigan,139,2022-06-05,306853012.0,Beverages,0.0,0.0,262312014.0,71373962.5,6,22
Michigan,140,2022-06-12,308788146.0,Beverages,306853012.0,0.0,0.0,76713253.0,6,23
Michigan,141,2022-06-19,0.0,Beverages,308788146.0,282586895.0,0.0,153910289.5,6,24
Michigan,142,2022-06-26,0.0,Beverages,0.0,285495850.0,0.0,153910289.5,6,25
Michigan,143,2022-07-03,336691120.0,Beverages,0.0,0.0,256907912.0,153910289.5,7,26
Michigan,144,2022-07-10,307970545.0,Beverages,336691120.0,0.0,263995027.0,161369816.5,7,27
Michigan,145,2022-07-17,0.0,Beverages,307970545.0,0.0,0.0,161165416.25,7,28
Michigan,146,2022-07-24,0.0,Beverages,0.0,306853012.0,0.0,161165416.25,7,29
Michigan,147,2022-07-31,0.0,Beverages,0.0,308788146.0,258795361.0,161165416.25,7,30
Michigan,148,2022-08-07,311504645.0,Beverages,0.0,0.0,253295724.0,76992636.25,8,31
Michigan,149,2022-08-14,0.0,Beverages,311504645.0,0.0,0.0,77876161.25,8,32
Michigan,150,2022-08-21,0.0,Beverages,0.0,336691120.0,0.0,77876161.25,8,33
Michigan,151,2022-08-28,0.0,Beverages,0.0,307970545.0,0.0,77876161.25,8,34
Michigan,152,2022-09-04,304680805.0,Beverages,0.0,0.0,259324079.0,77876161.25,9,35
Michigan,153,2022-09-11,294312537.0,Beverages,304680805.0,0.0,0.0,76170201.25,9,36
Michigan,154,2022-09-18,0.0,Beverages,294312537.0,0.0,0.0,149748335.5,9,37
Michigan,155,2022-09-25,0.0,Beverages,0.0,311504645.0,0.0,149748335.5,9,38
Michigan,156,2022-10-02,282399899.0,Beverages,0.0,0.0,267495330.0,149748335.5,10,39
Michigan,157,2022-10-09,286499168.0,Beverages,282399899.0,0.0,0.0,144178109.0,10,40
Michigan,158,2022-10-16,0.0,Beverages,286499168.0,0.0,0.0,142224766.75,10,41
Michigan,159,2022-10-23,0.0,Beverages,0.0,304680805.0,0.0,142224766.75,10,42
Michigan,160,2022-10-30,0.0,Beverages,0.0,294312537.0,269775009.0,142224766.75,10,43
Michigan,161,2022-11-06,271352831.0,Beverages,0.0,0.0,272790230.0,71624792.0,11,44
Michigan,162,2022-11-13,0.0,Beverages,271352831.0,0.0,0.0,67838207.75,11,45
Michigan,163,2022-11-20,0.0,Beverages,0.0,282399899.0,0.0,67838207.75,11,46
Michigan,164,2022-11-27,0.0,Beverages,0.0,286499168.0,282586895.0,67838207.75,11,47
Michigan,165,2022-12-04,267733289.0,Beverages,0.0,0.0,285495850.0,67838207.75,12,48
Michigan,166,2022-12-11,274538192.0,Beverages,267733289.0,0.0,0.0,66933322.25,12,49
Michigan,167,2022-12-18,0.0,Beverages,274538192.0,0.0,0.0,135567870.25,12,50
Michigan,168,2022-12-25,0.0,Beverages,0.0,271352831.0,0.0,135567870.25,12,51
Michigan,169,2023-01-01,265936218.0,Beverages,0.0,0.0,306853012.0,135567870.25,1,52
Michigan,170,2023-01-08,260463422.0,Beverages,265936218.0,0.0,308788146.0,135118602.5,1,1
Michigan,171,2023-01-15,0.0,Beverages,260463422.0,0.0,0.0,131599910.0,1,2
Michigan,172,2023-01-22,0.0,Beverages,0.0,267733289.0,0.0,131599910.0,1,3
Michigan,173,2023-01-29,0.0,Beverages,0.0,274538192.0,336691120.0,131599910.0,1,4
Michigan,174,2023-02-05,269131633.0,Beverages,0.0,0.0,307970545.0,65115855.5,2,5
Michigan,175,2023-02-12,277413870.0,Beverages,269131633.0,0.0,0.0,67282908.25,2,6
Michigan,176,2023-02-19,0.0,Beverages,277413870.0,265936218.0,0.0,136636375.75,2,7
Michigan,177,2023-02-26,0.0,Beverages,0.0,260463422.0,0.0,136636375.75,2,8
Michigan,178,2023-03-05,285143962.0,Beverages,0.0,0.0,311504645.0,136636375.75,3,9
Michigan,179,2023-03-12,307906237.0,Beverages,285143962.0,0.0,0.0,140639458.0,3,10
Michigan,180,2023-03-19,0.0,Beverages,307906237.0,0.0,0.0,148262549.75,3,11
Michigan,181,2023-03-26,0.0,Beverages,0.0,269131633.0,0.0,148262549.75,3,12
Michigan,182,2023-04-02,270892077.0,Beverages,0.0,277413870.0,304680805.0,148262549.75,4,13
Michigan,183,2023-04-09,289077747.0,Beverages,270892077.0,0.0,294312537.0,144699578.5,4,14
Michigan,184,2023-04-16,0.0,Beverages,289077747.0,0.0,0.0,139992456.0,4,15
Michigan,185,2023-04-23,0.0,Beverages,0.0,285143962.0,0.0,139992456.0,4,16
Michigan,186,2023-04-30,0.0,Beverages,0.0,307906237.0,282399899.0,139992456.0,4,17
Michigan,187,2023-05-07,302279586.0,Beverages,0.0,0.0,286499168.0,72269436.75,5,18
Minnesota,30,2020-05-03,98819370.0,Beverages,0.0,0.0,86019275.0,44644934.5,5,18
Minnesota,31,2020-05-10,100800109.0,Beverages,98819370.0,0.0,0.0,47659298.75,5,19
Minnesota,32,2020-05-17,0.0,Beverages,100800109.0,0.0,0.0,49904869.75,5,20
Minnesota,33,2020-05-24,0.0,Beverages,0.0,86761913.0,0.0,49904869.75,5,21
Minnesota,34,2020-05-31,0.0,Beverages,0.0,91817825.0,86713264.0,49904869.75,5,22
Minnesota,35,2020-06-07,110837793.0,Beverages,0.0,0.0,84792562.0,25200027.25,6,23
Minnesota,36,2020-06-14,0.0,Beverages,110837793.0,0.0,0.0,27709448.25,6,24
Minnesota,37,2020-06-21,0.0,Beverages,0.0,98819370.0,0.0,27709448.25,6,25
Minnesota,38,2020-06-28,0.0,Beverages,0.0,100800109.0,85728575.0,27709448.25,6,26
Minnesota,39,2020-07-05,113631395.0,Beverages,0.0,0.0,84846098.0,27709448.25,7,27
Minnesota,40,2020-07-12,102530353.0,Beverages,113631395.0,0.0,0.0,28407848.75,7,28
Minnesota,41,2020-07-19,0.0,Beverages,102530353.0,0.0,0.0,54040437.0,7,29
Minnesota,42,2020-07-26,0.0,Beverages,0.0,110837793.0,0.0,54040437.0,7,30
Minnesota,43,2020-08-02,103683539.0,Beverages,0.0,0.0,84911772.0,54040437.0,8,31
Minnesota,44,2020-08-09,102633994.0,Beverages,103683539.0,0.0,84123001.0,51553473.0,8,32
Minnesota,45,2020-08-16,0.0,Beverages,102633994.0,0.0,0.0,51579383.25,8,33
Minnesota,46,2020-08-23,0.0,Beverages,0.0,113631395.0,0.0,51579383.25,8,34
Minnesota,47,2020-08-30,0.0,Beverages,0.0,102530353.0,86519041.0,51579383.25,8,35
Minnesota,48,2020-09-06,97276162.0,Beverages,0.0,0.0,83420524.0,25658498.5,9,36
Minnesota,49,2020-09-13,0.0,Beverages,97276162.0,0.0,0.0,24319040.5,9,37
Minnesota,50,2020-09-20,0.0,Beverages,0.0,103683539.0,0.0,24319040.5,9,38
Minnesota,51,2020-09-27,0.0,Beverages,0.0,102633994.0,87428014.0,24319040.5,9,39
Minnesota,52,2020-10-04,90137231.0,Beverages,0.0,0.0,93072470.0,24319040.5,10,40
Minnesota,53,2020-10-11,92733966.0,Beverages,90137231.0,0.0,0.0,22534307.75,10,41
Minnesota,54,2020-10-18,0.0,Beverages,92733966.0,0.0,0.0,45717799.25,10,42
Minnesota,55,2020-10-25,0.0,Beverages,0.0,97276162.0,0.0,45717799.25,10,43
Minnesota,56,2020-11-01,90227674.0,Beverages,0.0,0.0,86761913.0,45717799.25,11,44
Minnesota,57,2020-11-08,92381903.0,Beverages,90227674.0,0.0,91817825.0,45740410.0,11,45
Minnesota,58,2020-11-15,0.0,Beverages,92381903.0,0.0,0.0,45652394.25,11,46
Minnesota,59,2020-11-22,0.0,Beverages,0.0,90137231.0,0.0,45652394.25,11,47
Minnesota,60,2020-11-29,0.0,Beverages,0.0,92733966.0,98819370.0,45652394.25,11,48
Minnesota,61,2020-12-06,88823001.0,Beverages,0.0,0.0,100800109.0,23095475.75,12,49
Minnesota,62,2020-12-13,0.0,Beverages,88823001.0,0.0,0.0,22205750.25,12,50
Minnesota,63,2020-12-20,0.0,Beverages,0.0,90227674.0,0.0,22205750.25,12,51
Minnesota,64,2020-12-27,0.0,Beverages,0.0,92381903.0,0.0,22205750.25,12,52
Minnesota,65,2021-01-03,90331996.0,Beverages,0.0,0.0,110837793.0,22205750.25,1,53
Minnesota,66,2021-01-10,89294777.0,Beverages,90331996.0,0.0,0.0,22582999.0,1,1
Minnesota,67,2021-01-17,0.0,Beverages,89294777.0,0.0,0.0,44906693.25,1,2
Minnesota,68,2021-01-24,0.0,Beverages,0.0,88823001.0,0.0,44906693.25,1,3
Minnesota,69,2021-01-31,0.0,Beverages,0.0,0.0,113631395.0,44906693.25,1,4
Minnesota,70,2021-02-07,90126133.0,Beverages,0.0,0.0,102530353.0,22323694.25,2,5
Minnesota,71,2021-02-14,0.0,Beverages,90126133.0,0.0,0.0,22531533.25,2,6
Minnesota,72,2021-02-21,0.0,Beverages,0.0,90331996.0,0.0,22531533.25,2,7
Minnesota,73,2021-02-28,0.0,Beverages,0.0,89294777.0,103683539.0,22531533.25,2,8
Minnesota,74,2021-03-07,93828613.0,Beverages,0.0,0.0,102633994.0,22531533.25,3,9
Minnesota,75,2021-03-14,0.0,Beverages,93828613.0,0.0,0.0,23457153.25,3,10
Minnesota,76,2021-03-21,0.0,Beverages,0.0,0.0,0.0,23457153.25,3,11
Minnesota,77,2021-03-28,0.0,Beverages,0.0,90126133.0,0.0,23457153.25,3,12
Minnesota,78,2021-04-04,94421283.0,Beverages,0.0,0.0,97276162.0,23457153.25,4,13
Minnesota,79,2021-04-11,95832544.0,Beverages,94421283.0,0.0,0.0,23605320.75,4,14
Minnesota,80,2021-04-18,0.0,Beverages,95832544.0,0.0,0.0,47563456.75,4,15
Minnesota,81,2021-04-25,0.0,Beverages,0.0,93828613.0,0.0,47563456.75,4,16
Minnesota,82,2021-05-02,103977711.0,Beverages,0.0,0.0,90137231.0,47563456.75,5,17
Minnesota,83,2021-05-09,105321958.0,Beverages,103977711.0,0.0,92733966.0,49952563.75,5,18
Minnesota,84,2021-05-16,0.0,Beverages,105321958.0,0.0,0.0,52324917.25,5,19
Minnesota,85,2021-05-23,0.0,Beverages,0.0,94421283.0,0.0,52324917.25,5,20
Minnesota,86,2021-05-30,0.0,Beverages,0.0,95832544.0,90227674.0,52324917.25,5,21
Minnesota,87,2021-06-06,115436091.0,Beverages,0.0,0.0,92381903.0,26330489.5,6,22
Minnesota,88,2021-06-13,0.0,Beverages,115436091.0,0.0,0.0,28859022.75,6,23
Minnesota,89,2021-06-20,0.0,Beverages,0.0,103977711.0,0.0,28859022.75,6,24
Minnesota,90,2021-06-27,0.0,Beverages,0.0,105321958.0,0.0,28859022.75,6,25
Minnesota,91,2021-07-04,122951160.0,Beverages,0.0,0.0,88823001.0,28859022.75,7,26
Minnesota,92,2021-07-11,106159315.0,Beverages,122951160.0,0.0,0.0,30737790.0,7,27
Minnesota,93,2021-07-18,0.0,Beverages,106159315.0,0.0,0.0,57277618.75,7,28
Minnesota,94,2021-07-25,0.0,Beverages,0.0,115436091.0,0.0,57277618.75,7,29
Minnesota,95,2021-08-01,110440238.0,Beverages,0.0,0.0,90331996.0,57277618.75,8,30
Minnesota,96,2021-08-08,107412088.0,Beverages,110440238.0,0.0,89294777.0,54149888.25,8,31
Minnesota,97,2021-08-15,0.0,Beverages,107412088.0,0.0,0.0,54463081.5,8,32
Minnesota,98,2021-08-22,0.0,Beverages,0.0,122951160.0,0.0,54463081.5,8,33
Minnesota,99,2021-08-29,0.0,Beverages,0.0,106159315.0,0.0,54463081.5,8,34
Minnesota,100,2021-09-05,106419904.0,Beverages,0.0,0.0,90126133.0,26853022.0,9,35
Minnesota,101,2021-09-12,98946363.0,Beverages,106419904.0,0.0,0.0,26604976.0,9,36
Minnesota,102,2021-09-19,0.0,Beverages,98946363.0,110440238.0,0.0,51341566.75,9,37
Minnesota,103,2021-09-26,0.0,Beverages,0.0,107412088.0,0.0,51341566.75,9,38
Minnesota,104,2021-10-03,142310494.0,Beverages,0.0,0.0,93828613.0,51341566.75,10,39
Minnesota,105,2021-10-10,142365708.0,Beverages,142310494.0,0.0,0.0,60314214.25,10,40
Minnesota,106,2021-10-17,0.0,Beverages,142365708.0,0.0,0.0,71169050.5,10,41
Minnesota,107,2021-10-24,0.0,Beverages,0.0,106419904.0,0.0,71169050.5,10,42
Minnesota,108,2021-10-31,0.0,Beverages,0.0,98946363.0,94421283.0,71169050.5,10,43
Minnesota,109,2021-11-07,139426569.0,Beverages,0.0,0.0,95832544.0,35591427.0,11,44
Minnesota,110,2021-11-14,0.0,Beverages,139426569.0,0.0,0.0,34856642.25,11,45
Minnesota,111,2021-11-21,0.0,Beverages,0.0,142310494.0,0.0,34856642.25,11,46
Minnesota,112,2021-11-28,0.0,Beverages,0.0,142365708.0,103977711.0,34856642.25,11,47
Minnesota,113,2021-12-05,136907438.0,Beverages,0.0,0.0,105321958.0,34856642.25,12,48
Minnesota,114,2021-12-12,143149995.0,Beverages,136907438.0,0.0,0.0,34226859.5,12,49
Minnesota,115,2021-12-19,0.0,Beverages,143149995.0,0.0,0.0,70014358.25,12,50
Minnesota,116,2021-12-26,0.0,Beverages,0.0,139426569.0,0.0,70014358.25,12,51
Minnesota,117,2022-01-02,136647628.0,Beverages,0.0,0.0,115436091.0,70014358.25,1,52
Minnesota,118,2022-01-09,136449092.0,Beverages,136647628.0,0.0,0.0,69949405.75,1,1
Minnesota,119,2022-01-16,0.0,Beverages,136449092.0,0.0,0.0,68274180.0,1,2
Minnesota,120,2022-01-23,0.0,Beverages,0.0,136907438.0,0.0,68274180.0,1,3
Minnesota,121,2022-01-30,0.0,Beverages,0.0,143149995.0,122951160.0,68274180.0,1,4
Minnesota,122,2022-02-06,136857025.0,Beverages,0.0,0.0,106159315.0,34112273.0,2,5
Minnesota,123,2022-02-13,0.0,Beverages,136857025.0,0.0,0.0,34214256.25,2,6
Minnesota,124,2022-02-20,0.0,Beverages,0.0,136647628.0,0.0,34214256.25,2,7
Minnesota,125,2022-02-27,0.0,Beverages,0.0,136449092.0,110440238.0,34214256.25,2,8
Minnesota,126,2022-03-06,143332612.0,Beverages,0.0,0.0,107412088.0,34214256.25,3,9
Minnesota,127,2022-03-13,0.0,Beverages,143332612.0,0.0,0.0,35833153.0,3,10
Minnesota,128,2022-03-20,0.0,Beverages,0.0,0.0,0.0,35833153.0,3,11
Minnesota,129,2022-03-27,0.0,Beverages,0.0,136857025.0,0.0,35833153.0,3,12
Minnesota,130,2022-04-03,146116218.0,Beverages,0.0,0.0,106419904.0,35833153.0,4,13
Minnesota,131,2022-04-10,143712011.0,Beverages,146116218.0,0.0,98946363.0,36529054.5,4,14
Minnesota,132,2022-04-17,0.0,Beverages,143712011.0,0.0,0.0,72457057.25,4,15
Minnesota,133,2022-04-24,0.0,Beverages,0.0,143332612.0,0.0,72457057.25,4,16
Minnesota,134,2022-05-01,149729277.0,Beverages,0.0,0.0,142310494.0,72457057.25,5,17
Minnesota,135,2022-05-08,156582183.0,Beverages,149729277.0,0.0,142365708.0,73360322.0,5,18
Minnesota,136,2022-05-15,0.0,Beverages,156582183.0,0.0,0.0,76577865.0,5,19
Minnesota,137,2022-05-22,0.0,Beverages,0.0,146116218.0,0.0,76577865.0,5,20
Minnesota,138,2022-05-29,0.0,Beverages,0.0,143712011.0,0.0,76577865.0,5,21
Minnesota,139,2022-06-05,168279111.0,Beverages,0.0,0.0,139426569.0,39145545.75,6,22
Minnesota,140,2022-06-12,173059131.0,Beverages,168279111.0,0.0,0.0,42069777.75,6,23
Minnesota,141,2022-06-19,0.0,Beverages,173059131.0,149729277.0,0.0,85334560.5,6,24
Minnesota,142,2022-06-26,0.0,Beverages,0.0,156582183.0,0.0,85334560.5,6,25
Minnesota,143,2022-07-03,177884742.0,Beverages,0.0,0.0,136907438.0,85334560.5,7,26
Minnesota,144,2022-07-10,160262968.0,Beverages,177884742.0,0.0,143149995.0,87735968.25,7,27
Minnesota,145,2022-07-17,0.0,Beverages,160262968.0,0.0,0.0,84536927.5,7,28
Minnesota,146,2022-07-24,0.0,Beverages,0.0,168279111.0,0.0,84536927.5,7,29
Minnesota,147,2022-07-31,0.0,Beverages,0.0,173059131.0,136647628.0,84536927.5,7,30
Minnesota,148,2022-08-07,164476856.0,Beverages,0.0,0.0,136449092.0,40065742.0,8,31
Minnesota,149,2022-08-14,0.0,Beverages,164476856.0,0.0,0.0,41119214.0,8,32
Minnesota,150,2022-08-21,0.0,Beverages,0.0,177884742.0,0.0,41119214.0,8,33
Minnesota,151,2022-08-28,0.0,Beverages,0.0,160262968.0,0.0,41119214.0,8,34
Minnesota,152,2022-09-04,158827611.0,Beverages,0.0,0.0,136857025.0,41119214.0,9,35
Minnesota,153,2022-09-11,152012109.0,Beverages,158827611.0,0.0,0.0,39706902.75,9,36
Minnesota,154,2022-09-18,0.0,Beverages,152012109.0,0.0,0.0,77709930.0,9,37
Minnesota,155,2022-09-25,0.0,Beverages,0.0,164476856.0,0.0,77709930.0,9,38
Minnesota,156,2022-10-02,147925689.0,Beverages,0.0,0.0,143332612.0,77709930.0,10,39
Minnesota,157,2022-10-09,149476006.0,Beverages,147925689.0,0.0,0.0,74984449.5,10,40
Minnesota,158,2022-10-16,0.0,Beverages,149476006.0,0.0,0.0,74350423.75,10,41
Minnesota,159,2022-10-23,0.0,Beverages,0.0,158827611.0,0.0,74350423.75,10,42
Minnesota,160,2022-10-30,0.0,Beverages,0.0,152012109.0,146116218.0,74350423.75,10,43
Minnesota,161,2022-11-06,147112423.0,Beverages,0.0,0.0,143712011.0,37369001.5,11,44
Minnesota,162,2022-11-13,0.0,Beverages,147112423.0,0.0,0.0,36778105.75,11,45
Minnesota,163,2022-11-20,0.0,Beverages,0.0,147925689.0,0.0,36778105.75,11,46
Minnesota,164,2022-11-27,0.0,Beverages,0.0,149476006.0,149729277.0,36778105.75,11,47
Minnesota,165,2022-12-04,141815147.0,Beverages,0.0,0.0,156582183.0,36778105.75,12,48
Minnesota,166,2022-12-11,147925775.0,Beverages,141815147.0,0.0,0.0,35453786.75,12,49
Minnesota,167,2022-12-18,0.0,Beverages,147925775.0,0.0,0.0,72435230.5,12,50
Minnesota,168,2022-12-25,0.0,Beverages,0.0,147112423.0,0.0,72435230.5,12,51
Minnesota,169,2023-01-01,142235161.0,Beverages,0.0,0.0,168279111.0,72435230.5,1,52
Minnesota,170,2023-01-08,139611641.0,Beverages,142235161.0,0.0,173059131.0,72540234.0,1,1
Minnesota,171,2023-01-15,0.0,Beverages,139611641.0,0.0,0.0,70461700.5,1,2
Minnesota,172,2023-01-22,0.0,Beverages,0.0,141815147.0,0.0,70461700.5,1,3
Minnesota,173,2023-01-29,0.0,Beverages,0.0,147925775.0,177884742.0,70461700.5,1,4
Minnesota,174,2023-02-05,142903528.0,Beverages,0.0,0.0,160262968.0,34902910.25,2,5
Minnesota,175,2023-02-12,149857578.0,Beverages,142903528.0,0.0,0.0,35725882.0,2,6
Minnesota,176,2023-02-19,0.0,Beverages,149857578.0,142235161.0,0.0,73190276.5,2,7
Minnesota,177,2023-02-26,0.0,Beverages,0.0,139611641.0,0.0,73190276.5,2,8
Minnesota,178,2023-03-05,150408045.0,Beverages,0.0,0.0,164476856.0,73190276.5,3,9
Minnesota,179,2023-03-12,159753821.0,Beverages,150408045.0,0.0,0.0,75066405.75,3,10
Minnesota,180,2023-03-19,0.0,Beverages,159753821.0,0.0,0.0,77540466.5,3,11
Minnesota,181,2023-03-26,0.0,Beverages,0.0,142903528.0,0.0,77540466.5,3,12
Minnesota,182,2023-04-02,145671349.0,Beverages,0.0,149857578.0,158827611.0,77540466.5,4,13
Minnesota,183,2023-04-09,158004187.0,Beverages,145671349.0,0.0,152012109.0,76356292.5,4,14
Minnesota,184,2023-04-16,0.0,Beverages,158004187.0,0.0,0.0,75918884.0,4,15
Minnesota,185,2023-04-23,0.0,Beverages,0.0,150408045.0,0.0,75918884.0,4,16
Minnesota,186,2023-04-30,0.0,Beverages,0.0,159753821.0,147925689.0,75918884.0,4,17
Minnesota,187,2023-05-07,168499755.0,Beverages,0.0,0.0,149476006.0,39501046.75,5,18
Mississippi,30,2020-05-03,80084004.0,Beverages,0.0,0.0,44056171.0,37844045.0,5,18
Mississippi,31,2020-05-10,80520035.0,Beverages,80084004.0,0.0,0.0,38501132.25,5,19
Mississippi,32,2020-05-17,0.0,Beverages,80520035.0,0.0,0.0,40151009.75,5,20
Mississippi,33,2020-05-24,0.0,Beverages,0.0,77455655.0,0.0,40151009.75,5,21
Mississippi,34,2020-05-31,0.0,Beverages,0.0,73920525.0,36599073.0,40151009.75,5,22
Mississippi,35,2020-06-07,85302924.0,Beverages,0.0,0.0,38349706.0,20130008.75,6,23
Mississippi,36,2020-06-14,0.0,Beverages,85302924.0,0.0,0.0,21325731.0,6,24
Mississippi,37,2020-06-21,0.0,Beverages,0.0,80084004.0,0.0,21325731.0,6,25
Mississippi,38,2020-06-28,0.0,Beverages,0.0,80520035.0,37637324.0,21325731.0,6,26
Mississippi,39,2020-07-05,88490037.0,Beverages,0.0,0.0,36069396.0,21325731.0,7,27
Mississippi,40,2020-07-12,84387136.0,Beverages,88490037.0,0.0,0.0,22122509.25,7,28
Mississippi,41,2020-07-19,0.0,Beverages,84387136.0,0.0,0.0,43219293.25,7,29
Mississippi,42,2020-07-26,0.0,Beverages,0.0,85302924.0,0.0,43219293.25,7,30
Mississippi,43,2020-08-02,84643249.0,Beverages,0.0,0.0,68052452.0,43219293.25,8,31
Mississippi,44,2020-08-09,88015157.0,Beverages,84643249.0,0.0,70894239.0,42257596.25,8,32
Mississippi,45,2020-08-16,0.0,Beverages,88015157.0,0.0,0.0,43164601.5,8,33
Mississippi,46,2020-08-23,0.0,Beverages,0.0,88490037.0,0.0,43164601.5,8,34
Mississippi,47,2020-08-30,0.0,Beverages,0.0,84387136.0,70528160.0,43164601.5,8,35
Mississippi,48,2020-09-06,88797296.0,Beverages,0.0,0.0,71994582.0,22003789.25,9,36
Mississippi,49,2020-09-13,0.0,Beverages,88797296.0,0.0,0.0,22199324.0,9,37
Mississippi,50,2020-09-20,0.0,Beverages,0.0,84643249.0,0.0,22199324.0,9,38
Mississippi,51,2020-09-27,0.0,Beverages,0.0,88015157.0,74436058.0,22199324.0,9,39
Mississippi,52,2020-10-04,84063070.0,Beverages,0.0,0.0,76961885.0,22199324.0,10,40
Mississippi,53,2020-10-11,82272528.0,Beverages,84063070.0,0.0,0.0,21015767.5,10,41
Mississippi,54,2020-10-18,0.0,Beverages,82272528.0,0.0,0.0,41583899.5,10,42
Mississippi,55,2020-10-25,0.0,Beverages,0.0,88797296.0,0.0,41583899.5,10,43
Mississippi,56,2020-11-01,75112491.0,Beverages,0.0,0.0,77455655.0,41583899.5,11,44
Mississippi,57,2020-11-08,78938981.0,Beverages,75112491.0,0.0,73920525.0,39346254.75,11,45
Mississippi,58,2020-11-15,0.0,Beverages,78938981.0,0.0,0.0,38512868.0,11,46
Mississippi,59,2020-11-22,0.0,Beverages,0.0,84063070.0,0.0,38512868.0,11,47
Mississippi,60,2020-11-29,0.0,Beverages,0.0,82272528.0,80084004.0,38512868.0,11,48
Mississippi,61,2020-12-06,72702237.0,Beverages,0.0,0.0,80520035.0,19734745.25,12,49
Mississippi,62,2020-12-13,0.0,Beverages,72702237.0,0.0,0.0,18175559.25,12,50
Mississippi,63,2020-12-20,0.0,Beverages,0.0,75112491.0,0.0,18175559.25,12,51
Mississippi,64,2020-12-27,0.0,Beverages,0.0,78938981.0,0.0,18175559.25,12,52
Mississippi,65,2021-01-03,72374353.0,Beverages,0.0,0.0,85302924.0,18175559.25,1,53
Mississippi,66,2021-01-10,74935324.0,Beverages,72374353.0,0.0,0.0,18093588.25,1,1
Mississippi,67,2021-01-17,0.0,Beverages,74935324.0,0.0,0.0,36827419.25,1,2
Mississippi,68,2021-01-24,0.0,Beverages,0.0,72702237.0,0.0,36827419.25,1,3
Mississippi,69,2021-01-31,0.0,Beverages,0.0,0.0,88490037.0,36827419.25,1,4
Mississippi,70,2021-02-07,73886810.0,Beverages,0.0,0.0,84387136.0,18733831.0,2,5
Mississippi,71,2021-02-14,0.0,Beverages,73886810.0,0.0,0.0,18471702.5,2,6
Mississippi,72,2021-02-21,0.0,Beverages,0.0,72374353.0,0.0,18471702.5,2,7
Mississippi,73,2021-02-28,0.0,Beverages,0.0,74935324.0,84643249.0,18471702.5,2,8
Mississippi,74,2021-03-07,77050481.0,Beverages,0.0,0.0,88015157.0,18471702.5,3,9
Mississippi,75,2021-03-14,0.0,Beverages,77050481.0,0.0,0.0,19262620.25,3,10
Mississippi,76,2021-03-21,0.0,Beverages,0.0,0.0,0.0,19262620.25,3,11
Mississippi,77,2021-03-28,0.0,Beverages,0.0,73886810.0,0.0,19262620.25,3,12
Mississippi,78,2021-04-04,78613964.0,Beverages,0.0,0.0,88797296.0,19262620.25,4,13
Mississippi,79,2021-04-11,75948633.0,Beverages,78613964.0,0.0,0.0,19653491.0,4,14
Mississippi,80,2021-04-18,0.0,Beverages,75948633.0,0.0,0.0,38640649.25,4,15
Mississippi,81,2021-04-25,0.0,Beverages,0.0,77050481.0,0.0,38640649.25,4,16
Mississippi,82,2021-05-02,80162039.0,Beverages,0.0,0.0,84063070.0,38640649.25,5,17
Mississippi,83,2021-05-09,83166644.0,Beverages,80162039.0,0.0,82272528.0,39027668.0,5,18
Mississippi,84,2021-05-16,0.0,Beverages,83166644.0,0.0,0.0,40832170.75,5,19
Mississippi,85,2021-05-23,0.0,Beverages,0.0,78613964.0,0.0,40832170.75,5,20
Mississippi,86,2021-05-30,0.0,Beverages,0.0,75948633.0,75112491.0,40832170.75,5,21
Mississippi,87,2021-06-06,84919031.0,Beverages,0.0,0.0,78938981.0,20791661.0,6,22
Mississippi,88,2021-06-13,0.0,Beverages,84919031.0,0.0,0.0,21229757.75,6,23
Mississippi,89,2021-06-20,0.0,Beverages,0.0,80162039.0,0.0,21229757.75,6,24
Mississippi,90,2021-06-27,0.0,Beverages,0.0,83166644.0,0.0,21229757.75,6,25
Mississippi,91,2021-07-04,89465561.0,Beverages,0.0,0.0,72702237.0,21229757.75,7,26
Mississippi,92,2021-07-11,83019370.0,Beverages,89465561.0,0.0,0.0,22366390.25,7,27
Mississippi,93,2021-07-18,0.0,Beverages,83019370.0,0.0,0.0,43121232.75,7,28
Mississippi,94,2021-07-25,0.0,Beverages,0.0,84919031.0,0.0,43121232.75,7,29
Mississippi,95,2021-08-01,87989100.0,Beverages,0.0,0.0,72374353.0,43121232.75,8,30
Mississippi,96,2021-08-08,90401766.0,Beverages,87989100.0,0.0,74935324.0,42752117.5,8,31
Mississippi,97,2021-08-15,0.0,Beverages,90401766.0,0.0,0.0,44597716.5,8,32
Mississippi,98,2021-08-22,0.0,Beverages,0.0,89465561.0,0.0,44597716.5,8,33
Mississippi,99,2021-08-29,0.0,Beverages,0.0,83019370.0,0.0,44597716.5,8,34
Mississippi,100,2021-09-05,90661871.0,Beverages,0.0,0.0,73886810.0,22600441.5,9,35
Mississippi,101,2021-09-12,87545104.0,Beverages,90661871.0,0.0,0.0,22665467.75,9,36
Mississippi,102,2021-09-19,0.0,Beverages,87545104.0,87989100.0,0.0,44551743.75,9,37
Mississippi,103,2021-09-26,0.0,Beverages,0.0,90401766.0,0.0,44551743.75,9,38
Mississippi,104,2021-10-03,81310913.0,Beverages,0.0,0.0,77050481.0,44551743.75,10,39
Mississippi,105,2021-10-10,84218998.0,Beverages,81310913.0,0.0,0.0,42214004.25,10,40
Mississippi,106,2021-10-17,0.0,Beverages,84218998.0,0.0,0.0,41382477.75,10,41
Mississippi,107,2021-10-24,0.0,Beverages,0.0,90661871.0,0.0,41382477.75,10,42
Mississippi,108,2021-10-31,0.0,Beverages,0.0,87545104.0,78613964.0,41382477.75,10,43
Mississippi,109,2021-11-07,81938578.0,Beverages,0.0,0.0,75948633.0,21054749.5,11,44
Mississippi,110,2021-11-14,0.0,Beverages,81938578.0,0.0,0.0,20484644.5,11,45
Mississippi,111,2021-11-21,0.0,Beverages,0.0,81310913.0,0.0,20484644.5,11,46
Mississippi,112,2021-11-28,0.0,Beverages,0.0,84218998.0,80162039.0,20484644.5,11,47
Mississippi,113,2021-12-05,76082822.0,Beverages,0.0,0.0,83166644.0,20484644.5,12,48
Mississippi,114,2021-12-12,77581164.0,Beverages,76082822.0,0.0,0.0,19020705.5,12,49
Mississippi,115,2021-12-19,0.0,Beverages,77581164.0,0.0,0.0,38415996.5,12,50
Mississippi,116,2021-12-26,0.0,Beverages,0.0,81938578.0,0.0,38415996.5,12,51
Mississippi,117,2022-01-02,110968258.0,Beverages,0.0,0.0,84919031.0,38415996.5,1,52
Mississippi,118,2022-01-09,112145741.0,Beverages,110968258.0,0.0,0.0,47137355.5,1,1
Mississippi,119,2022-01-16,0.0,Beverages,112145741.0,0.0,0.0,55778499.75,1,2
Mississippi,120,2022-01-23,0.0,Beverages,0.0,76082822.0,0.0,55778499.75,1,3
Mississippi,121,2022-01-30,0.0,Beverages,0.0,77581164.0,89465561.0,55778499.75,1,4
Mississippi,122,2022-02-06,113290910.0,Beverages,0.0,0.0,83019370.0,28036435.25,2,5
Mississippi,123,2022-02-13,0.0,Beverages,113290910.0,0.0,0.0,28322727.5,2,6
Mississippi,124,2022-02-20,0.0,Beverages,0.0,110968258.0,0.0,28322727.5,2,7
Mississippi,125,2022-02-27,0.0,Beverages,0.0,112145741.0,87989100.0,28322727.5,2,8
Mississippi,126,2022-03-06,123696413.0,Beverages,0.0,0.0,90401766.0,28322727.5,3,9
Mississippi,127,2022-03-13,0.0,Beverages,123696413.0,0.0,0.0,30924103.25,3,10
Mississippi,128,2022-03-20,0.0,Beverages,0.0,0.0,0.0,30924103.25,3,11
Mississippi,129,2022-03-27,0.0,Beverages,0.0,113290910.0,0.0,30924103.25,3,12
Mississippi,130,2022-04-03,122095739.0,Beverages,0.0,0.0,90661871.0,30924103.25,4,13
Mississippi,131,2022-04-10,125207942.0,Beverages,122095739.0,0.0,87545104.0,30523934.75,4,14
Mississippi,132,2022-04-17,0.0,Beverages,125207942.0,0.0,0.0,61825920.25,4,15
Mississippi,133,2022-04-24,0.0,Beverages,0.0,123696413.0,0.0,61825920.25,4,16
Mississippi,134,2022-05-01,126600178.0,Beverages,0.0,0.0,81310913.0,61825920.25,5,17
Mississippi,135,2022-05-08,128793331.0,Beverages,126600178.0,0.0,84218998.0,62952030.0,5,18
Mississippi,136,2022-05-15,0.0,Beverages,128793331.0,0.0,0.0,63848377.25,5,19
Mississippi,137,2022-05-22,0.0,Beverages,0.0,122095739.0,0.0,63848377.25,5,20
Mississippi,138,2022-05-29,0.0,Beverages,0.0,125207942.0,0.0,63848377.25,5,21
Mississippi,139,2022-06-05,128096228.0,Beverages,0.0,0.0,81938578.0,32198332.75,6,22
Mississippi,140,2022-06-12,129274780.0,Beverages,128096228.0,0.0,0.0,32024057.0,6,23
Mississippi,141,2022-06-19,0.0,Beverages,129274780.0,126600178.0,0.0,64342752.0,6,24
Mississippi,142,2022-06-26,0.0,Beverages,0.0,128793331.0,0.0,64342752.0,6,25
Mississippi,143,2022-07-03,136207450.0,Beverages,0.0,0.0,76082822.0,64342752.0,7,26
Mississippi,144,2022-07-10,130807997.0,Beverages,136207450.0,0.0,77581164.0,66370557.5,7,27
Mississippi,145,2022-07-17,0.0,Beverages,130807997.0,0.0,0.0,66753861.75,7,28
Mississippi,146,2022-07-24,0.0,Beverages,0.0,128096228.0,0.0,66753861.75,7,29
Mississippi,147,2022-07-31,0.0,Beverages,0.0,129274780.0,110968258.0,66753861.75,7,30
Mississippi,148,2022-08-07,137049614.0,Beverages,0.0,0.0,112145741.0,32701999.25,8,31
Mississippi,149,2022-08-14,0.0,Beverages,137049614.0,0.0,0.0,34262403.5,8,32
Mississippi,150,2022-08-21,0.0,Beverages,0.0,136207450.0,0.0,34262403.5,8,33
Mississippi,151,2022-08-28,0.0,Beverages,0.0,130807997.0,0.0,34262403.5,8,34
Mississippi,152,2022-09-04,138658756.0,Beverages,0.0,0.0,113290910.0,34262403.5,9,35
Mississippi,153,2022-09-11,133104584.0,Beverages,138658756.0,0.0,0.0,34664689.0,9,36
Mississippi,154,2022-09-18,0.0,Beverages,133104584.0,0.0,0.0,67940835.0,9,37
Mississippi,155,2022-09-25,0.0,Beverages,0.0,137049614.0,0.0,67940835.0,9,38
Mississippi,156,2022-10-02,129796112.0,Beverages,0.0,0.0,123696413.0,67940835.0,10,39
Mississippi,157,2022-10-09,130359054.0,Beverages,129796112.0,0.0,0.0,65725174.0,10,40
Mississippi,158,2022-10-16,0.0,Beverages,130359054.0,0.0,0.0,65038791.5,10,41
Mississippi,159,2022-10-23,0.0,Beverages,0.0,138658756.0,0.0,65038791.5,10,42
Mississippi,160,2022-10-30,0.0,Beverages,0.0,133104584.0,122095739.0,65038791.5,10,43
Mississippi,161,2022-11-06,124153469.0,Beverages,0.0,0.0,125207942.0,32589763.5,11,44
Mississippi,162,2022-11-13,0.0,Beverages,124153469.0,0.0,0.0,31038367.25,11,45
Mississippi,163,2022-11-20,0.0,Beverages,0.0,129796112.0,0.0,31038367.25,11,46
Mississippi,164,2022-11-27,0.0,Beverages,0.0,130359054.0,126600178.0,31038367.25,11,47
Mississippi,165,2022-12-04,115121332.0,Beverages,0.0,0.0,128793331.0,31038367.25,12,48
Mississippi,166,2022-12-11,117254143.0,Beverages,115121332.0,0.0,0.0,28780333.0,12,49
Mississippi,167,2022-12-18,0.0,Beverages,117254143.0,0.0,0.0,58093868.75,12,50
Mississippi,168,2022-12-25,0.0,Beverages,0.0,124153469.0,0.0,58093868.75,12,51
Mississippi,169,2023-01-01,112027974.0,Beverages,0.0,0.0,128096228.0,58093868.75,1,52
Mississippi,170,2023-01-08,112685742.0,Beverages,112027974.0,0.0,129274780.0,57320529.25,1,1
Mississippi,171,2023-01-15,0.0,Beverages,112685742.0,0.0,0.0,56178429.0,1,2
Mississippi,172,2023-01-22,0.0,Beverages,0.0,115121332.0,0.0,56178429.0,1,3
Mississippi,173,2023-01-29,0.0,Beverages,0.0,117254143.0,136207450.0,56178429.0,1,4
Mississippi,174,2023-02-05,114310973.0,Beverages,0.0,0.0,130807997.0,28171435.5,2,5
Mississippi,175,2023-02-12,116622414.0,Beverages,114310973.0,0.0,0.0,28577743.25,2,6
Mississippi,176,2023-02-19,0.0,Beverages,116622414.0,112027974.0,0.0,57733346.75,2,7
Mississippi,177,2023-02-26,0.0,Beverages,0.0,112685742.0,0.0,57733346.75,2,8
Mississippi,178,2023-03-05,125689687.0,Beverages,0.0,0.0,137049614.0,57733346.75,3,9
Mississippi,179,2023-03-12,129739899.0,Beverages,125689687.0,0.0,0.0,60578025.25,3,10
Mississippi,180,2023-03-19,0.0,Beverages,129739899.0,0.0,0.0,63857396.5,3,11
Mississippi,181,2023-03-26,0.0,Beverages,0.0,114310973.0,0.0,63857396.5,3,12
Mississippi,182,2023-04-02,126251456.0,Beverages,0.0,116622414.0,138658756.0,63857396.5,4,13
Mississippi,183,2023-04-09,122958103.0,Beverages,126251456.0,0.0,133104584.0,63997838.75,4,14
Mississippi,184,2023-04-16,0.0,Beverages,122958103.0,0.0,0.0,62302389.75,4,15
Mississippi,185,2023-04-23,0.0,Beverages,0.0,125689687.0,0.0,62302389.75,4,16
Mississippi,186,2023-04-30,0.0,Beverages,0.0,129739899.0,129796112.0,62302389.75,4,17
Mississippi,187,2023-05-07,132113210.0,Beverages,0.0,0.0,130359054.0,30739525.75,5,18
Missouri,30,2020-05-03,118208045.0,Beverages,0.0,0.0,111888230.0,56346617.5,5,18
Missouri,31,2020-05-10,116614554.0,Beverages,118208045.0,0.0,0.0,57752733.75,5,19
Missouri,32,2020-05-17,0.0,Beverages,116614554.0,0.0,0.0,58705649.75,5,20
Missouri,33,2020-05-24,0.0,Beverages,0.0,112583580.0,0.0,58705649.75,5,21
Missouri,34,2020-05-31,0.0,Beverages,0.0,112802890.0,102216389.0,58705649.75,5,22
Missouri,35,2020-06-07,127937538.0,Beverages,0.0,0.0,102978285.0,29153638.5,6,23
Missouri,36,2020-06-14,0.0,Beverages,127937538.0,0.0,0.0,31984384.5,6,24
Missouri,37,2020-06-21,0.0,Beverages,0.0,118208045.0,0.0,31984384.5,6,25
Missouri,38,2020-06-28,0.0,Beverages,0.0,116614554.0,101366118.0,31984384.5,6,26
Missouri,39,2020-07-05,133882926.0,Beverages,0.0,0.0,101956161.0,31984384.5,7,27
Missouri,40,2020-07-12,126230431.0,Beverages,133882926.0,0.0,0.0,33470731.5,7,28
Missouri,41,2020-07-19,0.0,Beverages,126230431.0,0.0,0.0,65028339.25,7,29
Missouri,42,2020-07-26,0.0,Beverages,0.0,127937538.0,0.0,65028339.25,7,30
Missouri,43,2020-08-02,120643198.0,Beverages,0.0,0.0,100260344.0,65028339.25,8,31
Missouri,44,2020-08-09,122345675.0,Beverages,120643198.0,0.0,101623052.0,61718407.25,8,32
Missouri,45,2020-08-16,0.0,Beverages,122345675.0,0.0,0.0,60747218.25,8,33
Missouri,46,2020-08-23,0.0,Beverages,0.0,133882926.0,0.0,60747218.25,8,34
Missouri,47,2020-08-30,0.0,Beverages,0.0,126230431.0,102451507.0,60747218.25,8,35
Missouri,48,2020-09-06,122107584.0,Beverages,0.0,0.0,97937045.0,30586418.75,9,36
Missouri,49,2020-09-13,0.0,Beverages,122107584.0,0.0,0.0,30526896.0,9,37
Missouri,50,2020-09-20,0.0,Beverages,0.0,120643198.0,0.0,30526896.0,9,38
Missouri,51,2020-09-27,0.0,Beverages,0.0,122345675.0,106212849.0,30526896.0,9,39
Missouri,52,2020-10-04,115285442.0,Beverages,0.0,0.0,107370254.0,30526896.0,10,40
Missouri,53,2020-10-11,115422860.0,Beverages,115285442.0,0.0,0.0,28821360.5,10,41
Missouri,54,2020-10-18,0.0,Beverages,115422860.0,0.0,0.0,57677075.5,10,42
Missouri,55,2020-10-25,0.0,Beverages,0.0,122107584.0,0.0,57677075.5,10,43
Missouri,56,2020-11-01,108363219.0,Beverages,0.0,0.0,112583580.0,57677075.5,11,44
Missouri,57,2020-11-08,112621860.0,Beverages,108363219.0,0.0,112802890.0,55946519.75,11,45
Missouri,58,2020-11-15,0.0,Beverages,112621860.0,0.0,0.0,55246269.75,11,46
Missouri,59,2020-11-22,0.0,Beverages,0.0,115285442.0,0.0,55246269.75,11,47
Missouri,60,2020-11-29,0.0,Beverages,0.0,115422860.0,118208045.0,55246269.75,11,48
Missouri,61,2020-12-06,108184374.0,Beverages,0.0,0.0,116614554.0,28155465.0,12,49
Missouri,62,2020-12-13,0.0,Beverages,108184374.0,0.0,0.0,27046093.5,12,50
Missouri,63,2020-12-20,0.0,Beverages,0.0,108363219.0,0.0,27046093.5,12,51
Missouri,64,2020-12-27,0.0,Beverages,0.0,112621860.0,0.0,27046093.5,12,52
Missouri,65,2021-01-03,108200137.0,Beverages,0.0,0.0,127937538.0,27046093.5,1,53
Missouri,66,2021-01-10,108211246.0,Beverages,108200137.0,0.0,0.0,27050034.25,1,1
Missouri,67,2021-01-17,0.0,Beverages,108211246.0,0.0,0.0,54102845.75,1,2
Missouri,68,2021-01-24,0.0,Beverages,0.0,108184374.0,0.0,54102845.75,1,3
Missouri,69,2021-01-31,0.0,Beverages,0.0,0.0,133882926.0,54102845.75,1,4
Missouri,70,2021-02-07,109879804.0,Beverages,0.0,0.0,126230431.0,27052811.5,2,5
Missouri,71,2021-02-14,0.0,Beverages,109879804.0,0.0,0.0,27469951.0,2,6
Missouri,72,2021-02-21,0.0,Beverages,0.0,108200137.0,0.0,27469951.0,2,7
Missouri,73,2021-02-28,0.0,Beverages,0.0,108211246.0,120643198.0,27469951.0,2,8
Missouri,74,2021-03-07,118309710.0,Beverages,0.0,0.0,122345675.0,27469951.0,3,9
Missouri,75,2021-03-14,0.0,Beverages,118309710.0,0.0,0.0,29577427.5,3,10
Missouri,76,2021-03-21,0.0,Beverages,0.0,0.0,0.0,29577427.5,3,11
Missouri,77,2021-03-28,0.0,Beverages,0.0,109879804.0,0.0,29577427.5,3,12
Missouri,78,2021-04-04,124240001.0,Beverages,0.0,0.0,122107584.0,29577427.5,4,13
Missouri,79,2021-04-11,121180874.0,Beverages,124240001.0,0.0,0.0,31060000.25,4,14
Missouri,80,2021-04-18,0.0,Beverages,121180874.0,0.0,0.0,61355218.75,4,15
Missouri,81,2021-04-25,0.0,Beverages,0.0,118309710.0,0.0,61355218.75,4,16
Missouri,82,2021-05-02,130134582.0,Beverages,0.0,0.0,115285442.0,61355218.75,5,17
Missouri,83,2021-05-09,127252315.0,Beverages,130134582.0,0.0,115422860.0,62828864.0,5,18
Missouri,84,2021-05-16,0.0,Beverages,127252315.0,0.0,0.0,64346724.25,5,19
Missouri,85,2021-05-23,0.0,Beverages,0.0,124240001.0,0.0,64346724.25,5,20
Missouri,86,2021-05-30,0.0,Beverages,0.0,121180874.0,108363219.0,64346724.25,5,21
Missouri,87,2021-06-06,135533682.0,Beverages,0.0,0.0,112621860.0,31813078.75,6,22
Missouri,88,2021-06-13,0.0,Beverages,135533682.0,0.0,0.0,33883420.5,6,23
Missouri,89,2021-06-20,0.0,Beverages,0.0,130134582.0,0.0,33883420.5,6,24
Missouri,90,2021-06-27,0.0,Beverages,0.0,127252315.0,0.0,33883420.5,6,25
Missouri,91,2021-07-04,141538918.0,Beverages,0.0,0.0,108184374.0,33883420.5,7,26
Missouri,92,2021-07-11,136230611.0,Beverages,141538918.0,0.0,0.0,35384729.5,7,27
Missouri,93,2021-07-18,0.0,Beverages,136230611.0,0.0,0.0,69442382.25,7,28
Missouri,94,2021-07-25,0.0,Beverages,0.0,135533682.0,0.0,69442382.25,7,29
Missouri,95,2021-08-01,132578371.0,Beverages,0.0,0.0,108200137.0,69442382.25,8,30
Missouri,96,2021-08-08,132526729.0,Beverages,132578371.0,0.0,108211246.0,67202245.5,8,31
Missouri,97,2021-08-15,0.0,Beverages,132526729.0,0.0,0.0,66276275.0,8,32
Missouri,98,2021-08-22,0.0,Beverages,0.0,141538918.0,0.0,66276275.0,8,33
Missouri,99,2021-08-29,0.0,Beverages,0.0,136230611.0,0.0,66276275.0,8,34
Missouri,100,2021-09-05,135476496.0,Beverages,0.0,0.0,109879804.0,33131682.25,9,35
Missouri,101,2021-09-12,129961771.0,Beverages,135476496.0,0.0,0.0,33869124.0,9,36
Missouri,102,2021-09-19,0.0,Beverages,129961771.0,132578371.0,0.0,66359566.75,9,37
Missouri,103,2021-09-26,0.0,Beverages,0.0,132526729.0,0.0,66359566.75,9,38
Missouri,104,2021-10-03,182835643.0,Beverages,0.0,0.0,118309710.0,66359566.75,10,39
Missouri,105,2021-10-10,180974727.0,Beverages,182835643.0,0.0,0.0,78199353.5,10,40
Missouri,106,2021-10-17,0.0,Beverages,180974727.0,0.0,0.0,90952592.5,10,41
Missouri,107,2021-10-24,0.0,Beverages,0.0,135476496.0,0.0,90952592.5,10,42
Missouri,108,2021-10-31,0.0,Beverages,0.0,129961771.0,124240001.0,90952592.5,10,43
Missouri,109,2021-11-07,173301229.0,Beverages,0.0,0.0,121180874.0,45243681.75,11,44
Missouri,110,2021-11-14,0.0,Beverages,173301229.0,0.0,0.0,43325307.25,11,45
Missouri,111,2021-11-21,0.0,Beverages,0.0,182835643.0,0.0,43325307.25,11,46
Missouri,112,2021-11-28,0.0,Beverages,0.0,180974727.0,130134582.0,43325307.25,11,47
Missouri,113,2021-12-05,169212857.0,Beverages,0.0,0.0,127252315.0,43325307.25,12,48
Missouri,114,2021-12-12,172977942.0,Beverages,169212857.0,0.0,0.0,42303214.25,12,49
Missouri,115,2021-12-19,0.0,Beverages,172977942.0,0.0,0.0,85547699.75,12,50
Missouri,116,2021-12-26,0.0,Beverages,0.0,173301229.0,0.0,85547699.75,12,51
Missouri,117,2022-01-02,167821565.0,Beverages,0.0,0.0,135533682.0,85547699.75,1,52
Missouri,118,2022-01-09,165807188.0,Beverages,167821565.0,0.0,0.0,85199876.75,1,1
Missouri,119,2022-01-16,0.0,Beverages,165807188.0,0.0,0.0,83407188.25,1,2
Missouri,120,2022-01-23,0.0,Beverages,0.0,169212857.0,0.0,83407188.25,1,3
Missouri,121,2022-01-30,0.0,Beverages,0.0,172977942.0,141538918.0,83407188.25,1,4
Missouri,122,2022-02-06,166723310.0,Beverages,0.0,0.0,136230611.0,41451797.0,2,5
Missouri,123,2022-02-13,0.0,Beverages,166723310.0,0.0,0.0,41680827.5,2,6
Missouri,124,2022-02-20,0.0,Beverages,0.0,167821565.0,0.0,41680827.5,2,7
Missouri,125,2022-02-27,0.0,Beverages,0.0,165807188.0,132578371.0,41680827.5,2,8
Missouri,126,2022-03-06,178493196.0,Beverages,0.0,0.0,132526729.0,41680827.5,3,9
Missouri,127,2022-03-13,0.0,Beverages,178493196.0,0.0,0.0,44623299.0,3,10
Missouri,128,2022-03-20,0.0,Beverages,0.0,0.0,0.0,44623299.0,3,11
Missouri,129,2022-03-27,0.0,Beverages,0.0,166723310.0,0.0,44623299.0,3,12
Missouri,130,2022-04-03,185211544.0,Beverages,0.0,0.0,135476496.0,44623299.0,4,13
Missouri,131,2022-04-10,186091612.0,Beverages,185211544.0,0.0,129961771.0,46302886.0,4,14
Missouri,132,2022-04-17,0.0,Beverages,186091612.0,0.0,0.0,92825789.0,4,15
Missouri,133,2022-04-24,0.0,Beverages,0.0,178493196.0,0.0,92825789.0,4,16
Missouri,134,2022-05-01,188196566.0,Beverages,0.0,0.0,182835643.0,92825789.0,5,17
Missouri,135,2022-05-08,185103534.0,Beverages,188196566.0,0.0,180974727.0,93572044.5,5,18
Missouri,136,2022-05-15,0.0,Beverages,185103534.0,0.0,0.0,93325025.0,5,19
Missouri,137,2022-05-22,0.0,Beverages,0.0,185211544.0,0.0,93325025.0,5,20
Missouri,138,2022-05-29,0.0,Beverages,0.0,186091612.0,0.0,93325025.0,5,21
Missouri,139,2022-06-05,196704224.0,Beverages,0.0,0.0,173301229.0,46275883.5,6,22
Missouri,140,2022-06-12,201898217.0,Beverages,196704224.0,0.0,0.0,49176056.0,6,23
Missouri,141,2022-06-19,0.0,Beverages,201898217.0,188196566.0,0.0,99650610.25,6,24
Missouri,142,2022-06-26,0.0,Beverages,0.0,185103534.0,0.0,99650610.25,6,25
Missouri,143,2022-07-03,213912739.0,Beverages,0.0,0.0,169212857.0,99650610.25,7,26
Missouri,144,2022-07-10,204171407.0,Beverages,213912739.0,0.0,172977942.0,103952739.0,7,27
Missouri,145,2022-07-17,0.0,Beverages,204171407.0,0.0,0.0,104521036.5,7,28
Missouri,146,2022-07-24,0.0,Beverages,0.0,196704224.0,0.0,104521036.5,7,29
Missouri,147,2022-07-31,0.0,Beverages,0.0,201898217.0,167821565.0,104521036.5,7,30
Missouri,148,2022-08-07,203997668.0,Beverages,0.0,0.0,165807188.0,51042851.75,8,31
Missouri,149,2022-08-14,0.0,Beverages,203997668.0,0.0,0.0,50999417.0,8,32
Missouri,150,2022-08-21,0.0,Beverages,0.0,213912739.0,0.0,50999417.0,8,33
Missouri,151,2022-08-28,0.0,Beverages,0.0,204171407.0,0.0,50999417.0,8,34
Missouri,152,2022-09-04,202748924.0,Beverages,0.0,0.0,166723310.0,50999417.0,9,35
Missouri,153,2022-09-11,198281452.0,Beverages,202748924.0,0.0,0.0,50687231.0,9,36
Missouri,154,2022-09-18,0.0,Beverages,198281452.0,0.0,0.0,100257594.0,9,37
Missouri,155,2022-09-25,0.0,Beverages,0.0,203997668.0,0.0,100257594.0,9,38
Missouri,156,2022-10-02,194612892.0,Beverages,0.0,0.0,178493196.0,100257594.0,10,39
Missouri,157,2022-10-09,193244618.0,Beverages,194612892.0,0.0,0.0,98223586.0,10,40
Missouri,158,2022-10-16,0.0,Beverages,193244618.0,0.0,0.0,96964377.5,10,41
Missouri,159,2022-10-23,0.0,Beverages,0.0,202748924.0,0.0,96964377.5,10,42
Missouri,160,2022-10-30,0.0,Beverages,0.0,198281452.0,185211544.0,96964377.5,10,43
Missouri,161,2022-11-06,184611895.0,Beverages,0.0,0.0,186091612.0,48311154.5,11,44
Missouri,162,2022-11-13,0.0,Beverages,184611895.0,0.0,0.0,46152973.75,11,45
Missouri,163,2022-11-20,0.0,Beverages,0.0,194612892.0,0.0,46152973.75,11,46
Missouri,164,2022-11-27,0.0,Beverages,0.0,193244618.0,188196566.0,46152973.75,11,47
Missouri,165,2022-12-04,180518294.0,Beverages,0.0,0.0,185103534.0,46152973.75,12,48
Missouri,166,2022-12-11,185716437.0,Beverages,180518294.0,0.0,0.0,45129573.5,12,49
Missouri,167,2022-12-18,0.0,Beverages,185716437.0,0.0,0.0,91558682.75,12,50
Missouri,168,2022-12-25,0.0,Beverages,0.0,184611895.0,0.0,91558682.75,12,51
Missouri,169,2023-01-01,178578679.0,Beverages,0.0,0.0,196704224.0,91558682.75,1,52
Missouri,170,2023-01-08,173449012.0,Beverages,178578679.0,0.0,201898217.0,91073779.0,1,1
Missouri,171,2023-01-15,0.0,Beverages,173449012.0,0.0,0.0,88006922.75,1,2
Missouri,172,2023-01-22,0.0,Beverages,0.0,180518294.0,0.0,88006922.75,1,3
Missouri,173,2023-01-29,0.0,Beverages,0.0,185716437.0,213912739.0,88006922.75,1,4
Missouri,174,2023-02-05,176332684.0,Beverages,0.0,0.0,204171407.0,43362253.0,2,5
Missouri,175,2023-02-12,184335242.0,Beverages,176332684.0,0.0,0.0,44083171.0,2,6
Missouri,176,2023-02-19,0.0,Beverages,184335242.0,178578679.0,0.0,90166981.5,2,7
Missouri,177,2023-02-26,0.0,Beverages,0.0,173449012.0,0.0,90166981.5,2,8
Missouri,178,2023-03-05,193981128.0,Beverages,0.0,0.0,203997668.0,90166981.5,3,9
Missouri,179,2023-03-12,199928913.0,Beverages,193981128.0,0.0,0.0,94579092.5,3,10
Missouri,180,2023-03-19,0.0,Beverages,199928913.0,0.0,0.0,98477510.25,3,11
Missouri,181,2023-03-26,0.0,Beverages,0.0,176332684.0,0.0,98477510.25,3,12
Missouri,182,2023-04-02,193109594.0,Beverages,0.0,184335242.0,202748924.0,98477510.25,4,13
Missouri,183,2023-04-09,200406578.0,Beverages,193109594.0,0.0,198281452.0,98259626.75,4,14
Missouri,184,2023-04-16,0.0,Beverages,200406578.0,0.0,0.0,98379043.0,4,15
Missouri,185,2023-04-23,0.0,Beverages,0.0,193981128.0,0.0,98379043.0,4,16
Missouri,186,2023-04-30,0.0,Beverages,0.0,199928913.0,194612892.0,98379043.0,4,17
Missouri,187,2023-05-07,206321093.0,Beverages,0.0,0.0,193244618.0,50101644.5,5,18
Nebraska,30,2020-05-03,38932415.0,Beverages,0.0,0.0,17239751.0,18395179.0,5,18
Nebraska,31,2020-05-10,37490465.0,Beverages,38932415.0,0.0,0.0,18989327.0,5,19
Nebraska,32,2020-05-17,0.0,Beverages,37490465.0,0.0,0.0,19105720.0,5,20
Nebraska,33,2020-05-24,0.0,Beverages,0.0,36555823.0,0.0,19105720.0,5,21
Nebraska,34,2020-05-31,0.0,Beverages,0.0,37024893.0,16788387.0,19105720.0,5,22
Nebraska,35,2020-06-07,41905233.0,Beverages,0.0,0.0,17193457.0,9372616.25,6,23
Nebraska,36,2020-06-14,0.0,Beverages,41905233.0,0.0,0.0,10476308.25,6,24
Nebraska,37,2020-06-21,0.0,Beverages,0.0,38932415.0,0.0,10476308.25,6,25
Nebraska,38,2020-06-28,0.0,Beverages,0.0,37490465.0,16673878.0,10476308.25,6,26
Nebraska,39,2020-07-05,44288051.0,Beverages,0.0,0.0,16976908.0,10476308.25,7,27
Nebraska,40,2020-07-12,39518175.0,Beverages,44288051.0,0.0,0.0,11072012.75,7,28
Nebraska,41,2020-07-19,0.0,Beverages,39518175.0,0.0,0.0,20951556.5,7,29
Nebraska,42,2020-07-26,0.0,Beverages,0.0,41905233.0,0.0,20951556.5,7,30
Nebraska,43,2020-08-02,38613430.0,Beverages,0.0,0.0,32423172.0,20951556.5,8,31
Nebraska,44,2020-08-09,39696525.0,Beverages,38613430.0,0.0,32747886.0,19532901.25,8,32
Nebraska,45,2020-08-16,0.0,Beverages,39696525.0,0.0,0.0,19577488.75,8,33
Nebraska,46,2020-08-23,0.0,Beverages,0.0,44288051.0,0.0,19577488.75,8,34
Nebraska,47,2020-08-30,0.0,Beverages,0.0,39518175.0,33877399.0,19577488.75,8,35
Nebraska,48,2020-09-06,39277235.0,Beverages,0.0,0.0,32422202.0,9924131.25,9,36
Nebraska,49,2020-09-13,0.0,Beverages,39277235.0,0.0,0.0,9819308.75,9,37
Nebraska,50,2020-09-20,0.0,Beverages,0.0,38613430.0,0.0,9819308.75,9,38
Nebraska,51,2020-09-27,0.0,Beverages,0.0,39696525.0,34374962.0,9819308.75,9,39
Nebraska,52,2020-10-04,36077435.0,Beverages,0.0,0.0,36479356.0,9819308.75,10,40
Nebraska,53,2020-10-11,36696010.0,Beverages,36077435.0,0.0,0.0,9019358.75,10,41
Nebraska,54,2020-10-18,0.0,Beverages,36696010.0,0.0,0.0,18193361.25,10,42
Nebraska,55,2020-10-25,0.0,Beverages,0.0,39277235.0,0.0,18193361.25,10,43
Nebraska,56,2020-11-01,34888718.0,Beverages,0.0,0.0,36555823.0,18193361.25,11,44
Nebraska,57,2020-11-08,36671455.0,Beverages,34888718.0,0.0,37024893.0,17896182.0,11,45
Nebraska,58,2020-11-15,0.0,Beverages,36671455.0,0.0,0.0,17890043.25,11,46
Nebraska,59,2020-11-22,0.0,Beverages,0.0,36077435.0,0.0,17890043.25,11,47
Nebraska,60,2020-11-29,0.0,Beverages,0.0,36696010.0,38932415.0,17890043.25,11,48
Nebraska,61,2020-12-06,34976906.0,Beverages,0.0,0.0,37490465.0,9167863.75,12,49
Nebraska,62,2020-12-13,0.0,Beverages,34976906.0,0.0,0.0,8744226.5,12,50
Nebraska,63,2020-12-20,0.0,Beverages,0.0,34888718.0,0.0,8744226.5,12,51
Nebraska,64,2020-12-27,0.0,Beverages,0.0,36671455.0,0.0,8744226.5,12,52
Nebraska,65,2021-01-03,34043332.0,Beverages,0.0,0.0,41905233.0,8744226.5,1,53
Nebraska,66,2021-01-10,34739030.0,Beverages,34043332.0,0.0,0.0,8510833.0,1,1
Nebraska,67,2021-01-17,0.0,Beverages,34739030.0,0.0,0.0,17195590.5,1,2
Nebraska,68,2021-01-24,0.0,Beverages,0.0,34976906.0,0.0,17195590.5,1,3
Nebraska,69,2021-01-31,0.0,Beverages,0.0,0.0,44288051.0,17195590.5,1,4
Nebraska,70,2021-02-07,35814513.0,Beverages,0.0,0.0,39518175.0,8684757.5,2,5
Nebraska,71,2021-02-14,0.0,Beverages,35814513.0,0.0,0.0,8953628.25,2,6
Nebraska,72,2021-02-21,0.0,Beverages,0.0,34043332.0,0.0,8953628.25,2,7
Nebraska,73,2021-02-28,0.0,Beverages,0.0,34739030.0,38613430.0,8953628.25,2,8
Nebraska,74,2021-03-07,39001062.0,Beverages,0.0,0.0,39696525.0,8953628.25,3,9
Nebraska,75,2021-03-14,0.0,Beverages,39001062.0,0.0,0.0,9750265.5,3,10
Nebraska,76,2021-03-21,0.0,Beverages,0.0,0.0,0.0,9750265.5,3,11
Nebraska,77,2021-03-28,0.0,Beverages,0.0,35814513.0,0.0,9750265.5,3,12
Nebraska,78,2021-04-04,39830294.0,Beverages,0.0,0.0,39277235.0,9750265.5,4,13
Nebraska,79,2021-04-11,39110189.0,Beverages,39830294.0,0.0,0.0,9957573.5,4,14
Nebraska,80,2021-04-18,0.0,Beverages,39110189.0,0.0,0.0,19735120.75,4,15
Nebraska,81,2021-04-25,0.0,Beverages,0.0,39001062.0,0.0,19735120.75,4,16
Nebraska,82,2021-05-02,41669746.0,Beverages,0.0,0.0,36077435.0,19735120.75,5,17
Nebraska,83,2021-05-09,40469218.0,Beverages,41669746.0,0.0,36696010.0,20194983.75,5,18
Nebraska,84,2021-05-16,0.0,Beverages,40469218.0,0.0,0.0,20534741.0,5,19
Nebraska,85,2021-05-23,0.0,Beverages,0.0,39830294.0,0.0,20534741.0,5,20
Nebraska,86,2021-05-30,0.0,Beverages,0.0,39110189.0,34888718.0,20534741.0,5,21
Nebraska,87,2021-06-06,44229958.0,Beverages,0.0,0.0,36671455.0,10117304.5,6,22
Nebraska,88,2021-06-13,0.0,Beverages,44229958.0,0.0,0.0,11057489.5,6,23
Nebraska,89,2021-06-20,0.0,Beverages,0.0,41669746.0,0.0,11057489.5,6,24
Nebraska,90,2021-06-27,0.0,Beverages,0.0,40469218.0,0.0,11057489.5,6,25
Nebraska,91,2021-07-04,46436517.0,Beverages,0.0,0.0,34976906.0,11057489.5,7,26
Nebraska,92,2021-07-11,42179838.0,Beverages,46436517.0,0.0,0.0,11609129.25,7,27
Nebraska,93,2021-07-18,0.0,Beverages,42179838.0,0.0,0.0,22154088.75,7,28
Nebraska,94,2021-07-25,0.0,Beverages,0.0,44229958.0,0.0,22154088.75,7,29
Nebraska,95,2021-08-01,41127774.0,Beverages,0.0,0.0,34043332.0,22154088.75,8,30
Nebraska,96,2021-08-08,42169856.0,Beverages,41127774.0,0.0,34739030.0,20826903.0,8,31
Nebraska,97,2021-08-15,0.0,Beverages,42169856.0,0.0,0.0,20824407.5,8,32
Nebraska,98,2021-08-22,0.0,Beverages,0.0,46436517.0,0.0,20824407.5,8,33
Nebraska,99,2021-08-29,0.0,Beverages,0.0,42179838.0,0.0,20824407.5,8,34
Nebraska,100,2021-09-05,42567635.0,Beverages,0.0,0.0,35814513.0,10542464.0,9,35
Nebraska,101,2021-09-12,39638236.0,Beverages,42567635.0,0.0,0.0,10641908.75,9,36
Nebraska,102,2021-09-19,0.0,Beverages,39638236.0,41127774.0,0.0,20551467.75,9,37
Nebraska,103,2021-09-26,0.0,Beverages,0.0,42169856.0,0.0,20551467.75,9,38
Nebraska,104,2021-10-03,39563000.0,Beverages,0.0,0.0,39001062.0,20551467.75,10,39
Nebraska,105,2021-10-10,40690471.0,Beverages,39563000.0,0.0,0.0,19800309.0,10,40
Nebraska,106,2021-10-17,0.0,Beverages,40690471.0,0.0,0.0,20063367.75,10,41
Nebraska,107,2021-10-24,0.0,Beverages,0.0,42567635.0,0.0,20063367.75,10,42
Nebraska,108,2021-10-31,0.0,Beverages,0.0,39638236.0,39830294.0,20063367.75,10,43
Nebraska,109,2021-11-07,38952596.0,Beverages,0.0,0.0,39110189.0,10172617.75,11,44
Nebraska,110,2021-11-14,0.0,Beverages,38952596.0,0.0,0.0,9738149.0,11,45
Nebraska,111,2021-11-21,0.0,Beverages,0.0,39563000.0,0.0,9738149.0,11,46
Nebraska,112,2021-11-28,0.0,Beverages,0.0,40690471.0,41669746.0,9738149.0,11,47
Nebraska,113,2021-12-05,37286275.0,Beverages,0.0,0.0,40469218.0,9738149.0,12,48
Nebraska,114,2021-12-12,38259833.0,Beverages,37286275.0,0.0,0.0,9321568.75,12,49
Nebraska,115,2021-12-19,0.0,Beverages,38259833.0,0.0,0.0,18886527.0,12,50
Nebraska,116,2021-12-26,0.0,Beverages,0.0,38952596.0,0.0,18886527.0,12,51
Nebraska,117,2022-01-02,52721053.0,Beverages,0.0,0.0,44229958.0,18886527.0,1,52
Nebraska,118,2022-01-09,52843541.0,Beverages,52721053.0,0.0,0.0,22745221.5,1,1
Nebraska,119,2022-01-16,0.0,Beverages,52843541.0,0.0,0.0,26391148.5,1,2
Nebraska,120,2022-01-23,0.0,Beverages,0.0,37286275.0,0.0,26391148.5,1,3
Nebraska,121,2022-01-30,0.0,Beverages,0.0,38259833.0,46436517.0,26391148.5,1,4
Nebraska,122,2022-02-06,54027199.0,Beverages,0.0,0.0,42179838.0,13210885.25,2,5
Nebraska,123,2022-02-13,0.0,Beverages,54027199.0,0.0,0.0,13506799.75,2,6
Nebraska,124,2022-02-20,0.0,Beverages,0.0,52721053.0,0.0,13506799.75,2,7
Nebraska,125,2022-02-27,0.0,Beverages,0.0,52843541.0,41127774.0,13506799.75,2,8
Nebraska,126,2022-03-06,57269771.0,Beverages,0.0,0.0,42169856.0,13506799.75,3,9
Nebraska,127,2022-03-13,0.0,Beverages,57269771.0,0.0,0.0,14317442.75,3,10
Nebraska,128,2022-03-20,0.0,Beverages,0.0,0.0,0.0,14317442.75,3,11
Nebraska,129,2022-03-27,0.0,Beverages,0.0,54027199.0,0.0,14317442.75,3,12
Nebraska,130,2022-04-03,59837590.0,Beverages,0.0,0.0,42567635.0,14317442.75,4,13
Nebraska,131,2022-04-10,58445989.0,Beverages,59837590.0,0.0,39638236.0,14959397.5,4,14
Nebraska,132,2022-04-17,0.0,Beverages,58445989.0,0.0,0.0,29570894.75,4,15
Nebraska,133,2022-04-24,0.0,Beverages,0.0,57269771.0,0.0,29570894.75,4,16
Nebraska,134,2022-05-01,60761867.0,Beverages,0.0,0.0,39563000.0,29570894.75,5,17
Nebraska,135,2022-05-08,59652654.0,Beverages,60761867.0,0.0,40690471.0,29801964.0,5,18
Nebraska,136,2022-05-15,0.0,Beverages,59652654.0,0.0,0.0,30103630.25,5,19
Nebraska,137,2022-05-22,0.0,Beverages,0.0,59837590.0,0.0,30103630.25,5,20
Nebraska,138,2022-05-29,0.0,Beverages,0.0,58445989.0,0.0,30103630.25,5,21
Nebraska,139,2022-06-05,64149691.0,Beverages,0.0,0.0,38952596.0,14913163.5,6,22
Nebraska,140,2022-06-12,63555288.0,Beverages,64149691.0,0.0,0.0,16037422.75,6,23
Nebraska,141,2022-06-19,0.0,Beverages,63555288.0,60761867.0,0.0,31926244.75,6,24
Nebraska,142,2022-06-26,0.0,Beverages,0.0,59652654.0,0.0,31926244.75,6,25
Nebraska,143,2022-07-03,68693042.0,Beverages,0.0,0.0,37286275.0,31926244.75,7,26
Nebraska,144,2022-07-10,63630442.0,Beverages,68693042.0,0.0,38259833.0,33062082.5,7,27
Nebraska,145,2022-07-17,0.0,Beverages,63630442.0,0.0,0.0,33080871.0,7,28
Nebraska,146,2022-07-24,0.0,Beverages,0.0,64149691.0,0.0,33080871.0,7,29
Nebraska,147,2022-07-31,0.0,Beverages,0.0,63555288.0,52721053.0,33080871.0,7,30
Nebraska,148,2022-08-07,64972563.0,Beverages,0.0,0.0,52843541.0,15907610.5,8,31
Nebraska,149,2022-08-14,0.0,Beverages,64972563.0,0.0,0.0,16243140.75,8,32
Nebraska,150,2022-08-21,0.0,Beverages,0.0,68693042.0,0.0,16243140.75,8,33
Nebraska,151,2022-08-28,0.0,Beverages,0.0,63630442.0,0.0,16243140.75,8,34
Nebraska,152,2022-09-04,63642685.0,Beverages,0.0,0.0,54027199.0,16243140.75,9,35
Nebraska,153,2022-09-11,62012249.0,Beverages,63642685.0,0.0,0.0,15910671.25,9,36
Nebraska,154,2022-09-18,0.0,Beverages,62012249.0,0.0,0.0,31413733.5,9,37
Nebraska,155,2022-09-25,0.0,Beverages,0.0,64972563.0,0.0,31413733.5,9,38
Nebraska,156,2022-10-02,59902191.0,Beverages,0.0,0.0,57269771.0,31413733.5,10,39
Nebraska,157,2022-10-09,60631555.0,Beverages,59902191.0,0.0,0.0,30478610.0,10,40
Nebraska,158,2022-10-16,0.0,Beverages,60631555.0,0.0,0.0,30133436.5,10,41
Nebraska,159,2022-10-23,0.0,Beverages,0.0,63642685.0,0.0,30133436.5,10,42
Nebraska,160,2022-10-30,0.0,Beverages,0.0,62012249.0,59837590.0,30133436.5,10,43
Nebraska,161,2022-11-06,58864878.0,Beverages,0.0,0.0,58445989.0,15157888.75,11,44
Nebraska,162,2022-11-13,0.0,Beverages,58864878.0,0.0,0.0,14716219.5,11,45
Nebraska,163,2022-11-20,0.0,Beverages,0.0,59902191.0,0.0,14716219.5,11,46
Nebraska,164,2022-11-27,0.0,Beverages,0.0,60631555.0,60761867.0,14716219.5,11,47
Nebraska,165,2022-12-04,56644525.0,Beverages,0.0,0.0,59652654.0,14716219.5,12,48
Nebraska,166,2022-12-11,58180609.0,Beverages,56644525.0,0.0,0.0,14161131.25,12,49
Nebraska,167,2022-12-18,0.0,Beverages,58180609.0,0.0,0.0,28706283.5,12,50
Nebraska,168,2022-12-25,0.0,Beverages,0.0,58864878.0,0.0,28706283.5,12,51
Nebraska,169,2023-01-01,54783969.0,Beverages,0.0,0.0,64149691.0,28706283.5,1,52
Nebraska,170,2023-01-08,55025910.0,Beverages,54783969.0,0.0,63555288.0,28241144.5,1,1
Nebraska,171,2023-01-15,0.0,Beverages,55025910.0,0.0,0.0,27452469.75,1,2
Nebraska,172,2023-01-22,0.0,Beverages,0.0,56644525.0,0.0,27452469.75,1,3
Nebraska,173,2023-01-29,0.0,Beverages,0.0,58180609.0,68693042.0,27452469.75,1,4
Nebraska,174,2023-02-05,57387680.0,Beverages,0.0,0.0,63630442.0,13756477.5,2,5
Nebraska,175,2023-02-12,59413146.0,Beverages,57387680.0,0.0,0.0,14346920.0,2,6
Nebraska,176,2023-02-19,0.0,Beverages,59413146.0,54783969.0,0.0,29200206.5,2,7
Nebraska,177,2023-02-26,0.0,Beverages,0.0,55025910.0,0.0,29200206.5,2,8
Nebraska,178,2023-03-05,62690153.0,Beverages,0.0,0.0,64972563.0,29200206.5,3,9
Nebraska,179,2023-03-12,63087624.0,Beverages,62690153.0,0.0,0.0,30525824.75,3,10
Nebraska,180,2023-03-19,0.0,Beverages,63087624.0,0.0,0.0,31444444.25,3,11
Nebraska,181,2023-03-26,0.0,Beverages,0.0,57387680.0,0.0,31444444.25,3,12
Nebraska,182,2023-04-02,61436801.0,Beverages,0.0,59413146.0,63642685.0,31444444.25,4,13
Nebraska,183,2023-04-09,65159258.0,Beverages,61436801.0,0.0,62012249.0,31131106.25,4,14
Nebraska,184,2023-04-16,0.0,Beverages,65159258.0,0.0,0.0,31649014.75,4,15
Nebraska,185,2023-04-23,0.0,Beverages,0.0,62690153.0,0.0,31649014.75,4,16
Nebraska,186,2023-04-30,0.0,Beverages,0.0,63087624.0,59902191.0,31649014.75,4,17
Nebraska,187,2023-05-07,66219089.0,Beverages,0.0,0.0,60631555.0,16289814.5,5,18
Nevada,30,2020-05-03,64109292.0,Beverages,0.0,0.0,59598259.0,28586852.75,5,18
Nevada,31,2020-05-10,63097298.0,Beverages,64109292.0,0.0,0.0,29960768.5,5,19
Nevada,32,2020-05-17,0.0,Beverages,63097298.0,0.0,0.0,31801647.5,5,20
Nevada,33,2020-05-24,0.0,Beverages,0.0,58613629.0,0.0,31801647.5,5,21
Nevada,34,2020-05-31,0.0,Beverages,0.0,55733782.0,55645617.0,31801647.5,5,22
Nevada,35,2020-06-07,65003756.0,Beverages,0.0,0.0,56627804.0,15774324.5,6,23
Nevada,36,2020-06-14,0.0,Beverages,65003756.0,0.0,0.0,16250939.0,6,24
Nevada,37,2020-06-21,0.0,Beverages,0.0,64109292.0,0.0,16250939.0,6,25
Nevada,38,2020-06-28,0.0,Beverages,0.0,63097298.0,51173890.0,16250939.0,6,26
Nevada,39,2020-07-05,68944055.0,Beverages,0.0,0.0,51787525.0,16250939.0,7,27
Nevada,40,2020-07-12,66813756.0,Beverages,68944055.0,0.0,0.0,17236013.75,7,28
Nevada,41,2020-07-19,0.0,Beverages,66813756.0,0.0,0.0,33939452.75,7,29
Nevada,42,2020-07-26,0.0,Beverages,0.0,65003756.0,0.0,33939452.75,7,30
Nevada,43,2020-08-02,66665727.0,Beverages,0.0,0.0,54213053.0,33939452.75,8,31
Nevada,44,2020-08-09,67504943.0,Beverages,66665727.0,0.0,52250331.0,33369870.75,8,32
Nevada,45,2020-08-16,0.0,Beverages,67504943.0,0.0,0.0,33542667.5,8,33
Nevada,46,2020-08-23,0.0,Beverages,0.0,68944055.0,0.0,33542667.5,8,34
Nevada,47,2020-08-30,0.0,Beverages,0.0,66813756.0,53906524.0,33542667.5,8,35
Nevada,48,2020-09-06,68051245.0,Beverages,0.0,0.0,51924422.0,16876235.75,9,36
Nevada,49,2020-09-13,0.0,Beverages,68051245.0,0.0,0.0,17012811.25,9,37
Nevada,50,2020-09-20,0.0,Beverages,0.0,66665727.0,0.0,17012811.25,9,38
Nevada,51,2020-09-27,0.0,Beverages,0.0,67504943.0,57088407.0,17012811.25,9,39
Nevada,52,2020-10-04,61749107.0,Beverages,0.0,0.0,60574985.0,17012811.25,10,40
Nevada,53,2020-10-11,62092755.0,Beverages,61749107.0,0.0,0.0,15437276.75,10,41
Nevada,54,2020-10-18,0.0,Beverages,62092755.0,0.0,0.0,30960465.5,10,42
Nevada,55,2020-10-25,0.0,Beverages,0.0,68051245.0,0.0,30960465.5,10,43
Nevada,56,2020-11-01,57755197.0,Beverages,0.0,0.0,58613629.0,30960465.5,11,44
Nevada,57,2020-11-08,60594594.0,Beverages,57755197.0,0.0,55733782.0,29961988.0,11,45
Nevada,58,2020-11-15,0.0,Beverages,60594594.0,0.0,0.0,29587447.75,11,46
Nevada,59,2020-11-22,0.0,Beverages,0.0,61749107.0,0.0,29587447.75,11,47
Nevada,60,2020-11-29,0.0,Beverages,0.0,62092755.0,64109292.0,29587447.75,11,48
Nevada,61,2020-12-06,53808329.0,Beverages,0.0,0.0,63097298.0,15148648.5,12,49
Nevada,62,2020-12-13,0.0,Beverages,53808329.0,0.0,0.0,13452082.25,12,50
Nevada,63,2020-12-20,0.0,Beverages,0.0,57755197.0,0.0,13452082.25,12,51
Nevada,64,2020-12-27,0.0,Beverages,0.0,60594594.0,0.0,13452082.25,12,52
Nevada,65,2021-01-03,56399456.0,Beverages,0.0,0.0,65003756.0,13452082.25,1,53
Nevada,66,2021-01-10,56092416.0,Beverages,56399456.0,0.0,0.0,14099864.0,1,1
Nevada,67,2021-01-17,0.0,Beverages,56092416.0,0.0,0.0,28122968.0,1,2
Nevada,68,2021-01-24,0.0,Beverages,0.0,53808329.0,0.0,28122968.0,1,3
Nevada,69,2021-01-31,0.0,Beverages,0.0,0.0,68944055.0,28122968.0,1,4
Nevada,70,2021-02-07,57507947.0,Beverages,0.0,0.0,66813756.0,14023104.0,2,5
Nevada,71,2021-02-14,0.0,Beverages,57507947.0,0.0,0.0,14376986.75,2,6
Nevada,72,2021-02-21,0.0,Beverages,0.0,56399456.0,0.0,14376986.75,2,7
Nevada,73,2021-02-28,0.0,Beverages,0.0,56092416.0,66665727.0,14376986.75,2,8
Nevada,74,2021-03-07,63998928.0,Beverages,0.0,0.0,67504943.0,14376986.75,3,9
Nevada,75,2021-03-14,0.0,Beverages,63998928.0,0.0,0.0,15999732.0,3,10
Nevada,76,2021-03-21,0.0,Beverages,0.0,0.0,0.0,15999732.0,3,11
Nevada,77,2021-03-28,0.0,Beverages,0.0,57507947.0,0.0,15999732.0,3,12
Nevada,78,2021-04-04,62557191.0,Beverages,0.0,0.0,68051245.0,15999732.0,4,13
Nevada,79,2021-04-11,62246843.0,Beverages,62557191.0,0.0,0.0,15639297.75,4,14
Nevada,80,2021-04-18,0.0,Beverages,62246843.0,0.0,0.0,31201008.5,4,15
Nevada,81,2021-04-25,0.0,Beverages,0.0,63998928.0,0.0,31201008.5,4,16
Nevada,82,2021-05-02,66299297.0,Beverages,0.0,0.0,61749107.0,31201008.5,5,17
Nevada,83,2021-05-09,68671167.0,Beverages,66299297.0,0.0,62092755.0,32136535.0,5,18
Nevada,84,2021-05-16,0.0,Beverages,68671167.0,0.0,0.0,33742616.0,5,19
Nevada,85,2021-05-23,0.0,Beverages,0.0,62557191.0,0.0,33742616.0,5,20
Nevada,86,2021-05-30,0.0,Beverages,0.0,62246843.0,57755197.0,33742616.0,5,21
Nevada,87,2021-06-06,70028862.0,Beverages,0.0,0.0,60594594.0,17167791.75,6,22
Nevada,88,2021-06-13,0.0,Beverages,70028862.0,0.0,0.0,17507215.5,6,23
Nevada,89,2021-06-20,0.0,Beverages,0.0,66299297.0,0.0,17507215.5,6,24
Nevada,90,2021-06-27,0.0,Beverages,0.0,68671167.0,0.0,17507215.5,6,25
Nevada,91,2021-07-04,73900787.0,Beverages,0.0,0.0,53808329.0,17507215.5,7,26
Nevada,92,2021-07-11,73101283.0,Beverages,73900787.0,0.0,0.0,18475196.75,7,27
Nevada,93,2021-07-18,0.0,Beverages,73101283.0,0.0,0.0,36750517.5,7,28
Nevada,94,2021-07-25,0.0,Beverages,0.0,70028862.0,0.0,36750517.5,7,29
Nevada,95,2021-08-01,69338528.0,Beverages,0.0,0.0,56399456.0,36750517.5,8,30
Nevada,96,2021-08-08,72793873.0,Beverages,69338528.0,0.0,56092416.0,35609952.75,8,31
Nevada,97,2021-08-15,0.0,Beverages,72793873.0,0.0,0.0,35533100.25,8,32
Nevada,98,2021-08-22,0.0,Beverages,0.0,73900787.0,0.0,35533100.25,8,33
Nevada,99,2021-08-29,0.0,Beverages,0.0,73101283.0,0.0,35533100.25,8,34
Nevada,100,2021-09-05,72111711.0,Beverages,0.0,0.0,57507947.0,18198468.25,9,35
Nevada,101,2021-09-12,70009887.0,Beverages,72111711.0,0.0,0.0,18027927.75,9,36
Nevada,102,2021-09-19,0.0,Beverages,70009887.0,69338528.0,0.0,35530399.5,9,37
Nevada,103,2021-09-26,0.0,Beverages,0.0,72793873.0,0.0,35530399.5,9,38
Nevada,104,2021-10-03,97454406.0,Beverages,0.0,0.0,63998928.0,35530399.5,10,39
Nevada,105,2021-10-10,94869756.0,Beverages,97454406.0,0.0,0.0,41866073.25,10,40
Nevada,106,2021-10-17,0.0,Beverages,94869756.0,0.0,0.0,48081040.5,10,41
Nevada,107,2021-10-24,0.0,Beverages,0.0,72111711.0,0.0,48081040.5,10,42
Nevada,108,2021-10-31,0.0,Beverages,0.0,70009887.0,62557191.0,48081040.5,10,43
Nevada,109,2021-11-07,92345973.0,Beverages,0.0,0.0,62246843.0,23717439.0,11,44
Nevada,110,2021-11-14,0.0,Beverages,92345973.0,0.0,0.0,23086493.25,11,45
Nevada,111,2021-11-21,0.0,Beverages,0.0,97454406.0,0.0,23086493.25,11,46
Nevada,112,2021-11-28,0.0,Beverages,0.0,94869756.0,66299297.0,23086493.25,11,47
Nevada,113,2021-12-05,85728485.0,Beverages,0.0,0.0,68671167.0,23086493.25,12,48
Nevada,114,2021-12-12,87269917.0,Beverages,85728485.0,0.0,0.0,21432121.25,12,49
Nevada,115,2021-12-19,0.0,Beverages,87269917.0,0.0,0.0,43249600.5,12,50
Nevada,116,2021-12-26,0.0,Beverages,0.0,92345973.0,0.0,43249600.5,12,51
Nevada,117,2022-01-02,87627145.0,Beverages,0.0,0.0,70028862.0,43249600.5,1,52
Nevada,118,2022-01-09,86588437.0,Beverages,87627145.0,0.0,0.0,43724265.5,1,1
Nevada,119,2022-01-16,0.0,Beverages,86588437.0,0.0,0.0,43553895.5,1,2
Nevada,120,2022-01-23,0.0,Beverages,0.0,85728485.0,0.0,43553895.5,1,3
Nevada,121,2022-01-30,0.0,Beverages,0.0,87269917.0,73900787.0,43553895.5,1,4
Nevada,122,2022-02-06,86356797.0,Beverages,0.0,0.0,73101283.0,21647109.25,2,5
Nevada,123,2022-02-13,0.0,Beverages,86356797.0,0.0,0.0,21589199.25,2,6
Nevada,124,2022-02-20,0.0,Beverages,0.0,87627145.0,0.0,21589199.25,2,7
Nevada,125,2022-02-27,0.0,Beverages,0.0,86588437.0,69338528.0,21589199.25,2,8
Nevada,126,2022-03-06,92054046.0,Beverages,0.0,0.0,72793873.0,21589199.25,3,9
Nevada,127,2022-03-13,0.0,Beverages,92054046.0,0.0,0.0,23013511.5,3,10
Nevada,128,2022-03-20,0.0,Beverages,0.0,0.0,0.0,23013511.5,3,11
Nevada,129,2022-03-27,0.0,Beverages,0.0,86356797.0,0.0,23013511.5,3,12
Nevada,130,2022-04-03,100330711.0,Beverages,0.0,0.0,72111711.0,23013511.5,4,13
Nevada,131,2022-04-10,100096904.0,Beverages,100330711.0,0.0,70009887.0,25082677.75,4,14
Nevada,132,2022-04-17,0.0,Beverages,100096904.0,0.0,0.0,50106903.75,4,15
Nevada,133,2022-04-24,0.0,Beverages,0.0,92054046.0,0.0,50106903.75,4,16
Nevada,134,2022-05-01,100373381.0,Beverages,0.0,0.0,97454406.0,50106903.75,5,17
Nevada,135,2022-05-08,102374030.0,Beverages,100373381.0,0.0,94869756.0,50117571.25,5,18
Nevada,136,2022-05-15,0.0,Beverages,102374030.0,0.0,0.0,50686852.75,5,19
Nevada,137,2022-05-22,0.0,Beverages,0.0,100330711.0,0.0,50686852.75,5,20
Nevada,138,2022-05-29,0.0,Beverages,0.0,100096904.0,0.0,50686852.75,5,21
Nevada,139,2022-06-05,107451031.0,Beverages,0.0,0.0,92345973.0,25593507.5,6,22
Nevada,140,2022-06-12,108401002.0,Beverages,107451031.0,0.0,0.0,26862757.75,6,23
Nevada,141,2022-06-19,0.0,Beverages,108401002.0,100373381.0,0.0,53963008.25,6,24
Nevada,142,2022-06-26,0.0,Beverages,0.0,102374030.0,0.0,53963008.25,6,25
Nevada,143,2022-07-03,113337636.0,Beverages,0.0,0.0,85728485.0,53963008.25,7,26
Nevada,144,2022-07-10,110690505.0,Beverages,113337636.0,0.0,87269917.0,55434659.5,7,27
Nevada,145,2022-07-17,0.0,Beverages,110690505.0,0.0,0.0,56007035.25,7,28
Nevada,146,2022-07-24,0.0,Beverages,0.0,107451031.0,0.0,56007035.25,7,29
Nevada,147,2022-07-31,0.0,Beverages,0.0,108401002.0,87627145.0,56007035.25,7,30
Nevada,148,2022-08-07,109684428.0,Beverages,0.0,0.0,86588437.0,27672626.25,8,31
Nevada,149,2022-08-14,0.0,Beverages,109684428.0,0.0,0.0,27421107.0,8,32
Nevada,150,2022-08-21,0.0,Beverages,0.0,113337636.0,0.0,27421107.0,8,33
Nevada,151,2022-08-28,0.0,Beverages,0.0,110690505.0,0.0,27421107.0,8,34
Nevada,152,2022-09-04,110622906.0,Beverages,0.0,0.0,86356797.0,27421107.0,9,35
Nevada,153,2022-09-11,107655422.0,Beverages,110622906.0,0.0,0.0,27655726.5,9,36
Nevada,154,2022-09-18,0.0,Beverages,107655422.0,0.0,0.0,54569582.0,9,37
Nevada,155,2022-09-25,0.0,Beverages,0.0,109684428.0,0.0,54569582.0,9,38
Nevada,156,2022-10-02,100964519.0,Beverages,0.0,0.0,92054046.0,54569582.0,10,39
Nevada,157,2022-10-09,102194629.0,Beverages,100964519.0,0.0,0.0,52154985.25,10,40
Nevada,158,2022-10-16,0.0,Beverages,102194629.0,0.0,0.0,50789787.0,10,41
Nevada,159,2022-10-23,0.0,Beverages,0.0,110622906.0,0.0,50789787.0,10,42
Nevada,160,2022-10-30,0.0,Beverages,0.0,107655422.0,100330711.0,50789787.0,10,43
Nevada,161,2022-11-06,97736557.0,Beverages,0.0,0.0,100096904.0,25548657.25,11,44
Nevada,162,2022-11-13,0.0,Beverages,97736557.0,0.0,0.0,24434139.25,11,45
Nevada,163,2022-11-20,0.0,Beverages,0.0,100964519.0,0.0,24434139.25,11,46
Nevada,164,2022-11-27,0.0,Beverages,0.0,102194629.0,100373381.0,24434139.25,11,47
Nevada,165,2022-12-04,91020179.0,Beverages,0.0,0.0,102374030.0,24434139.25,12,48
Nevada,166,2022-12-11,93177556.0,Beverages,91020179.0,0.0,0.0,22755044.75,12,49
Nevada,167,2022-12-18,0.0,Beverages,93177556.0,0.0,0.0,46049433.75,12,50
Nevada,168,2022-12-25,0.0,Beverages,0.0,97736557.0,0.0,46049433.75,12,51
Nevada,169,2023-01-01,90694672.0,Beverages,0.0,0.0,107451031.0,46049433.75,1,52
Nevada,170,2023-01-08,90884399.0,Beverages,90694672.0,0.0,108401002.0,45968057.0,1,1
Nevada,171,2023-01-15,0.0,Beverages,90884399.0,0.0,0.0,45394767.75,1,2
Nevada,172,2023-01-22,0.0,Beverages,0.0,91020179.0,0.0,45394767.75,1,3
Nevada,173,2023-01-29,0.0,Beverages,0.0,93177556.0,113337636.0,45394767.75,1,4
Nevada,174,2023-02-05,92129655.0,Beverages,0.0,0.0,110690505.0,22721099.75,2,5
Nevada,175,2023-02-12,96722302.0,Beverages,92129655.0,0.0,0.0,23032413.75,2,6
Nevada,176,2023-02-19,0.0,Beverages,96722302.0,90694672.0,0.0,47212989.25,2,7
Nevada,177,2023-02-26,0.0,Beverages,0.0,90884399.0,0.0,47212989.25,2,8
Nevada,178,2023-03-05,100941906.0,Beverages,0.0,0.0,109684428.0,47212989.25,3,9
Nevada,179,2023-03-12,108721285.0,Beverages,100941906.0,0.0,0.0,49416052.0,3,10
Nevada,180,2023-03-19,0.0,Beverages,108721285.0,0.0,0.0,52415797.75,3,11
Nevada,181,2023-03-26,0.0,Beverages,0.0,92129655.0,0.0,52415797.75,3,12
Nevada,182,2023-04-02,98266678.0,Beverages,0.0,96722302.0,110622906.0,52415797.75,4,13
Nevada,183,2023-04-09,102562118.0,Beverages,98266678.0,0.0,107655422.0,51746990.75,4,14
Nevada,184,2023-04-16,0.0,Beverages,102562118.0,0.0,0.0,50207199.0,4,15
Nevada,185,2023-04-23,0.0,Beverages,0.0,100941906.0,0.0,50207199.0,4,16
Nevada,186,2023-04-30,0.0,Beverages,0.0,108721285.0,100964519.0,50207199.0,4,17
Nevada,187,2023-05-07,109269132.0,Beverages,0.0,0.0,102194629.0,25640529.5,5,18
New Hampshire,30,2020-05-03,32853085.0,Beverages,0.0,0.0,30388827.0,15590789.0,5,18
New Hampshire,31,2020-05-10,34666000.0,Beverages,32853085.0,0.0,0.0,16085041.5,5,19
New Hampshire,32,2020-05-17,0.0,Beverages,34666000.0,0.0,0.0,16879771.25,5,20
New Hampshire,33,2020-05-24,0.0,Beverages,0.0,30876075.0,0.0,16879771.25,5,21
New Hampshire,34,2020-05-31,0.0,Beverages,0.0,31487081.0,29026634.0,16879771.25,5,22
New Hampshire,35,2020-06-07,37226621.0,Beverages,0.0,0.0,29727550.0,8666500.0,6,23
New Hampshire,36,2020-06-14,0.0,Beverages,37226621.0,0.0,0.0,9306655.25,6,24
New Hampshire,37,2020-06-21,0.0,Beverages,0.0,32853085.0,0.0,9306655.25,6,25
New Hampshire,38,2020-06-28,0.0,Beverages,0.0,34666000.0,30014723.0,9306655.25,6,26
New Hampshire,39,2020-07-05,41509380.0,Beverages,0.0,0.0,29272283.0,9306655.25,7,27
New Hampshire,40,2020-07-12,38339929.0,Beverages,41509380.0,0.0,0.0,10377345.0,7,28
New Hampshire,41,2020-07-19,0.0,Beverages,38339929.0,0.0,0.0,19962327.25,7,29
New Hampshire,42,2020-07-26,0.0,Beverages,0.0,37226621.0,0.0,19962327.25,7,30
New Hampshire,43,2020-08-02,39238217.0,Beverages,0.0,0.0,30026949.0,19962327.25,8,31
New Hampshire,44,2020-08-09,38399975.0,Beverages,39238217.0,0.0,28974786.0,19394536.5,8,32
New Hampshire,45,2020-08-16,0.0,Beverages,38399975.0,0.0,0.0,19409548.0,8,33
New Hampshire,46,2020-08-23,0.0,Beverages,0.0,41509380.0,0.0,19409548.0,8,34
New Hampshire,47,2020-08-30,0.0,Beverages,0.0,38339929.0,29896449.0,19409548.0,8,35
New Hampshire,48,2020-09-06,34774832.0,Beverages,0.0,0.0,29766584.0,9599993.75,9,36
New Hampshire,49,2020-09-13,0.0,Beverages,34774832.0,0.0,0.0,8693708.0,9,37
New Hampshire,50,2020-09-20,0.0,Beverages,0.0,39238217.0,0.0,8693708.0,9,38
New Hampshire,51,2020-09-27,0.0,Beverages,0.0,38399975.0,29922102.0,8693708.0,9,39
New Hampshire,52,2020-10-04,32924901.0,Beverages,0.0,0.0,32353977.0,8693708.0,10,40
New Hampshire,53,2020-10-11,33001664.0,Beverages,32924901.0,0.0,0.0,8231225.25,10,41
New Hampshire,54,2020-10-18,0.0,Beverages,33001664.0,0.0,0.0,16481641.25,10,42
New Hampshire,55,2020-10-25,0.0,Beverages,0.0,34774832.0,0.0,16481641.25,10,43
New Hampshire,56,2020-11-01,31051552.0,Beverages,0.0,0.0,30876075.0,16481641.25,11,44
New Hampshire,57,2020-11-08,32060542.0,Beverages,31051552.0,0.0,31487081.0,16013304.0,11,45
New Hampshire,58,2020-11-15,0.0,Beverages,32060542.0,0.0,0.0,15778023.5,11,46
New Hampshire,59,2020-11-22,0.0,Beverages,0.0,32924901.0,0.0,15778023.5,11,47
New Hampshire,60,2020-11-29,0.0,Beverages,0.0,33001664.0,32853085.0,15778023.5,11,48
New Hampshire,61,2020-12-06,30924507.0,Beverages,0.0,0.0,34666000.0,8015135.5,12,49
New Hampshire,62,2020-12-13,0.0,Beverages,30924507.0,0.0,0.0,7731126.75,12,50
New Hampshire,63,2020-12-20,0.0,Beverages,0.0,31051552.0,0.0,7731126.75,12,51
New Hampshire,64,2020-12-27,0.0,Beverages,0.0,32060542.0,0.0,7731126.75,12,52
New Hampshire,65,2021-01-03,31933909.0,Beverages,0.0,0.0,37226621.0,7731126.75,1,53
New Hampshire,66,2021-01-10,31496746.0,Beverages,31933909.0,0.0,0.0,7983477.25,1,1
New Hampshire,67,2021-01-17,0.0,Beverages,31496746.0,0.0,0.0,15857663.75,1,2
New Hampshire,68,2021-01-24,0.0,Beverages,0.0,30924507.0,0.0,15857663.75,1,3
New Hampshire,69,2021-01-31,0.0,Beverages,0.0,0.0,41509380.0,15857663.75,1,4
New Hampshire,70,2021-02-07,32211005.0,Beverages,0.0,0.0,38339929.0,7874186.5,2,5
New Hampshire,71,2021-02-14,0.0,Beverages,32211005.0,0.0,0.0,8052751.25,2,6
New Hampshire,72,2021-02-21,0.0,Beverages,0.0,31933909.0,0.0,8052751.25,2,7
New Hampshire,73,2021-02-28,0.0,Beverages,0.0,31496746.0,39238217.0,8052751.25,2,8
New Hampshire,74,2021-03-07,34198378.0,Beverages,0.0,0.0,38399975.0,8052751.25,3,9
New Hampshire,75,2021-03-14,0.0,Beverages,34198378.0,0.0,0.0,8549594.5,3,10
New Hampshire,76,2021-03-21,0.0,Beverages,0.0,0.0,0.0,8549594.5,3,11
New Hampshire,77,2021-03-28,0.0,Beverages,0.0,32211005.0,0.0,8549594.5,3,12
New Hampshire,78,2021-04-04,33779494.0,Beverages,0.0,0.0,34774832.0,8549594.5,4,13
New Hampshire,79,2021-04-11,33666213.0,Beverages,33779494.0,0.0,0.0,8444873.5,4,14
New Hampshire,80,2021-04-18,0.0,Beverages,33666213.0,0.0,0.0,16861426.75,4,15
New Hampshire,81,2021-04-25,0.0,Beverages,0.0,34198378.0,0.0,16861426.75,4,16
New Hampshire,82,2021-05-02,35119245.0,Beverages,0.0,0.0,32924901.0,16861426.75,5,17
New Hampshire,83,2021-05-09,36528984.0,Beverages,35119245.0,0.0,33001664.0,17196364.5,5,18
New Hampshire,84,2021-05-16,0.0,Beverages,36528984.0,0.0,0.0,17912057.25,5,19
New Hampshire,85,2021-05-23,0.0,Beverages,0.0,33779494.0,0.0,17912057.25,5,20
New Hampshire,86,2021-05-30,0.0,Beverages,0.0,33666213.0,31051552.0,17912057.25,5,21
New Hampshire,87,2021-06-06,39191943.0,Beverages,0.0,0.0,32060542.0,9132246.0,6,22
New Hampshire,88,2021-06-13,0.0,Beverages,39191943.0,0.0,0.0,9797985.75,6,23
New Hampshire,89,2021-06-20,0.0,Beverages,0.0,35119245.0,0.0,9797985.75,6,24
New Hampshire,90,2021-06-27,0.0,Beverages,0.0,36528984.0,0.0,9797985.75,6,25
New Hampshire,91,2021-07-04,42298976.0,Beverages,0.0,0.0,30924507.0,9797985.75,7,26
New Hampshire,92,2021-07-11,39438284.0,Beverages,42298976.0,0.0,0.0,10574744.0,7,27
New Hampshire,93,2021-07-18,0.0,Beverages,39438284.0,0.0,0.0,20434315.0,7,28
New Hampshire,94,2021-07-25,0.0,Beverages,0.0,39191943.0,0.0,20434315.0,7,29
New Hampshire,95,2021-08-01,40501186.0,Beverages,0.0,0.0,31933909.0,20434315.0,8,30
New Hampshire,96,2021-08-08,40625628.0,Beverages,40501186.0,0.0,31496746.0,19984867.5,8,31
New Hampshire,97,2021-08-15,0.0,Beverages,40625628.0,0.0,0.0,20281703.5,8,32
New Hampshire,98,2021-08-22,0.0,Beverages,0.0,42298976.0,0.0,20281703.5,8,33
New Hampshire,99,2021-08-29,0.0,Beverages,0.0,39438284.0,0.0,20281703.5,8,34
New Hampshire,100,2021-09-05,38045854.0,Beverages,0.0,0.0,32211005.0,10156407.0,9,35
New Hampshire,101,2021-09-12,37586040.0,Beverages,38045854.0,0.0,0.0,9511463.5,9,36
New Hampshire,102,2021-09-19,0.0,Beverages,37586040.0,40501186.0,0.0,18907973.5,9,37
New Hampshire,103,2021-09-26,0.0,Beverages,0.0,40625628.0,0.0,18907973.5,9,38
New Hampshire,104,2021-10-03,50608160.0,Beverages,0.0,0.0,34198378.0,18907973.5,10,39
New Hampshire,105,2021-10-10,51298673.0,Beverages,50608160.0,0.0,0.0,22048550.0,10,40
New Hampshire,106,2021-10-17,0.0,Beverages,51298673.0,0.0,0.0,25476708.25,10,41
New Hampshire,107,2021-10-24,0.0,Beverages,0.0,38045854.0,0.0,25476708.25,10,42
New Hampshire,108,2021-10-31,0.0,Beverages,0.0,37586040.0,33779494.0,25476708.25,10,43
New Hampshire,109,2021-11-07,49261485.0,Beverages,0.0,0.0,33666213.0,12824668.25,11,44
New Hampshire,110,2021-11-14,0.0,Beverages,49261485.0,0.0,0.0,12315371.25,11,45
New Hampshire,111,2021-11-21,0.0,Beverages,0.0,50608160.0,0.0,12315371.25,11,46
New Hampshire,112,2021-11-28,0.0,Beverages,0.0,51298673.0,35119245.0,12315371.25,11,47
New Hampshire,113,2021-12-05,48428547.0,Beverages,0.0,0.0,36528984.0,12315371.25,12,48
New Hampshire,114,2021-12-12,49313003.0,Beverages,48428547.0,0.0,0.0,12107136.75,12,49
New Hampshire,115,2021-12-19,0.0,Beverages,49313003.0,0.0,0.0,24435387.5,12,50
New Hampshire,116,2021-12-26,0.0,Beverages,0.0,49261485.0,0.0,24435387.5,12,51
New Hampshire,117,2022-01-02,48781954.0,Beverages,0.0,0.0,39191943.0,24435387.5,1,52
New Hampshire,118,2022-01-09,48107986.0,Beverages,48781954.0,0.0,0.0,24523739.25,1,1
New Hampshire,119,2022-01-16,0.0,Beverages,48107986.0,0.0,0.0,24222485.0,1,2
New Hampshire,120,2022-01-23,0.0,Beverages,0.0,48428547.0,0.0,24222485.0,1,3
New Hampshire,121,2022-01-30,0.0,Beverages,0.0,49313003.0,42298976.0,24222485.0,1,4
New Hampshire,122,2022-02-06,48683932.0,Beverages,0.0,0.0,39438284.0,12026996.5,2,5
New Hampshire,123,2022-02-13,0.0,Beverages,48683932.0,0.0,0.0,12170983.0,2,6
New Hampshire,124,2022-02-20,0.0,Beverages,0.0,48781954.0,0.0,12170983.0,2,7
New Hampshire,125,2022-02-27,0.0,Beverages,0.0,48107986.0,40501186.0,12170983.0,2,8
New Hampshire,126,2022-03-06,49865291.0,Beverages,0.0,0.0,40625628.0,12170983.0,3,9
New Hampshire,127,2022-03-13,0.0,Beverages,49865291.0,0.0,0.0,12466322.75,3,10
New Hampshire,128,2022-03-20,0.0,Beverages,0.0,0.0,0.0,12466322.75,3,11
New Hampshire,129,2022-03-27,0.0,Beverages,0.0,48683932.0,0.0,12466322.75,3,12
New Hampshire,130,2022-04-03,51722980.0,Beverages,0.0,0.0,38045854.0,12466322.75,4,13
New Hampshire,131,2022-04-10,51170028.0,Beverages,51722980.0,0.0,37586040.0,12930745.0,4,14
New Hampshire,132,2022-04-17,0.0,Beverages,51170028.0,0.0,0.0,25723252.0,4,15
New Hampshire,133,2022-04-24,0.0,Beverages,0.0,49865291.0,0.0,25723252.0,4,16
New Hampshire,134,2022-05-01,52010264.0,Beverages,0.0,0.0,50608160.0,25723252.0,5,17
New Hampshire,135,2022-05-08,55148843.0,Beverages,52010264.0,0.0,51298673.0,25795073.0,5,18
New Hampshire,136,2022-05-15,0.0,Beverages,55148843.0,0.0,0.0,26789776.75,5,19
New Hampshire,137,2022-05-22,0.0,Beverages,0.0,51722980.0,0.0,26789776.75,5,20
New Hampshire,138,2022-05-29,0.0,Beverages,0.0,51170028.0,0.0,26789776.75,5,21
New Hampshire,139,2022-06-05,58539377.0,Beverages,0.0,0.0,49261485.0,13787210.75,6,22
New Hampshire,140,2022-06-12,61071034.0,Beverages,58539377.0,0.0,0.0,14634844.25,6,23
New Hampshire,141,2022-06-19,0.0,Beverages,61071034.0,52010264.0,0.0,29902602.75,6,24
New Hampshire,142,2022-06-26,0.0,Beverages,0.0,55148843.0,0.0,29902602.75,6,25
New Hampshire,143,2022-07-03,66414080.0,Beverages,0.0,0.0,48428547.0,29902602.75,7,26
New Hampshire,144,2022-07-10,60496429.0,Beverages,66414080.0,0.0,49313003.0,31871278.5,7,27
New Hampshire,145,2022-07-17,0.0,Beverages,60496429.0,0.0,0.0,31727627.25,7,28
New Hampshire,146,2022-07-24,0.0,Beverages,0.0,58539377.0,0.0,31727627.25,7,29
New Hampshire,147,2022-07-31,0.0,Beverages,0.0,61071034.0,48781954.0,31727627.25,7,30
New Hampshire,148,2022-08-07,62601373.0,Beverages,0.0,0.0,48107986.0,15124107.25,8,31
New Hampshire,149,2022-08-14,0.0,Beverages,62601373.0,0.0,0.0,15650343.25,8,32
New Hampshire,150,2022-08-21,0.0,Beverages,0.0,66414080.0,0.0,15650343.25,8,33
New Hampshire,151,2022-08-28,0.0,Beverages,0.0,60496429.0,0.0,15650343.25,8,34
New Hampshire,152,2022-09-04,57734114.0,Beverages,0.0,0.0,48683932.0,15650343.25,9,35
New Hampshire,153,2022-09-11,55077631.0,Beverages,57734114.0,0.0,0.0,14433528.5,9,36
New Hampshire,154,2022-09-18,0.0,Beverages,55077631.0,0.0,0.0,28202936.25,9,37
New Hampshire,155,2022-09-25,0.0,Beverages,0.0,62601373.0,0.0,28202936.25,9,38
New Hampshire,156,2022-10-02,53158297.0,Beverages,0.0,0.0,49865291.0,28202936.25,10,39
New Hampshire,157,2022-10-09,54403686.0,Beverages,53158297.0,0.0,0.0,27058982.0,10,40
New Hampshire,158,2022-10-16,0.0,Beverages,54403686.0,0.0,0.0,26890495.75,10,41
New Hampshire,159,2022-10-23,0.0,Beverages,0.0,57734114.0,0.0,26890495.75,10,42
New Hampshire,160,2022-10-30,0.0,Beverages,0.0,55077631.0,51722980.0,26890495.75,10,43
New Hampshire,161,2022-11-06,52322433.0,Beverages,0.0,0.0,51170028.0,13600921.5,11,44
New Hampshire,162,2022-11-13,0.0,Beverages,52322433.0,0.0,0.0,13080608.25,11,45
New Hampshire,163,2022-11-20,0.0,Beverages,0.0,53158297.0,0.0,13080608.25,11,46
New Hampshire,164,2022-11-27,0.0,Beverages,0.0,54403686.0,52010264.0,13080608.25,11,47
New Hampshire,165,2022-12-04,49931625.0,Beverages,0.0,0.0,55148843.0,13080608.25,12,48
New Hampshire,166,2022-12-11,52725450.0,Beverages,49931625.0,0.0,0.0,12482906.25,12,49
New Hampshire,167,2022-12-18,0.0,Beverages,52725450.0,0.0,0.0,25664268.75,12,50
New Hampshire,168,2022-12-25,0.0,Beverages,0.0,52322433.0,0.0,25664268.75,12,51
New Hampshire,169,2023-01-01,50635755.0,Beverages,0.0,0.0,58539377.0,25664268.75,1,52
New Hampshire,170,2023-01-08,50573660.0,Beverages,50635755.0,0.0,61071034.0,25840301.25,1,1
New Hampshire,171,2023-01-15,0.0,Beverages,50573660.0,0.0,0.0,25302353.75,1,2
New Hampshire,172,2023-01-22,0.0,Beverages,0.0,49931625.0,0.0,25302353.75,1,3
New Hampshire,173,2023-01-29,0.0,Beverages,0.0,52725450.0,66414080.0,25302353.75,1,4
New Hampshire,174,2023-02-05,50355820.0,Beverages,0.0,0.0,60496429.0,12643415.0,2,5
New Hampshire,175,2023-02-12,53417136.0,Beverages,50355820.0,0.0,0.0,12588955.0,2,6
New Hampshire,176,2023-02-19,0.0,Beverages,53417136.0,50635755.0,0.0,25943239.0,2,7
New Hampshire,177,2023-02-26,0.0,Beverages,0.0,50573660.0,0.0,25943239.0,2,8
New Hampshire,178,2023-03-05,53338540.0,Beverages,0.0,0.0,62601373.0,25943239.0,3,9
New Hampshire,179,2023-03-12,58632571.0,Beverages,53338540.0,0.0,0.0,26688919.0,3,10
New Hampshire,180,2023-03-19,0.0,Beverages,58632571.0,0.0,0.0,27992777.75,3,11
New Hampshire,181,2023-03-26,0.0,Beverages,0.0,50355820.0,0.0,27992777.75,3,12
New Hampshire,182,2023-04-02,52166467.0,Beverages,0.0,53417136.0,57734114.0,27992777.75,4,13
New Hampshire,183,2023-04-09,56189608.0,Beverages,52166467.0,0.0,55077631.0,27699759.5,4,14
New Hampshire,184,2023-04-16,0.0,Beverages,56189608.0,0.0,0.0,27089018.75,4,15
New Hampshire,185,2023-04-23,0.0,Beverages,0.0,53338540.0,0.0,27089018.75,4,16
New Hampshire,186,2023-04-30,0.0,Beverages,0.0,58632571.0,53158297.0,27089018.75,4,17
New Hampshire,187,2023-05-07,59336660.0,Beverages,0.0,0.0,54403686.0,14047402.0,5,18
New Mexico,30,2020-05-03,43768993.0,Beverages,0.0,0.0,40091431.0,20226221.25,5,18
New Mexico,31,2020-05-10,44112633.0,Beverages,43768993.0,0.0,0.0,21190046.25,5,19
New Mexico,32,2020-05-17,0.0,Beverages,44112633.0,0.0,0.0,21970406.5,5,20
New Mexico,33,2020-05-24,0.0,Beverages,0.0,39913693.0,0.0,21970406.5,5,21
New Mexico,34,2020-05-31,0.0,Beverages,0.0,40991192.0,35945861.0,21970406.5,5,22
New Mexico,35,2020-06-07,45905227.0,Beverages,0.0,0.0,37278450.0,11028158.25,6,23
New Mexico,36,2020-06-14,0.0,Beverages,45905227.0,0.0,0.0,11476306.75,6,24
New Mexico,37,2020-06-21,0.0,Beverages,0.0,43768993.0,0.0,11476306.75,6,25
New Mexico,38,2020-06-28,0.0,Beverages,0.0,44112633.0,34731555.0,11476306.75,6,26
New Mexico,39,2020-07-05,49250336.0,Beverages,0.0,0.0,35952023.0,11476306.75,7,27
New Mexico,40,2020-07-12,46679633.0,Beverages,49250336.0,0.0,0.0,12312584.0,7,28
New Mexico,41,2020-07-19,0.0,Beverages,46679633.0,0.0,0.0,23982492.25,7,29
New Mexico,42,2020-07-26,0.0,Beverages,0.0,45905227.0,0.0,23982492.25,7,30
New Mexico,43,2020-08-02,45176656.0,Beverages,0.0,0.0,35901902.0,23982492.25,8,31
New Mexico,44,2020-08-09,46628932.0,Beverages,45176656.0,0.0,36227966.0,22964072.25,8,32
New Mexico,45,2020-08-16,0.0,Beverages,46628932.0,0.0,0.0,22951397.0,8,33
New Mexico,46,2020-08-23,0.0,Beverages,0.0,49250336.0,0.0,22951397.0,8,34
New Mexico,47,2020-08-30,0.0,Beverages,0.0,46679633.0,37201589.0,22951397.0,8,35
New Mexico,48,2020-09-06,45977001.0,Beverages,0.0,0.0,36835606.0,11657233.0,9,36
New Mexico,49,2020-09-13,0.0,Beverages,45977001.0,0.0,0.0,11494250.25,9,37
New Mexico,50,2020-09-20,0.0,Beverages,0.0,45176656.0,0.0,11494250.25,9,38
New Mexico,51,2020-09-27,0.0,Beverages,0.0,46628932.0,38713023.0,11494250.25,9,39
New Mexico,52,2020-10-04,42431055.0,Beverages,0.0,0.0,41061662.0,11494250.25,10,40
New Mexico,53,2020-10-11,43505034.0,Beverages,42431055.0,0.0,0.0,10607763.75,10,41
New Mexico,54,2020-10-18,0.0,Beverages,43505034.0,0.0,0.0,21484022.25,10,42
New Mexico,55,2020-10-25,0.0,Beverages,0.0,45977001.0,0.0,21484022.25,10,43
New Mexico,56,2020-11-01,39125374.0,Beverages,0.0,0.0,39913693.0,21484022.25,11,44
New Mexico,57,2020-11-08,40897367.0,Beverages,39125374.0,0.0,40991192.0,20657602.0,11,45
New Mexico,58,2020-11-15,0.0,Beverages,40897367.0,0.0,0.0,20005685.25,11,46
New Mexico,59,2020-11-22,0.0,Beverages,0.0,42431055.0,0.0,20005685.25,11,47
New Mexico,60,2020-11-29,0.0,Beverages,0.0,43505034.0,43768993.0,20005685.25,11,48
New Mexico,61,2020-12-06,37379119.0,Beverages,0.0,0.0,44112633.0,10224341.75,12,49
New Mexico,62,2020-12-13,0.0,Beverages,37379119.0,0.0,0.0,9344779.75,12,50
New Mexico,63,2020-12-20,0.0,Beverages,0.0,39125374.0,0.0,9344779.75,12,51
New Mexico,64,2020-12-27,0.0,Beverages,0.0,40897367.0,0.0,9344779.75,12,52
New Mexico,65,2021-01-03,38562490.0,Beverages,0.0,0.0,45905227.0,9344779.75,1,53
New Mexico,66,2021-01-10,39597266.0,Beverages,38562490.0,0.0,0.0,9640622.5,1,1
New Mexico,67,2021-01-17,0.0,Beverages,39597266.0,0.0,0.0,19539939.0,1,2
New Mexico,68,2021-01-24,0.0,Beverages,0.0,37379119.0,0.0,19539939.0,1,3
New Mexico,69,2021-01-31,0.0,Beverages,0.0,0.0,49250336.0,19539939.0,1,4
New Mexico,70,2021-02-07,40691767.0,Beverages,0.0,0.0,46679633.0,9899316.5,2,5
New Mexico,71,2021-02-14,0.0,Beverages,40691767.0,0.0,0.0,10172941.75,2,6
New Mexico,72,2021-02-21,0.0,Beverages,0.0,38562490.0,0.0,10172941.75,2,7
New Mexico,73,2021-02-28,0.0,Beverages,0.0,39597266.0,45176656.0,10172941.75,2,8
New Mexico,74,2021-03-07,43224896.0,Beverages,0.0,0.0,46628932.0,10172941.75,3,9
New Mexico,75,2021-03-14,0.0,Beverages,43224896.0,0.0,0.0,10806224.0,3,10
New Mexico,76,2021-03-21,0.0,Beverages,0.0,0.0,0.0,10806224.0,3,11
New Mexico,77,2021-03-28,0.0,Beverages,0.0,40691767.0,0.0,10806224.0,3,12
New Mexico,78,2021-04-04,43942929.0,Beverages,0.0,0.0,45977001.0,10806224.0,4,13
New Mexico,79,2021-04-11,44895903.0,Beverages,43942929.0,0.0,0.0,10985732.25,4,14
New Mexico,80,2021-04-18,0.0,Beverages,44895903.0,0.0,0.0,22209708.0,4,15
New Mexico,81,2021-04-25,0.0,Beverages,0.0,43224896.0,0.0,22209708.0,4,16
New Mexico,82,2021-05-02,46213010.0,Beverages,0.0,0.0,42431055.0,22209708.0,5,17
New Mexico,83,2021-05-09,48904959.0,Beverages,46213010.0,0.0,43505034.0,22777228.25,5,18
New Mexico,84,2021-05-16,0.0,Beverages,48904959.0,0.0,0.0,23779492.25,5,19
New Mexico,85,2021-05-23,0.0,Beverages,0.0,43942929.0,0.0,23779492.25,5,20
New Mexico,86,2021-05-30,0.0,Beverages,0.0,44895903.0,39125374.0,23779492.25,5,21
New Mexico,87,2021-06-06,48442417.0,Beverages,0.0,0.0,40897367.0,12226239.75,6,22
New Mexico,88,2021-06-13,0.0,Beverages,48442417.0,0.0,0.0,12110604.25,6,23
New Mexico,89,2021-06-20,0.0,Beverages,0.0,46213010.0,0.0,12110604.25,6,24
New Mexico,90,2021-06-27,0.0,Beverages,0.0,48904959.0,0.0,12110604.25,6,25
New Mexico,91,2021-07-04,50052131.0,Beverages,0.0,0.0,37379119.0,12110604.25,7,26
New Mexico,92,2021-07-11,50161187.0,Beverages,50052131.0,0.0,0.0,12513032.75,7,27
New Mexico,93,2021-07-18,0.0,Beverages,50161187.0,0.0,0.0,25053329.5,7,28
New Mexico,94,2021-07-25,0.0,Beverages,0.0,48442417.0,0.0,25053329.5,7,29
New Mexico,95,2021-08-01,47483782.0,Beverages,0.0,0.0,38562490.0,25053329.5,8,30
New Mexico,96,2021-08-08,50324064.0,Beverages,47483782.0,0.0,39597266.0,24411242.25,8,31
New Mexico,97,2021-08-15,0.0,Beverages,50324064.0,0.0,0.0,24451961.5,8,32
New Mexico,98,2021-08-22,0.0,Beverages,0.0,50052131.0,0.0,24451961.5,8,33
New Mexico,99,2021-08-29,0.0,Beverages,0.0,50161187.0,0.0,24451961.5,8,34
New Mexico,100,2021-09-05,49506690.0,Beverages,0.0,0.0,40691767.0,12581016.0,9,35
New Mexico,101,2021-09-12,47013547.0,Beverages,49506690.0,0.0,0.0,12376672.5,9,36
New Mexico,102,2021-09-19,0.0,Beverages,47013547.0,47483782.0,0.0,24130059.25,9,37
New Mexico,103,2021-09-26,0.0,Beverages,0.0,50324064.0,0.0,24130059.25,9,38
New Mexico,104,2021-10-03,65423332.0,Beverages,0.0,0.0,43224896.0,24130059.25,10,39
New Mexico,105,2021-10-10,66629753.0,Beverages,65423332.0,0.0,0.0,28109219.75,10,40
New Mexico,106,2021-10-17,0.0,Beverages,66629753.0,0.0,0.0,33013271.25,10,41
New Mexico,107,2021-10-24,0.0,Beverages,0.0,49506690.0,0.0,33013271.25,10,42
New Mexico,108,2021-10-31,0.0,Beverages,0.0,47013547.0,43942929.0,33013271.25,10,43
New Mexico,109,2021-11-07,62953004.0,Beverages,0.0,0.0,44895903.0,16657438.25,11,44
New Mexico,110,2021-11-14,0.0,Beverages,62953004.0,0.0,0.0,15738251.0,11,45
New Mexico,111,2021-11-21,0.0,Beverages,0.0,65423332.0,0.0,15738251.0,11,46
New Mexico,112,2021-11-28,0.0,Beverages,0.0,66629753.0,46213010.0,15738251.0,11,47
New Mexico,113,2021-12-05,59227225.0,Beverages,0.0,0.0,48904959.0,15738251.0,12,48
New Mexico,114,2021-12-12,61694362.0,Beverages,59227225.0,0.0,0.0,14806806.25,12,49
New Mexico,115,2021-12-19,0.0,Beverages,61694362.0,0.0,0.0,30230396.75,12,50
New Mexico,116,2021-12-26,0.0,Beverages,0.0,62953004.0,0.0,30230396.75,12,51
New Mexico,117,2022-01-02,58452376.0,Beverages,0.0,0.0,48442417.0,30230396.75,1,52
New Mexico,118,2022-01-09,60024763.0,Beverages,58452376.0,0.0,0.0,30036684.5,1,1
New Mexico,119,2022-01-16,0.0,Beverages,60024763.0,0.0,0.0,29619284.75,1,2
New Mexico,120,2022-01-23,0.0,Beverages,0.0,59227225.0,0.0,29619284.75,1,3
New Mexico,121,2022-01-30,0.0,Beverages,0.0,61694362.0,50052131.0,29619284.75,1,4
New Mexico,122,2022-02-06,61032853.0,Beverages,0.0,0.0,50161187.0,15006190.75,2,5
New Mexico,123,2022-02-13,0.0,Beverages,61032853.0,0.0,0.0,15258213.25,2,6
New Mexico,124,2022-02-20,0.0,Beverages,0.0,58452376.0,0.0,15258213.25,2,7
New Mexico,125,2022-02-27,0.0,Beverages,0.0,60024763.0,47483782.0,15258213.25,2,8
New Mexico,126,2022-03-06,66017498.0,Beverages,0.0,0.0,50324064.0,15258213.25,3,9
New Mexico,127,2022-03-13,0.0,Beverages,66017498.0,0.0,0.0,16504374.5,3,10
New Mexico,128,2022-03-20,0.0,Beverages,0.0,0.0,0.0,16504374.5,3,11
New Mexico,129,2022-03-27,0.0,Beverages,0.0,61032853.0,0.0,16504374.5,3,12
New Mexico,130,2022-04-03,68359811.0,Beverages,0.0,0.0,49506690.0,16504374.5,4,13
New Mexico,131,2022-04-10,69547316.0,Beverages,68359811.0,0.0,47013547.0,17089952.75,4,14
New Mexico,132,2022-04-17,0.0,Beverages,69547316.0,0.0,0.0,34476781.75,4,15
New Mexico,133,2022-04-24,0.0,Beverages,0.0,66017498.0,0.0,34476781.75,4,16
New Mexico,134,2022-05-01,68515536.0,Beverages,0.0,0.0,65423332.0,34476781.75,5,17
New Mexico,135,2022-05-08,71471274.0,Beverages,68515536.0,0.0,66629753.0,34515713.0,5,18
New Mexico,136,2022-05-15,0.0,Beverages,71471274.0,0.0,0.0,34996702.5,5,19
New Mexico,137,2022-05-22,0.0,Beverages,0.0,68359811.0,0.0,34996702.5,5,20
New Mexico,138,2022-05-29,0.0,Beverages,0.0,69547316.0,0.0,34996702.5,5,21
New Mexico,139,2022-06-05,72200112.0,Beverages,0.0,0.0,62953004.0,17867818.5,6,22
New Mexico,140,2022-06-12,76599555.0,Beverages,72200112.0,0.0,0.0,18050028.0,6,23
New Mexico,141,2022-06-19,0.0,Beverages,76599555.0,68515536.0,0.0,37199916.75,6,24
New Mexico,142,2022-06-26,0.0,Beverages,0.0,71471274.0,0.0,37199916.75,6,25
New Mexico,143,2022-07-03,75155138.0,Beverages,0.0,0.0,59227225.0,37199916.75,7,26
New Mexico,144,2022-07-10,74360320.0,Beverages,75155138.0,0.0,61694362.0,37938673.25,7,27
New Mexico,145,2022-07-17,0.0,Beverages,74360320.0,0.0,0.0,37378864.5,7,28
New Mexico,146,2022-07-24,0.0,Beverages,0.0,72200112.0,0.0,37378864.5,7,29
New Mexico,147,2022-07-31,0.0,Beverages,0.0,76599555.0,58452376.0,37378864.5,7,30
New Mexico,148,2022-08-07,75824336.0,Beverages,0.0,0.0,60024763.0,18590080.0,8,31
New Mexico,149,2022-08-14,0.0,Beverages,75824336.0,0.0,0.0,18956084.0,8,32
New Mexico,150,2022-08-21,0.0,Beverages,0.0,75155138.0,0.0,18956084.0,8,33
New Mexico,151,2022-08-28,0.0,Beverages,0.0,74360320.0,0.0,18956084.0,8,34
New Mexico,152,2022-09-04,74102330.0,Beverages,0.0,0.0,61032853.0,18956084.0,9,35
New Mexico,153,2022-09-11,72981593.0,Beverages,74102330.0,0.0,0.0,18525582.5,9,36
New Mexico,154,2022-09-18,0.0,Beverages,72981593.0,0.0,0.0,36770980.75,9,37
New Mexico,155,2022-09-25,0.0,Beverages,0.0,75824336.0,0.0,36770980.75,9,38
New Mexico,156,2022-10-02,70959076.0,Beverages,0.0,0.0,66017498.0,36770980.75,10,39
New Mexico,157,2022-10-09,70765027.0,Beverages,70959076.0,0.0,0.0,35985167.25,10,40
New Mexico,158,2022-10-16,0.0,Beverages,70765027.0,0.0,0.0,35431025.75,10,41
New Mexico,159,2022-10-23,0.0,Beverages,0.0,74102330.0,0.0,35431025.75,10,42
New Mexico,160,2022-10-30,0.0,Beverages,0.0,72981593.0,68359811.0,35431025.75,10,43
New Mexico,161,2022-11-06,66563754.0,Beverages,0.0,0.0,69547316.0,17691256.75,11,44
New Mexico,162,2022-11-13,0.0,Beverages,66563754.0,0.0,0.0,16640938.5,11,45
New Mexico,163,2022-11-20,0.0,Beverages,0.0,70959076.0,0.0,16640938.5,11,46
New Mexico,164,2022-11-27,0.0,Beverages,0.0,70765027.0,68515536.0,16640938.5,11,47
New Mexico,165,2022-12-04,64130870.0,Beverages,0.0,0.0,71471274.0,16640938.5,12,48
New Mexico,166,2022-12-11,67537464.0,Beverages,64130870.0,0.0,0.0,16032717.5,12,49
New Mexico,167,2022-12-18,0.0,Beverages,67537464.0,0.0,0.0,32917083.5,12,50
New Mexico,168,2022-12-25,0.0,Beverages,0.0,66563754.0,0.0,32917083.5,12,51
New Mexico,169,2023-01-01,62124094.0,Beverages,0.0,0.0,72200112.0,32917083.5,1,52
New Mexico,170,2023-01-08,63821678.0,Beverages,62124094.0,0.0,76599555.0,32415389.5,1,1
New Mexico,171,2023-01-15,0.0,Beverages,63821678.0,0.0,0.0,31486443.0,1,2
New Mexico,172,2023-01-22,0.0,Beverages,0.0,64130870.0,0.0,31486443.0,1,3
New Mexico,173,2023-01-29,0.0,Beverages,0.0,67537464.0,75155138.0,31486443.0,1,4
New Mexico,174,2023-02-05,65781090.0,Beverages,0.0,0.0,74360320.0,15955419.5,2,5
New Mexico,175,2023-02-12,67950100.0,Beverages,65781090.0,0.0,0.0,16445272.5,2,6
New Mexico,176,2023-02-19,0.0,Beverages,67950100.0,62124094.0,0.0,33432797.5,2,7
New Mexico,177,2023-02-26,0.0,Beverages,0.0,63821678.0,0.0,33432797.5,2,8
New Mexico,178,2023-03-05,71026573.0,Beverages,0.0,0.0,75824336.0,33432797.5,3,9
New Mexico,179,2023-03-12,77737212.0,Beverages,71026573.0,0.0,0.0,34744168.25,3,10
New Mexico,180,2023-03-19,0.0,Beverages,77737212.0,0.0,0.0,37190946.25,3,11
New Mexico,181,2023-03-26,0.0,Beverages,0.0,65781090.0,0.0,37190946.25,3,12
New Mexico,182,2023-04-02,69116707.0,Beverages,0.0,67950100.0,74102330.0,37190946.25,4,13
New Mexico,183,2023-04-09,73606502.0,Beverages,69116707.0,0.0,72981593.0,36713479.75,4,14
New Mexico,184,2023-04-16,0.0,Beverages,73606502.0,0.0,0.0,35680802.25,4,15
New Mexico,185,2023-04-23,0.0,Beverages,0.0,71026573.0,0.0,35680802.25,4,16
New Mexico,186,2023-04-30,0.0,Beverages,0.0,77737212.0,70959076.0,35680802.25,4,17
New Mexico,187,2023-05-07,79488160.0,Beverages,0.0,0.0,70765027.0,18401625.5,5,18
New York,30,2020-05-03,254010485.0,Beverages,0.0,0.0,258592907.0,126994379.5,5,18
New York,31,2020-05-10,266107943.0,Beverages,254010485.0,0.0,0.0,127477000.75,5,19
New York,32,2020-05-17,0.0,Beverages,266107943.0,0.0,0.0,130029607.0,5,20
New York,33,2020-05-24,0.0,Beverages,0.0,252080000.0,0.0,130029607.0,5,21
New York,34,2020-05-31,0.0,Beverages,0.0,255897518.0,238220084.0,130029607.0,5,22
New York,35,2020-06-07,287660278.0,Beverages,0.0,0.0,245240120.0,66526985.75,6,23
New York,36,2020-06-14,0.0,Beverages,287660278.0,0.0,0.0,71915069.5,6,24
New York,37,2020-06-21,0.0,Beverages,0.0,254010485.0,0.0,71915069.5,6,25
New York,38,2020-06-28,0.0,Beverages,0.0,266107943.0,240815212.0,71915069.5,6,26
New York,39,2020-07-05,322977709.0,Beverages,0.0,0.0,240233769.0,71915069.5,7,27
New York,40,2020-07-12,301481910.0,Beverages,322977709.0,0.0,0.0,80744427.25,7,28
New York,41,2020-07-19,0.0,Beverages,301481910.0,0.0,0.0,156114904.75,7,29
New York,42,2020-07-26,0.0,Beverages,0.0,287660278.0,0.0,156114904.75,7,30
New York,43,2020-08-02,303165565.0,Beverages,0.0,0.0,245424005.0,156114904.75,8,31
New York,44,2020-08-09,293584276.0,Beverages,303165565.0,0.0,240445415.0,151161868.75,8,32
New York,45,2020-08-16,0.0,Beverages,293584276.0,0.0,0.0,149187460.25,8,33
New York,46,2020-08-23,0.0,Beverages,0.0,322977709.0,0.0,149187460.25,8,34
New York,47,2020-08-30,0.0,Beverages,0.0,301481910.0,240088803.0,149187460.25,8,35
New York,48,2020-09-06,277206444.0,Beverages,0.0,0.0,241490835.0,73396069.0,9,36
New York,49,2020-09-13,0.0,Beverages,277206444.0,0.0,0.0,69301611.0,9,37
New York,50,2020-09-20,0.0,Beverages,0.0,303165565.0,0.0,69301611.0,9,38
New York,51,2020-09-27,0.0,Beverages,0.0,293584276.0,243570108.0,69301611.0,9,39
New York,52,2020-10-04,264421970.0,Beverages,0.0,0.0,261730062.0,69301611.0,10,40
New York,53,2020-10-11,260363051.0,Beverages,264421970.0,0.0,0.0,66105492.5,10,41
New York,54,2020-10-18,0.0,Beverages,260363051.0,0.0,0.0,131196255.25,10,42
New York,55,2020-10-25,0.0,Beverages,0.0,277206444.0,0.0,131196255.25,10,43
New York,56,2020-11-01,242029203.0,Beverages,0.0,0.0,252080000.0,131196255.25,11,44
New York,57,2020-11-08,256085339.0,Beverages,242029203.0,0.0,255897518.0,125598063.5,11,45
New York,58,2020-11-15,0.0,Beverages,256085339.0,0.0,0.0,124528635.5,11,46
New York,59,2020-11-22,0.0,Beverages,0.0,264421970.0,0.0,124528635.5,11,47
New York,60,2020-11-29,0.0,Beverages,0.0,260363051.0,254010485.0,124528635.5,11,48
New York,61,2020-12-06,237551612.0,Beverages,0.0,0.0,266107943.0,64021334.75,12,49
New York,62,2020-12-13,0.0,Beverages,237551612.0,0.0,0.0,59387903.0,12,50
New York,63,2020-12-20,0.0,Beverages,0.0,242029203.0,0.0,59387903.0,12,51
New York,64,2020-12-27,0.0,Beverages,0.0,256085339.0,0.0,59387903.0,12,52
New York,65,2021-01-03,248280769.0,Beverages,0.0,0.0,287660278.0,59387903.0,1,53
New York,66,2021-01-10,250105857.0,Beverages,248280769.0,0.0,0.0,62070192.25,1,1
New York,67,2021-01-17,0.0,Beverages,250105857.0,0.0,0.0,124596656.5,1,2
New York,68,2021-01-24,0.0,Beverages,0.0,237551612.0,0.0,124596656.5,1,3
New York,69,2021-01-31,0.0,Beverages,0.0,0.0,322977709.0,124596656.5,1,4
New York,70,2021-02-07,252825598.0,Beverages,0.0,0.0,301481910.0,62526464.25,2,5
New York,71,2021-02-14,0.0,Beverages,252825598.0,0.0,0.0,63206399.5,2,6
New York,72,2021-02-21,0.0,Beverages,0.0,248280769.0,0.0,63206399.5,2,7
New York,73,2021-02-28,0.0,Beverages,0.0,250105857.0,303165565.0,63206399.5,2,8
New York,74,2021-03-07,265880962.0,Beverages,0.0,0.0,293584276.0,63206399.5,3,9
New York,75,2021-03-14,0.0,Beverages,265880962.0,0.0,0.0,66470240.5,3,10
New York,76,2021-03-21,0.0,Beverages,0.0,0.0,0.0,66470240.5,3,11
New York,77,2021-03-28,0.0,Beverages,0.0,252825598.0,0.0,66470240.5,3,12
New York,78,2021-04-04,260397144.0,Beverages,0.0,0.0,277206444.0,66470240.5,4,13
New York,79,2021-04-11,263431940.0,Beverages,260397144.0,0.0,0.0,65099286.0,4,14
New York,80,2021-04-18,0.0,Beverages,263431940.0,0.0,0.0,130957271.0,4,15
New York,81,2021-04-25,0.0,Beverages,0.0,265880962.0,0.0,130957271.0,4,16
New York,82,2021-05-02,265315458.0,Beverages,0.0,0.0,264421970.0,130957271.0,5,17
New York,83,2021-05-09,274095648.0,Beverages,265315458.0,0.0,260363051.0,132186849.5,5,18
New York,84,2021-05-16,0.0,Beverages,274095648.0,0.0,0.0,134852776.5,5,19
New York,85,2021-05-23,0.0,Beverages,0.0,260397144.0,0.0,134852776.5,5,20
New York,86,2021-05-30,0.0,Beverages,0.0,263431940.0,242029203.0,134852776.5,5,21
New York,87,2021-06-06,287621787.0,Beverages,0.0,0.0,256085339.0,68523912.0,6,22
New York,88,2021-06-13,0.0,Beverages,287621787.0,0.0,0.0,71905446.75,6,23
New York,89,2021-06-20,0.0,Beverages,0.0,265315458.0,0.0,71905446.75,6,24
New York,90,2021-06-27,0.0,Beverages,0.0,274095648.0,0.0,71905446.75,6,25
New York,91,2021-07-04,324347057.0,Beverages,0.0,0.0,237551612.0,71905446.75,7,26
New York,92,2021-07-11,302761906.0,Beverages,324347057.0,0.0,0.0,81086764.25,7,27
New York,93,2021-07-18,0.0,Beverages,302761906.0,0.0,0.0,156777240.75,7,28
New York,94,2021-07-25,0.0,Beverages,0.0,287621787.0,0.0,156777240.75,7,29
New York,95,2021-08-01,301849752.0,Beverages,0.0,0.0,248280769.0,156777240.75,8,30
New York,96,2021-08-08,303039915.0,Beverages,301849752.0,0.0,250105857.0,151152914.5,8,31
New York,97,2021-08-15,0.0,Beverages,303039915.0,0.0,0.0,151222416.75,8,32
New York,98,2021-08-22,0.0,Beverages,0.0,324347057.0,0.0,151222416.75,8,33
New York,99,2021-08-29,0.0,Beverages,0.0,302761906.0,0.0,151222416.75,8,34
New York,100,2021-09-05,295669694.0,Beverages,0.0,0.0,252825598.0,75759978.75,9,35
New York,101,2021-09-12,286048551.0,Beverages,295669694.0,0.0,0.0,73917423.5,9,36
New York,102,2021-09-19,0.0,Beverages,286048551.0,301849752.0,0.0,145429561.25,9,37
New York,103,2021-09-26,0.0,Beverages,0.0,303039915.0,0.0,145429561.25,9,38
New York,104,2021-10-03,403887300.0,Beverages,0.0,0.0,265880962.0,145429561.25,10,39
New York,105,2021-10-10,403148965.0,Beverages,403887300.0,0.0,0.0,172483962.75,10,40
New York,106,2021-10-17,0.0,Beverages,403148965.0,0.0,0.0,201759066.25,10,41
New York,107,2021-10-24,0.0,Beverages,0.0,295669694.0,0.0,201759066.25,10,42
New York,108,2021-10-31,0.0,Beverages,0.0,286048551.0,260397144.0,201759066.25,10,43
New York,109,2021-11-07,387419582.0,Beverages,0.0,0.0,263431940.0,100787241.25,11,44
New York,110,2021-11-14,0.0,Beverages,387419582.0,0.0,0.0,96854895.5,11,45
New York,111,2021-11-21,0.0,Beverages,0.0,403887300.0,0.0,96854895.5,11,46
New York,112,2021-11-28,0.0,Beverages,0.0,403148965.0,265315458.0,96854895.5,11,47
New York,113,2021-12-05,373755427.0,Beverages,0.0,0.0,274095648.0,96854895.5,12,48
New York,114,2021-12-12,389500262.0,Beverages,373755427.0,0.0,0.0,93438856.75,12,49
New York,115,2021-12-19,0.0,Beverages,389500262.0,0.0,0.0,190813922.25,12,50
New York,116,2021-12-26,0.0,Beverages,0.0,387419582.0,0.0,190813922.25,12,51
New York,117,2022-01-02,377001512.0,Beverages,0.0,0.0,287621787.0,190813922.25,1,52
New York,118,2022-01-09,379375721.0,Beverages,377001512.0,0.0,0.0,191625443.5,1,1
New York,119,2022-01-16,0.0,Beverages,379375721.0,0.0,0.0,189094308.25,1,2
New York,120,2022-01-23,0.0,Beverages,0.0,373755427.0,0.0,189094308.25,1,3
New York,121,2022-01-30,0.0,Beverages,0.0,389500262.0,324347057.0,189094308.25,1,4
New York,122,2022-02-06,378756475.0,Beverages,0.0,0.0,302761906.0,94843930.25,2,5
New York,123,2022-02-13,0.0,Beverages,378756475.0,0.0,0.0,94689118.75,2,6
New York,124,2022-02-20,0.0,Beverages,0.0,377001512.0,0.0,94689118.75,2,7
New York,125,2022-02-27,0.0,Beverages,0.0,379375721.0,301849752.0,94689118.75,2,8
New York,126,2022-03-06,390502426.0,Beverages,0.0,0.0,303039915.0,94689118.75,3,9
New York,127,2022-03-13,0.0,Beverages,390502426.0,0.0,0.0,97625606.5,3,10
New York,128,2022-03-20,0.0,Beverages,0.0,0.0,0.0,97625606.5,3,11
New York,129,2022-03-27,0.0,Beverages,0.0,378756475.0,0.0,97625606.5,3,12
New York,130,2022-04-03,402829224.0,Beverages,0.0,0.0,295669694.0,97625606.5,4,13
New York,131,2022-04-10,408505909.0,Beverages,402829224.0,0.0,286048551.0,100707306.0,4,14
New York,132,2022-04-17,0.0,Beverages,408505909.0,0.0,0.0,202833783.25,4,15
New York,133,2022-04-24,0.0,Beverages,0.0,390502426.0,0.0,202833783.25,4,16
New York,134,2022-05-01,409395897.0,Beverages,0.0,0.0,403887300.0,202833783.25,5,17
New York,135,2022-05-08,423986355.0,Beverages,409395897.0,0.0,403148965.0,204475451.5,5,18
New York,136,2022-05-15,0.0,Beverages,423986355.0,0.0,0.0,208345563.0,5,19
New York,137,2022-05-22,0.0,Beverages,0.0,402829224.0,0.0,208345563.0,5,20
New York,138,2022-05-29,0.0,Beverages,0.0,408505909.0,0.0,208345563.0,5,21
New York,139,2022-06-05,452815638.0,Beverages,0.0,0.0,387419582.0,105996588.75,6,22
New York,140,2022-06-12,463353692.0,Beverages,452815638.0,0.0,0.0,113203909.5,6,23
New York,141,2022-06-19,0.0,Beverages,463353692.0,409395897.0,0.0,229042332.5,6,24
New York,142,2022-06-26,0.0,Beverages,0.0,423986355.0,0.0,229042332.5,6,25
New York,143,2022-07-03,505790145.0,Beverages,0.0,0.0,373755427.0,229042332.5,7,26
New York,144,2022-07-10,469314536.0,Beverages,505790145.0,0.0,389500262.0,242285959.25,7,27
New York,145,2022-07-17,0.0,Beverages,469314536.0,0.0,0.0,243776170.25,7,28
New York,146,2022-07-24,0.0,Beverages,0.0,452815638.0,0.0,243776170.25,7,29
New York,147,2022-07-31,0.0,Beverages,0.0,463353692.0,377001512.0,243776170.25,7,30
New York,148,2022-08-07,471705695.0,Beverages,0.0,0.0,379375721.0,117328634.0,8,31
New York,149,2022-08-14,0.0,Beverages,471705695.0,0.0,0.0,117926423.75,8,32
New York,150,2022-08-21,0.0,Beverages,0.0,505790145.0,0.0,117926423.75,8,33
New York,151,2022-08-28,0.0,Beverages,0.0,469314536.0,0.0,117926423.75,8,34
New York,152,2022-09-04,454228372.0,Beverages,0.0,0.0,378756475.0,117926423.75,9,35
New York,153,2022-09-11,436726667.0,Beverages,454228372.0,0.0,0.0,113557093.0,9,36
New York,154,2022-09-18,0.0,Beverages,436726667.0,0.0,0.0,222738759.75,9,37
New York,155,2022-09-25,0.0,Beverages,0.0,471705695.0,0.0,222738759.75,9,38
New York,156,2022-10-02,420702848.0,Beverages,0.0,0.0,390502426.0,222738759.75,10,39
New York,157,2022-10-09,423193051.0,Beverages,420702848.0,0.0,0.0,214357378.75,10,40
New York,158,2022-10-16,0.0,Beverages,423193051.0,0.0,0.0,210973974.75,10,41
New York,159,2022-10-23,0.0,Beverages,0.0,454228372.0,0.0,210973974.75,10,42
New York,160,2022-10-30,0.0,Beverages,0.0,436726667.0,402829224.0,210973974.75,10,43
New York,161,2022-11-06,414658873.0,Beverages,0.0,0.0,408505909.0,105798262.75,11,44
New York,162,2022-11-13,0.0,Beverages,414658873.0,0.0,0.0,103664718.25,11,45
New York,163,2022-11-20,0.0,Beverages,0.0,420702848.0,0.0,103664718.25,11,46
New York,164,2022-11-27,0.0,Beverages,0.0,423193051.0,409395897.0,103664718.25,11,47
New York,165,2022-12-04,390891171.0,Beverages,0.0,0.0,423986355.0,103664718.25,12,48
New York,166,2022-12-11,417981285.0,Beverages,390891171.0,0.0,0.0,97722792.75,12,49
New York,167,2022-12-18,0.0,Beverages,417981285.0,0.0,0.0,202218114.0,12,50
New York,168,2022-12-25,0.0,Beverages,0.0,414658873.0,0.0,202218114.0,12,51
New York,169,2023-01-01,398803114.0,Beverages,0.0,0.0,452815638.0,202218114.0,1,52
New York,170,2023-01-08,401146602.0,Beverages,398803114.0,0.0,463353692.0,204196099.75,1,1
New York,171,2023-01-15,0.0,Beverages,401146602.0,0.0,0.0,199987429.0,1,2
New York,172,2023-01-22,0.0,Beverages,0.0,390891171.0,0.0,199987429.0,1,3
New York,173,2023-01-29,0.0,Beverages,0.0,417981285.0,505790145.0,199987429.0,1,4
New York,174,2023-02-05,398935375.0,Beverages,0.0,0.0,469314536.0,100286650.5,2,5
New York,175,2023-02-12,416142348.0,Beverages,398935375.0,0.0,0.0,99733843.75,2,6
New York,176,2023-02-19,0.0,Beverages,416142348.0,398803114.0,0.0,203769430.75,2,7
New York,177,2023-02-26,0.0,Beverages,0.0,401146602.0,0.0,203769430.75,2,8
New York,178,2023-03-05,426576706.0,Beverages,0.0,0.0,471705695.0,203769430.75,3,9
New York,179,2023-03-12,462900603.0,Beverages,426576706.0,0.0,0.0,210679763.5,3,10
New York,180,2023-03-19,0.0,Beverages,462900603.0,0.0,0.0,222369327.25,3,11
New York,181,2023-03-26,0.0,Beverages,0.0,398935375.0,0.0,222369327.25,3,12
New York,182,2023-04-02,413078348.0,Beverages,0.0,416142348.0,454228372.0,222369327.25,4,13
New York,183,2023-04-09,437785678.0,Beverages,413078348.0,0.0,436726667.0,218994737.75,4,14
New York,184,2023-04-16,0.0,Beverages,437785678.0,0.0,0.0,212716006.5,4,15
New York,185,2023-04-23,0.0,Beverages,0.0,426576706.0,0.0,212716006.5,4,16
New York,186,2023-04-30,0.0,Beverages,0.0,462900603.0,420702848.0,212716006.5,4,17
New York,187,2023-05-07,448720270.0,Beverages,0.0,0.0,423193051.0,109446419.5,5,18
North Carolina,30,2020-05-03,218258711.0,Beverages,0.0,0.0,212919688.0,101702516.25,5,18
North Carolina,31,2020-05-10,214465564.0,Beverages,218258711.0,0.0,0.0,105834660.0,5,19
North Carolina,32,2020-05-17,0.0,Beverages,214465564.0,0.0,0.0,108181068.75,5,20
North Carolina,33,2020-05-24,0.0,Beverages,0.0,201730136.0,0.0,108181068.75,5,21
North Carolina,34,2020-05-31,0.0,Beverages,0.0,205079929.0,188325661.0,108181068.75,5,22
North Carolina,35,2020-06-07,227809117.0,Beverages,0.0,0.0,188606221.0,53616391.0,6,23
North Carolina,36,2020-06-14,0.0,Beverages,227809117.0,0.0,0.0,56952279.25,6,24
North Carolina,37,2020-06-21,0.0,Beverages,0.0,218258711.0,0.0,56952279.25,6,25
North Carolina,38,2020-06-28,0.0,Beverages,0.0,214465564.0,182341458.0,56952279.25,6,26
North Carolina,39,2020-07-05,241370137.0,Beverages,0.0,0.0,190647025.0,56952279.25,7,27
North Carolina,40,2020-07-12,227165539.0,Beverages,241370137.0,0.0,0.0,60342534.25,7,28
North Carolina,41,2020-07-19,0.0,Beverages,227165539.0,0.0,0.0,117133919.0,7,29
North Carolina,42,2020-07-26,0.0,Beverages,0.0,227809117.0,0.0,117133919.0,7,30
North Carolina,43,2020-08-02,234057033.0,Beverages,0.0,0.0,178890818.0,117133919.0,8,31
North Carolina,44,2020-08-09,229864947.0,Beverages,234057033.0,0.0,183461142.0,115305643.0,8,32
North Carolina,45,2020-08-16,0.0,Beverages,229864947.0,0.0,0.0,115980495.0,8,33
North Carolina,46,2020-08-23,0.0,Beverages,0.0,241370137.0,0.0,115980495.0,8,34
North Carolina,47,2020-08-30,0.0,Beverages,0.0,227165539.0,186628120.0,115980495.0,8,35
North Carolina,48,2020-09-06,236127507.0,Beverages,0.0,0.0,184957410.0,57466236.75,9,36
North Carolina,49,2020-09-13,0.0,Beverages,236127507.0,0.0,0.0,59031876.75,9,37
North Carolina,50,2020-09-20,0.0,Beverages,0.0,234057033.0,0.0,59031876.75,9,38
North Carolina,51,2020-09-27,0.0,Beverages,0.0,229864947.0,191518855.0,59031876.75,9,39
North Carolina,52,2020-10-04,219051176.0,Beverages,0.0,0.0,196435895.0,59031876.75,10,40
North Carolina,53,2020-10-11,214391731.0,Beverages,219051176.0,0.0,0.0,54762794.0,10,41
North Carolina,54,2020-10-18,0.0,Beverages,214391731.0,0.0,0.0,108360726.75,10,42
North Carolina,55,2020-10-25,0.0,Beverages,0.0,236127507.0,0.0,108360726.75,10,43
North Carolina,56,2020-11-01,206272025.0,Beverages,0.0,0.0,201730136.0,108360726.75,11,44
North Carolina,57,2020-11-08,205375020.0,Beverages,206272025.0,0.0,205079929.0,105165939.0,11,45
North Carolina,58,2020-11-15,0.0,Beverages,205375020.0,0.0,0.0,102911761.25,11,46
North Carolina,59,2020-11-22,0.0,Beverages,0.0,219051176.0,0.0,102911761.25,11,47
North Carolina,60,2020-11-29,0.0,Beverages,0.0,214391731.0,218258711.0,102911761.25,11,48
North Carolina,61,2020-12-06,195796595.0,Beverages,0.0,0.0,214465564.0,51343755.0,12,49
North Carolina,62,2020-12-13,0.0,Beverages,195796595.0,0.0,0.0,48949148.75,12,50
North Carolina,63,2020-12-20,0.0,Beverages,0.0,206272025.0,0.0,48949148.75,12,51
North Carolina,64,2020-12-27,0.0,Beverages,0.0,205375020.0,0.0,48949148.75,12,52
North Carolina,65,2021-01-03,197454738.0,Beverages,0.0,0.0,227809117.0,48949148.75,1,53
North Carolina,66,2021-01-10,198023453.0,Beverages,197454738.0,0.0,0.0,49363684.5,1,1
North Carolina,67,2021-01-17,0.0,Beverages,198023453.0,0.0,0.0,98869547.75,1,2
North Carolina,68,2021-01-24,0.0,Beverages,0.0,195796595.0,0.0,98869547.75,1,3
North Carolina,69,2021-01-31,0.0,Beverages,0.0,0.0,241370137.0,98869547.75,1,4
North Carolina,70,2021-02-07,197921622.0,Beverages,0.0,0.0,227165539.0,49505863.25,2,5
North Carolina,71,2021-02-14,0.0,Beverages,197921622.0,0.0,0.0,49480405.5,2,6
North Carolina,72,2021-02-21,0.0,Beverages,0.0,197454738.0,0.0,49480405.5,2,7
North Carolina,73,2021-02-28,0.0,Beverages,0.0,198023453.0,234057033.0,49480405.5,2,8
North Carolina,74,2021-03-07,213801184.0,Beverages,0.0,0.0,229864947.0,49480405.5,3,9
North Carolina,75,2021-03-14,0.0,Beverages,213801184.0,0.0,0.0,53450296.0,3,10
North Carolina,76,2021-03-21,0.0,Beverages,0.0,0.0,0.0,53450296.0,3,11
North Carolina,77,2021-03-28,0.0,Beverages,0.0,197921622.0,0.0,53450296.0,3,12
North Carolina,78,2021-04-04,218644433.0,Beverages,0.0,0.0,236127507.0,53450296.0,4,13
North Carolina,79,2021-04-11,227854030.0,Beverages,218644433.0,0.0,0.0,54661108.25,4,14
North Carolina,80,2021-04-18,0.0,Beverages,227854030.0,0.0,0.0,111624615.75,4,15
North Carolina,81,2021-04-25,0.0,Beverages,0.0,213801184.0,0.0,111624615.75,4,16
North Carolina,82,2021-05-02,234669454.0,Beverages,0.0,0.0,219051176.0,111624615.75,5,17
North Carolina,83,2021-05-09,232823526.0,Beverages,234669454.0,0.0,214391731.0,115630871.0,5,18
North Carolina,84,2021-05-16,0.0,Beverages,232823526.0,0.0,0.0,116873245.0,5,19
North Carolina,85,2021-05-23,0.0,Beverages,0.0,218644433.0,0.0,116873245.0,5,20
North Carolina,86,2021-05-30,0.0,Beverages,0.0,227854030.0,206272025.0,116873245.0,5,21
North Carolina,87,2021-06-06,245680592.0,Beverages,0.0,0.0,205375020.0,58205881.5,6,22
North Carolina,88,2021-06-13,0.0,Beverages,245680592.0,0.0,0.0,61420148.0,6,23
North Carolina,89,2021-06-20,0.0,Beverages,0.0,234669454.0,0.0,61420148.0,6,24
North Carolina,90,2021-06-27,0.0,Beverages,0.0,232823526.0,0.0,61420148.0,6,25
North Carolina,91,2021-07-04,262767858.0,Beverages,0.0,0.0,195796595.0,61420148.0,7,26
North Carolina,92,2021-07-11,243558258.0,Beverages,262767858.0,0.0,0.0,65691964.5,7,27
North Carolina,93,2021-07-18,0.0,Beverages,243558258.0,0.0,0.0,126581529.0,7,28
North Carolina,94,2021-07-25,0.0,Beverages,0.0,245680592.0,0.0,126581529.0,7,29
North Carolina,95,2021-08-01,259772020.0,Beverages,0.0,0.0,197454738.0,126581529.0,8,30
North Carolina,96,2021-08-08,250510025.0,Beverages,259772020.0,0.0,198023453.0,125832569.5,8,31
North Carolina,97,2021-08-15,0.0,Beverages,250510025.0,0.0,0.0,127570511.25,8,32
North Carolina,98,2021-08-22,0.0,Beverages,0.0,262767858.0,0.0,127570511.25,8,33
North Carolina,99,2021-08-29,0.0,Beverages,0.0,243558258.0,0.0,127570511.25,8,34
North Carolina,100,2021-09-05,255605154.0,Beverages,0.0,0.0,197921622.0,62627506.25,9,35
North Carolina,101,2021-09-12,237152612.0,Beverages,255605154.0,0.0,0.0,63901288.5,9,36
North Carolina,102,2021-09-19,0.0,Beverages,237152612.0,259772020.0,0.0,123189441.5,9,37
North Carolina,103,2021-09-26,0.0,Beverages,0.0,250510025.0,0.0,123189441.5,9,38
North Carolina,104,2021-10-03,339832033.0,Beverages,0.0,0.0,213801184.0,123189441.5,10,39
North Carolina,105,2021-10-10,329225663.0,Beverages,339832033.0,0.0,0.0,144246161.25,10,40
North Carolina,106,2021-10-17,0.0,Beverages,329225663.0,0.0,0.0,167264424.0,10,41
North Carolina,107,2021-10-24,0.0,Beverages,0.0,255605154.0,0.0,167264424.0,10,42
North Carolina,108,2021-10-31,0.0,Beverages,0.0,237152612.0,218644433.0,167264424.0,10,43
North Carolina,109,2021-11-07,314989401.0,Beverages,0.0,0.0,227854030.0,82306415.75,11,44
North Carolina,110,2021-11-14,0.0,Beverages,314989401.0,0.0,0.0,78747350.25,11,45
North Carolina,111,2021-11-21,0.0,Beverages,0.0,339832033.0,0.0,78747350.25,11,46
North Carolina,112,2021-11-28,0.0,Beverages,0.0,329225663.0,234669454.0,78747350.25,11,47
North Carolina,113,2021-12-05,316615927.0,Beverages,0.0,0.0,232823526.0,78747350.25,12,48
North Carolina,114,2021-12-12,304892072.0,Beverages,316615927.0,0.0,0.0,79153981.75,12,49
North Carolina,115,2021-12-19,0.0,Beverages,304892072.0,0.0,0.0,155376999.75,12,50
North Carolina,116,2021-12-26,0.0,Beverages,0.0,314989401.0,0.0,155376999.75,12,51
North Carolina,117,2022-01-02,307769919.0,Beverages,0.0,0.0,245680592.0,155376999.75,1,52
North Carolina,118,2022-01-09,307415597.0,Beverages,307769919.0,0.0,0.0,153165497.75,1,1
North Carolina,119,2022-01-16,0.0,Beverages,307415597.0,0.0,0.0,153796379.0,1,2
North Carolina,120,2022-01-23,0.0,Beverages,0.0,316615927.0,0.0,153796379.0,1,3
North Carolina,121,2022-01-30,0.0,Beverages,0.0,304892072.0,262767858.0,153796379.0,1,4
North Carolina,122,2022-02-06,307446659.0,Beverages,0.0,0.0,243558258.0,76853899.25,2,5
North Carolina,123,2022-02-13,0.0,Beverages,307446659.0,0.0,0.0,76861664.75,2,6
North Carolina,124,2022-02-20,0.0,Beverages,0.0,307769919.0,0.0,76861664.75,2,7
North Carolina,125,2022-02-27,0.0,Beverages,0.0,307415597.0,259772020.0,76861664.75,2,8
North Carolina,126,2022-03-06,327412713.0,Beverages,0.0,0.0,250510025.0,76861664.75,3,9
North Carolina,127,2022-03-13,0.0,Beverages,327412713.0,0.0,0.0,81853178.25,3,10
North Carolina,128,2022-03-20,0.0,Beverages,0.0,0.0,0.0,81853178.25,3,11
North Carolina,129,2022-03-27,0.0,Beverages,0.0,307446659.0,0.0,81853178.25,3,12
North Carolina,130,2022-04-03,335983497.0,Beverages,0.0,0.0,255605154.0,81853178.25,4,13
North Carolina,131,2022-04-10,345884805.0,Beverages,335983497.0,0.0,237152612.0,83995874.25,4,14
North Carolina,132,2022-04-17,0.0,Beverages,345884805.0,0.0,0.0,170467075.5,4,15
North Carolina,133,2022-04-24,0.0,Beverages,0.0,327412713.0,0.0,170467075.5,4,16
North Carolina,134,2022-05-01,359106865.0,Beverages,0.0,0.0,339832033.0,170467075.5,5,17
North Carolina,135,2022-05-08,354025895.0,Beverages,359106865.0,0.0,329225663.0,176247917.5,5,18
North Carolina,136,2022-05-15,0.0,Beverages,354025895.0,0.0,0.0,178283190.0,5,19
North Carolina,137,2022-05-22,0.0,Beverages,0.0,335983497.0,0.0,178283190.0,5,20
North Carolina,138,2022-05-29,0.0,Beverages,0.0,345884805.0,0.0,178283190.0,5,21
North Carolina,139,2022-06-05,360594346.0,Beverages,0.0,0.0,314989401.0,88506473.75,6,22
North Carolina,140,2022-06-12,365018163.0,Beverages,360594346.0,0.0,0.0,90148586.5,6,23
North Carolina,141,2022-06-19,0.0,Beverages,365018163.0,359106865.0,0.0,181403127.25,6,24
North Carolina,142,2022-06-26,0.0,Beverages,0.0,354025895.0,0.0,181403127.25,6,25
North Carolina,143,2022-07-03,391066707.0,Beverages,0.0,0.0,316615927.0,181403127.25,7,26
North Carolina,144,2022-07-10,364210620.0,Beverages,391066707.0,0.0,304892072.0,189021217.5,7,27
North Carolina,145,2022-07-17,0.0,Beverages,364210620.0,0.0,0.0,188819331.75,7,28
North Carolina,146,2022-07-24,0.0,Beverages,0.0,360594346.0,0.0,188819331.75,7,29
North Carolina,147,2022-07-31,0.0,Beverages,0.0,365018163.0,307769919.0,188819331.75,7,30
North Carolina,148,2022-08-07,385628351.0,Beverages,0.0,0.0,307415597.0,91052655.0,8,31
North Carolina,149,2022-08-14,0.0,Beverages,385628351.0,0.0,0.0,96407087.75,8,32
North Carolina,150,2022-08-21,0.0,Beverages,0.0,391066707.0,0.0,96407087.75,8,33
North Carolina,151,2022-08-28,0.0,Beverages,0.0,364210620.0,0.0,96407087.75,8,34
North Carolina,152,2022-09-04,387763951.0,Beverages,0.0,0.0,307446659.0,96407087.75,9,35
North Carolina,153,2022-09-11,359529906.0,Beverages,387763951.0,0.0,0.0,96940987.75,9,36
North Carolina,154,2022-09-18,0.0,Beverages,359529906.0,0.0,0.0,186823464.25,9,37
North Carolina,155,2022-09-25,0.0,Beverages,0.0,385628351.0,0.0,186823464.25,9,38
North Carolina,156,2022-10-02,366438629.0,Beverages,0.0,0.0,327412713.0,186823464.25,10,39
North Carolina,157,2022-10-09,346157533.0,Beverages,366438629.0,0.0,0.0,181492133.75,10,40
North Carolina,158,2022-10-16,0.0,Beverages,346157533.0,0.0,0.0,178149040.5,10,41
North Carolina,159,2022-10-23,0.0,Beverages,0.0,387763951.0,0.0,178149040.5,10,42
North Carolina,160,2022-10-30,0.0,Beverages,0.0,359529906.0,335983497.0,178149040.5,10,43
North Carolina,161,2022-11-06,336065450.0,Beverages,0.0,0.0,345884805.0,86539383.25,11,44
North Carolina,162,2022-11-13,0.0,Beverages,336065450.0,0.0,0.0,84016362.5,11,45
North Carolina,163,2022-11-20,0.0,Beverages,0.0,366438629.0,0.0,84016362.5,11,46
North Carolina,164,2022-11-27,0.0,Beverages,0.0,346157533.0,359106865.0,84016362.5,11,47
North Carolina,165,2022-12-04,329838246.0,Beverages,0.0,0.0,354025895.0,84016362.5,12,48
North Carolina,166,2022-12-11,331479550.0,Beverages,329838246.0,0.0,0.0,82459561.5,12,49
North Carolina,167,2022-12-18,0.0,Beverages,331479550.0,0.0,0.0,165329449.0,12,50
North Carolina,168,2022-12-25,0.0,Beverages,0.0,336065450.0,0.0,165329449.0,12,51
North Carolina,169,2023-01-01,329375264.0,Beverages,0.0,0.0,360594346.0,165329449.0,1,52
North Carolina,170,2023-01-08,322909955.0,Beverages,329375264.0,0.0,365018163.0,165213703.5,1,1
North Carolina,171,2023-01-15,0.0,Beverages,322909955.0,0.0,0.0,163071304.75,1,2
North Carolina,172,2023-01-22,0.0,Beverages,0.0,329838246.0,0.0,163071304.75,1,3
North Carolina,173,2023-01-29,0.0,Beverages,0.0,331479550.0,391066707.0,163071304.75,1,4
North Carolina,174,2023-02-05,324210092.0,Beverages,0.0,0.0,364210620.0,80727488.75,2,5
North Carolina,175,2023-02-12,331090097.0,Beverages,324210092.0,0.0,0.0,81052523.0,2,6
North Carolina,176,2023-02-19,0.0,Beverages,331090097.0,329375264.0,0.0,163825047.25,2,7
North Carolina,177,2023-02-26,0.0,Beverages,0.0,322909955.0,0.0,163825047.25,2,8
North Carolina,178,2023-03-05,352498465.0,Beverages,0.0,0.0,385628351.0,163825047.25,3,9
North Carolina,179,2023-03-12,382671103.0,Beverages,352498465.0,0.0,0.0,170897140.5,3,10
North Carolina,180,2023-03-19,0.0,Beverages,382671103.0,0.0,0.0,183792392.0,3,11
North Carolina,181,2023-03-26,0.0,Beverages,0.0,324210092.0,0.0,183792392.0,3,12
North Carolina,182,2023-04-02,350781557.0,Beverages,0.0,331090097.0,387763951.0,183792392.0,4,13
North Carolina,183,2023-04-09,359940244.0,Beverages,350781557.0,0.0,359529906.0,183363165.0,4,14
North Carolina,184,2023-04-16,0.0,Beverages,359940244.0,0.0,0.0,177680450.25,4,15
North Carolina,185,2023-04-23,0.0,Beverages,0.0,352498465.0,0.0,177680450.25,4,16
North Carolina,186,2023-04-30,0.0,Beverages,0.0,382671103.0,366438629.0,177680450.25,4,17
North Carolina,187,2023-05-07,373088425.0,Beverages,0.0,0.0,346157533.0,89985061.0,5,18
Ohio,30,2020-05-03,223836360.0,Beverages,0.0,0.0,219232699.0,106175097.0,5,18
Ohio,31,2020-05-10,226238937.0,Beverages,223836360.0,0.0,0.0,109465379.5,5,19
Ohio,32,2020-05-17,0.0,Beverages,226238937.0,0.0,0.0,112518824.25,5,20
Ohio,33,2020-05-24,0.0,Beverages,0.0,210675230.0,0.0,112518824.25,5,21
Ohio,34,2020-05-31,0.0,Beverages,0.0,214025158.0,198087098.0,112518824.25,5,22
Ohio,35,2020-06-07,241583579.0,Beverages,0.0,0.0,198142592.0,56559734.25,6,23
Ohio,36,2020-06-14,0.0,Beverages,241583579.0,0.0,0.0,60395894.75,6,24
Ohio,37,2020-06-21,0.0,Beverages,0.0,223836360.0,0.0,60395894.75,6,25
Ohio,38,2020-06-28,0.0,Beverages,0.0,226238937.0,194452564.0,60395894.75,6,26
Ohio,39,2020-07-05,267702631.0,Beverages,0.0,0.0,196752183.0,60395894.75,7,27
Ohio,40,2020-07-12,244679996.0,Beverages,267702631.0,0.0,0.0,66925657.75,7,28
Ohio,41,2020-07-19,0.0,Beverages,244679996.0,0.0,0.0,128095656.75,7,29
Ohio,42,2020-07-26,0.0,Beverages,0.0,241583579.0,0.0,128095656.75,7,30
Ohio,43,2020-08-02,238840787.0,Beverages,0.0,0.0,194707669.0,128095656.75,8,31
Ohio,44,2020-08-09,238780801.0,Beverages,238840787.0,0.0,195597051.0,120880195.75,8,32
Ohio,45,2020-08-16,0.0,Beverages,238780801.0,0.0,0.0,119405397.0,8,33
Ohio,46,2020-08-23,0.0,Beverages,0.0,267702631.0,0.0,119405397.0,8,34
Ohio,47,2020-08-30,0.0,Beverages,0.0,244679996.0,194171999.0,119405397.0,8,35
Ohio,48,2020-09-06,233961924.0,Beverages,0.0,0.0,194908906.0,59695200.25,9,36
Ohio,49,2020-09-13,0.0,Beverages,233961924.0,0.0,0.0,58490481.0,9,37
Ohio,50,2020-09-20,0.0,Beverages,0.0,238840787.0,0.0,58490481.0,9,38
Ohio,51,2020-09-27,0.0,Beverages,0.0,238780801.0,207137431.0,58490481.0,9,39
Ohio,52,2020-10-04,227625341.0,Beverages,0.0,0.0,210814996.0,58490481.0,10,40
Ohio,53,2020-10-11,222210218.0,Beverages,227625341.0,0.0,0.0,56906335.25,10,41
Ohio,54,2020-10-18,0.0,Beverages,222210218.0,0.0,0.0,112458889.75,10,42
Ohio,55,2020-10-25,0.0,Beverages,0.0,233961924.0,0.0,112458889.75,10,43
Ohio,56,2020-11-01,212163692.0,Beverages,0.0,0.0,210675230.0,112458889.75,11,44
Ohio,57,2020-11-08,214492819.0,Beverages,212163692.0,0.0,214025158.0,108593477.5,11,45
Ohio,58,2020-11-15,0.0,Beverages,214492819.0,0.0,0.0,106664127.75,11,46
Ohio,59,2020-11-22,0.0,Beverages,0.0,227625341.0,0.0,106664127.75,11,47
Ohio,60,2020-11-29,0.0,Beverages,0.0,222210218.0,223836360.0,106664127.75,11,48
Ohio,61,2020-12-06,203933466.0,Beverages,0.0,0.0,226238937.0,53623204.75,12,49
Ohio,62,2020-12-13,0.0,Beverages,203933466.0,0.0,0.0,50983366.5,12,50
Ohio,63,2020-12-20,0.0,Beverages,0.0,212163692.0,0.0,50983366.5,12,51
Ohio,64,2020-12-27,0.0,Beverages,0.0,214492819.0,0.0,50983366.5,12,52
Ohio,65,2021-01-03,206189548.0,Beverages,0.0,0.0,241583579.0,50983366.5,1,53
Ohio,66,2021-01-10,206010975.0,Beverages,206189548.0,0.0,0.0,51547387.0,1,1
Ohio,67,2021-01-17,0.0,Beverages,206010975.0,0.0,0.0,103050130.75,1,2
Ohio,68,2021-01-24,0.0,Beverages,0.0,203933466.0,0.0,103050130.75,1,3
Ohio,69,2021-01-31,0.0,Beverages,0.0,0.0,267702631.0,103050130.75,1,4
Ohio,70,2021-02-07,208721327.0,Beverages,0.0,0.0,244679996.0,51502743.75,2,5
Ohio,71,2021-02-14,0.0,Beverages,208721327.0,0.0,0.0,52180331.75,2,6
Ohio,72,2021-02-21,0.0,Beverages,0.0,206189548.0,0.0,52180331.75,2,7
Ohio,73,2021-02-28,0.0,Beverages,0.0,206010975.0,238840787.0,52180331.75,2,8
Ohio,74,2021-03-07,225933533.0,Beverages,0.0,0.0,238780801.0,52180331.75,3,9
Ohio,75,2021-03-14,0.0,Beverages,225933533.0,0.0,0.0,56483383.25,3,10
Ohio,76,2021-03-21,0.0,Beverages,0.0,0.0,0.0,56483383.25,3,11
Ohio,77,2021-03-28,0.0,Beverages,0.0,208721327.0,0.0,56483383.25,3,12
Ohio,78,2021-04-04,230104966.0,Beverages,0.0,0.0,233961924.0,56483383.25,4,13
Ohio,79,2021-04-11,228406975.0,Beverages,230104966.0,0.0,0.0,57526241.5,4,14
Ohio,80,2021-04-18,0.0,Beverages,228406975.0,0.0,0.0,114627985.25,4,15
Ohio,81,2021-04-25,0.0,Beverages,0.0,225933533.0,0.0,114627985.25,4,16
Ohio,82,2021-05-02,241188313.0,Beverages,0.0,0.0,227625341.0,114627985.25,5,17
Ohio,83,2021-05-09,239651791.0,Beverages,241188313.0,0.0,222210218.0,117398822.0,5,18
Ohio,84,2021-05-16,0.0,Beverages,239651791.0,0.0,0.0,120210026.0,5,19
Ohio,85,2021-05-23,0.0,Beverages,0.0,230104966.0,0.0,120210026.0,5,20
Ohio,86,2021-05-30,0.0,Beverages,0.0,228406975.0,212163692.0,120210026.0,5,21
Ohio,87,2021-06-06,255965467.0,Beverages,0.0,0.0,214492819.0,59912947.75,6,22
Ohio,88,2021-06-13,0.0,Beverages,255965467.0,0.0,0.0,63991366.75,6,23
Ohio,89,2021-06-20,0.0,Beverages,0.0,241188313.0,0.0,63991366.75,6,24
Ohio,90,2021-06-27,0.0,Beverages,0.0,239651791.0,0.0,63991366.75,6,25
Ohio,91,2021-07-04,285647804.0,Beverages,0.0,0.0,203933466.0,63991366.75,7,26
Ohio,92,2021-07-11,258660829.0,Beverages,285647804.0,0.0,0.0,71411951.0,7,27
Ohio,93,2021-07-18,0.0,Beverages,258660829.0,0.0,0.0,136077158.25,7,28
Ohio,94,2021-07-25,0.0,Beverages,0.0,255965467.0,0.0,136077158.25,7,29
Ohio,95,2021-08-01,258370632.0,Beverages,0.0,0.0,206189548.0,136077158.25,8,30
Ohio,96,2021-08-08,257301256.0,Beverages,258370632.0,0.0,206010975.0,129257865.25,8,31
Ohio,97,2021-08-15,0.0,Beverages,257301256.0,0.0,0.0,128917972.0,8,32
Ohio,98,2021-08-22,0.0,Beverages,0.0,285647804.0,0.0,128917972.0,8,33
Ohio,99,2021-08-29,0.0,Beverages,0.0,258660829.0,0.0,128917972.0,8,34
Ohio,100,2021-09-05,260169046.0,Beverages,0.0,0.0,208721327.0,64325314.0,9,35
Ohio,101,2021-09-12,244404075.0,Beverages,260169046.0,0.0,0.0,65042261.5,9,36
Ohio,102,2021-09-19,0.0,Beverages,244404075.0,258370632.0,0.0,126143280.25,9,37
Ohio,103,2021-09-26,0.0,Beverages,0.0,257301256.0,0.0,126143280.25,9,38
Ohio,104,2021-10-03,350738187.0,Beverages,0.0,0.0,225933533.0,126143280.25,10,39
Ohio,105,2021-10-10,347613232.0,Beverages,350738187.0,0.0,0.0,148785565.5,10,40
Ohio,106,2021-10-17,0.0,Beverages,347613232.0,0.0,0.0,174587854.75,10,41
Ohio,107,2021-10-24,0.0,Beverages,0.0,260169046.0,0.0,174587854.75,10,42
Ohio,108,2021-10-31,0.0,Beverages,0.0,244404075.0,230104966.0,174587854.75,10,43
Ohio,109,2021-11-07,330215048.0,Beverages,0.0,0.0,228406975.0,86903308.0,11,44
Ohio,110,2021-11-14,0.0,Beverages,330215048.0,0.0,0.0,82553762.0,11,45
Ohio,111,2021-11-21,0.0,Beverages,0.0,350738187.0,0.0,82553762.0,11,46
Ohio,112,2021-11-28,0.0,Beverages,0.0,347613232.0,241188313.0,82553762.0,11,47
Ohio,113,2021-12-05,318626998.0,Beverages,0.0,0.0,239651791.0,82553762.0,12,48
Ohio,114,2021-12-12,329606167.0,Beverages,318626998.0,0.0,0.0,79656749.5,12,49
Ohio,115,2021-12-19,0.0,Beverages,329606167.0,0.0,0.0,162058291.25,12,50
Ohio,116,2021-12-26,0.0,Beverages,0.0,330215048.0,0.0,162058291.25,12,51
Ohio,117,2022-01-02,317556878.0,Beverages,0.0,0.0,255965467.0,162058291.25,1,52
Ohio,118,2022-01-09,317735764.0,Beverages,317556878.0,0.0,0.0,161790761.25,1,1
Ohio,119,2022-01-16,0.0,Beverages,317735764.0,0.0,0.0,158823160.5,1,2
Ohio,120,2022-01-23,0.0,Beverages,0.0,318626998.0,0.0,158823160.5,1,3
Ohio,121,2022-01-30,0.0,Beverages,0.0,329606167.0,285647804.0,158823160.5,1,4
Ohio,122,2022-02-06,323243634.0,Beverages,0.0,0.0,258660829.0,79433941.0,2,5
Ohio,123,2022-02-13,0.0,Beverages,323243634.0,0.0,0.0,80810908.5,2,6
Ohio,124,2022-02-20,0.0,Beverages,0.0,317556878.0,0.0,80810908.5,2,7
Ohio,125,2022-02-27,0.0,Beverages,0.0,317735764.0,258370632.0,80810908.5,2,8
Ohio,126,2022-03-06,341919690.0,Beverages,0.0,0.0,257301256.0,80810908.5,3,9
Ohio,127,2022-03-13,0.0,Beverages,341919690.0,0.0,0.0,85479922.5,3,10
Ohio,128,2022-03-20,0.0,Beverages,0.0,0.0,0.0,85479922.5,3,11
Ohio,129,2022-03-27,0.0,Beverages,0.0,323243634.0,0.0,85479922.5,3,12
Ohio,130,2022-04-03,355092500.0,Beverages,0.0,0.0,260169046.0,85479922.5,4,13
Ohio,131,2022-04-10,354698622.0,Beverages,355092500.0,0.0,244404075.0,88773125.0,4,14
Ohio,132,2022-04-17,0.0,Beverages,354698622.0,0.0,0.0,177447780.5,4,15
Ohio,133,2022-04-24,0.0,Beverages,0.0,341919690.0,0.0,177447780.5,4,16
Ohio,134,2022-05-01,363505083.0,Beverages,0.0,0.0,350738187.0,177447780.5,5,17
Ohio,135,2022-05-08,362430701.0,Beverages,363505083.0,0.0,347613232.0,179550926.25,5,18
Ohio,136,2022-05-15,0.0,Beverages,362430701.0,0.0,0.0,181483946.0,5,19
Ohio,137,2022-05-22,0.0,Beverages,0.0,355092500.0,0.0,181483946.0,5,20
Ohio,138,2022-05-29,0.0,Beverages,0.0,354698622.0,0.0,181483946.0,5,21
Ohio,139,2022-06-05,379192217.0,Beverages,0.0,0.0,330215048.0,90607675.25,6,22
Ohio,140,2022-06-12,374709730.0,Beverages,379192217.0,0.0,0.0,94798054.25,6,23
Ohio,141,2022-06-19,0.0,Beverages,374709730.0,363505083.0,0.0,188475486.75,6,24
Ohio,142,2022-06-26,0.0,Beverages,0.0,362430701.0,0.0,188475486.75,6,25
Ohio,143,2022-07-03,422656741.0,Beverages,0.0,0.0,318626998.0,188475486.75,7,26
Ohio,144,2022-07-10,384253588.0,Beverages,422656741.0,0.0,329606167.0,199341617.75,7,27
Ohio,145,2022-07-17,0.0,Beverages,384253588.0,0.0,0.0,201727582.25,7,28
Ohio,146,2022-07-24,0.0,Beverages,0.0,379192217.0,0.0,201727582.25,7,29
Ohio,147,2022-07-31,0.0,Beverages,0.0,374709730.0,317556878.0,201727582.25,7,30
Ohio,148,2022-08-07,398641730.0,Beverages,0.0,0.0,317735764.0,96063397.0,8,31
Ohio,149,2022-08-14,0.0,Beverages,398641730.0,0.0,0.0,99660432.5,8,32
Ohio,150,2022-08-21,0.0,Beverages,0.0,422656741.0,0.0,99660432.5,8,33
Ohio,151,2022-08-28,0.0,Beverages,0.0,384253588.0,0.0,99660432.5,8,34
Ohio,152,2022-09-04,391219461.0,Beverages,0.0,0.0,323243634.0,99660432.5,9,35
Ohio,153,2022-09-11,374480054.0,Beverages,391219461.0,0.0,0.0,97804865.25,9,36
Ohio,154,2022-09-18,0.0,Beverages,374480054.0,0.0,0.0,191424878.75,9,37
Ohio,155,2022-09-25,0.0,Beverages,0.0,398641730.0,0.0,191424878.75,9,38
Ohio,156,2022-10-02,371926158.0,Beverages,0.0,0.0,341919690.0,191424878.75,10,39
Ohio,157,2022-10-09,367820685.0,Beverages,371926158.0,0.0,0.0,186601553.0,10,40
Ohio,158,2022-10-16,0.0,Beverages,367820685.0,0.0,0.0,184936710.75,10,41
Ohio,159,2022-10-23,0.0,Beverages,0.0,391219461.0,0.0,184936710.75,10,42
Ohio,160,2022-10-30,0.0,Beverages,0.0,374480054.0,355092500.0,184936710.75,10,43
Ohio,161,2022-11-06,352545430.0,Beverages,0.0,0.0,354698622.0,91955171.25,11,44
Ohio,162,2022-11-13,0.0,Beverages,352545430.0,0.0,0.0,88136357.5,11,45
Ohio,163,2022-11-20,0.0,Beverages,0.0,371926158.0,0.0,88136357.5,11,46
Ohio,164,2022-11-27,0.0,Beverages,0.0,367820685.0,363505083.0,88136357.5,11,47
Ohio,165,2022-12-04,338187047.0,Beverages,0.0,0.0,362430701.0,88136357.5,12,48
Ohio,166,2022-12-11,349988156.0,Beverages,338187047.0,0.0,0.0,84546761.75,12,49
Ohio,167,2022-12-18,0.0,Beverages,349988156.0,0.0,0.0,172043800.75,12,50
Ohio,168,2022-12-25,0.0,Beverages,0.0,352545430.0,0.0,172043800.75,12,51
Ohio,169,2023-01-01,334633506.0,Beverages,0.0,0.0,379192217.0,172043800.75,1,52
Ohio,170,2023-01-08,330617117.0,Beverages,334633506.0,0.0,374709730.0,171155415.5,1,1
Ohio,171,2023-01-15,0.0,Beverages,330617117.0,0.0,0.0,166312655.75,1,2
Ohio,172,2023-01-22,0.0,Beverages,0.0,338187047.0,0.0,166312655.75,1,3
Ohio,173,2023-01-29,0.0,Beverages,0.0,349988156.0,422656741.0,166312655.75,1,4
Ohio,174,2023-02-05,343769116.0,Beverages,0.0,0.0,384253588.0,82654279.25,2,5
Ohio,175,2023-02-12,351100217.0,Beverages,343769116.0,0.0,0.0,85942279.0,2,6
Ohio,176,2023-02-19,0.0,Beverages,351100217.0,334633506.0,0.0,173717333.25,2,7
Ohio,177,2023-02-26,0.0,Beverages,0.0,330617117.0,0.0,173717333.25,2,8
Ohio,178,2023-03-05,370462700.0,Beverages,0.0,0.0,398641730.0,173717333.25,3,9
Ohio,179,2023-03-12,396326368.0,Beverages,370462700.0,0.0,0.0,180390729.25,3,10
Ohio,180,2023-03-19,0.0,Beverages,396326368.0,0.0,0.0,191697267.0,3,11
Ohio,181,2023-03-26,0.0,Beverages,0.0,343769116.0,0.0,191697267.0,3,12
Ohio,182,2023-04-02,359887955.0,Beverages,0.0,351100217.0,391219461.0,191697267.0,4,13
Ohio,183,2023-04-09,373981010.0,Beverages,359887955.0,0.0,374480054.0,189053580.75,4,14
Ohio,184,2023-04-16,0.0,Beverages,373981010.0,0.0,0.0,183467241.25,4,15
Ohio,185,2023-04-23,0.0,Beverages,0.0,370462700.0,0.0,183467241.25,4,16
Ohio,186,2023-04-30,0.0,Beverages,0.0,396326368.0,371926158.0,183467241.25,4,17
Ohio,187,2023-05-07,385825886.0,Beverages,0.0,0.0,367820685.0,93495252.5,5,18
Oklahoma,30,2020-05-03,88871582.0,Beverages,0.0,0.0,85463186.0,42061045.75,5,18
Oklahoma,31,2020-05-10,87590117.0,Beverages,88871582.0,0.0,0.0,43350222.5,5,19
Oklahoma,32,2020-05-17,0.0,Beverages,87590117.0,0.0,0.0,44115424.75,5,20
Oklahoma,33,2020-05-24,0.0,Beverages,0.0,83714875.0,0.0,44115424.75,5,21
Oklahoma,34,2020-05-31,0.0,Beverages,0.0,84529308.0,78606324.0,44115424.75,5,22
Oklahoma,35,2020-06-07,94400100.0,Beverages,0.0,0.0,79735847.0,21897529.25,6,23
Oklahoma,36,2020-06-14,0.0,Beverages,94400100.0,0.0,0.0,23600025.0,6,24
Oklahoma,37,2020-06-21,0.0,Beverages,0.0,88871582.0,0.0,23600025.0,6,25
Oklahoma,38,2020-06-28,0.0,Beverages,0.0,87590117.0,77743070.0,23600025.0,6,26
Oklahoma,39,2020-07-05,99205083.0,Beverages,0.0,0.0,79333316.0,23600025.0,7,27
Oklahoma,40,2020-07-12,91139685.0,Beverages,99205083.0,0.0,0.0,24801270.75,7,28
Oklahoma,41,2020-07-19,0.0,Beverages,91139685.0,0.0,0.0,47586192.0,7,29
Oklahoma,42,2020-07-26,0.0,Beverages,0.0,94400100.0,0.0,47586192.0,7,30
Oklahoma,43,2020-08-02,90586373.0,Beverages,0.0,0.0,74745582.0,47586192.0,8,31
Oklahoma,44,2020-08-09,93480651.0,Beverages,90586373.0,0.0,76919151.0,45431514.5,8,32
Oklahoma,45,2020-08-16,0.0,Beverages,93480651.0,0.0,0.0,46016756.0,8,33
Oklahoma,46,2020-08-23,0.0,Beverages,0.0,99205083.0,0.0,46016756.0,8,34
Oklahoma,47,2020-08-30,0.0,Beverages,0.0,91139685.0,76740454.0,46016756.0,8,35
Oklahoma,48,2020-09-06,94396915.0,Beverages,0.0,0.0,76848767.0,23370162.75,9,36
Oklahoma,49,2020-09-13,0.0,Beverages,94396915.0,0.0,0.0,23599228.75,9,37
Oklahoma,50,2020-09-20,0.0,Beverages,0.0,90586373.0,0.0,23599228.75,9,38
Oklahoma,51,2020-09-27,0.0,Beverages,0.0,93480651.0,82141566.0,23599228.75,9,39
Oklahoma,52,2020-10-04,88335873.0,Beverages,0.0,0.0,85093040.0,23599228.75,10,40
Oklahoma,53,2020-10-11,87882414.0,Beverages,88335873.0,0.0,0.0,22083968.25,10,41
Oklahoma,54,2020-10-18,0.0,Beverages,87882414.0,0.0,0.0,44054571.75,10,42
Oklahoma,55,2020-10-25,0.0,Beverages,0.0,94396915.0,0.0,44054571.75,10,43
Oklahoma,56,2020-11-01,81182720.0,Beverages,0.0,0.0,83714875.0,44054571.75,11,44
Oklahoma,57,2020-11-08,86781884.0,Beverages,81182720.0,0.0,84529308.0,42266283.5,11,45
Oklahoma,58,2020-11-15,0.0,Beverages,86781884.0,0.0,0.0,41991151.0,11,46
Oklahoma,59,2020-11-22,0.0,Beverages,0.0,88335873.0,0.0,41991151.0,11,47
Oklahoma,60,2020-11-29,0.0,Beverages,0.0,87882414.0,88871582.0,41991151.0,11,48
Oklahoma,61,2020-12-06,80958930.0,Beverages,0.0,0.0,87590117.0,21695471.0,12,49
Oklahoma,62,2020-12-13,0.0,Beverages,80958930.0,0.0,0.0,20239732.5,12,50
Oklahoma,63,2020-12-20,0.0,Beverages,0.0,81182720.0,0.0,20239732.5,12,51
Oklahoma,64,2020-12-27,0.0,Beverages,0.0,86781884.0,0.0,20239732.5,12,52
Oklahoma,65,2021-01-03,79645363.0,Beverages,0.0,0.0,94400100.0,20239732.5,1,53
Oklahoma,66,2021-01-10,82319646.0,Beverages,79645363.0,0.0,0.0,19911340.75,1,1
Oklahoma,67,2021-01-17,0.0,Beverages,82319646.0,0.0,0.0,40491252.25,1,2
Oklahoma,68,2021-01-24,0.0,Beverages,0.0,80958930.0,0.0,40491252.25,1,3
Oklahoma,69,2021-01-31,0.0,Beverages,0.0,0.0,99205083.0,40491252.25,1,4
Oklahoma,70,2021-02-07,84110542.0,Beverages,0.0,0.0,91139685.0,20579911.5,2,5
Oklahoma,71,2021-02-14,0.0,Beverages,84110542.0,0.0,0.0,21027635.5,2,6
Oklahoma,72,2021-02-21,0.0,Beverages,0.0,79645363.0,0.0,21027635.5,2,7
Oklahoma,73,2021-02-28,0.0,Beverages,0.0,82319646.0,90586373.0,21027635.5,2,8
Oklahoma,74,2021-03-07,90099344.0,Beverages,0.0,0.0,93480651.0,21027635.5,3,9
Oklahoma,75,2021-03-14,0.0,Beverages,90099344.0,0.0,0.0,22524836.0,3,10
Oklahoma,76,2021-03-21,0.0,Beverages,0.0,0.0,0.0,22524836.0,3,11
Oklahoma,77,2021-03-28,0.0,Beverages,0.0,84110542.0,0.0,22524836.0,3,12
Oklahoma,78,2021-04-04,90092014.0,Beverages,0.0,0.0,94396915.0,22524836.0,4,13
Oklahoma,79,2021-04-11,90326404.0,Beverages,90092014.0,0.0,0.0,22523003.5,4,14
Oklahoma,80,2021-04-18,0.0,Beverages,90326404.0,0.0,0.0,45104604.5,4,15
Oklahoma,81,2021-04-25,0.0,Beverages,0.0,90099344.0,0.0,45104604.5,4,16
Oklahoma,82,2021-05-02,94001881.0,Beverages,0.0,0.0,88335873.0,45104604.5,5,17
Oklahoma,83,2021-05-09,96078346.0,Beverages,94001881.0,0.0,87882414.0,46082071.25,5,18
Oklahoma,84,2021-05-16,0.0,Beverages,96078346.0,0.0,0.0,47520056.75,5,19
Oklahoma,85,2021-05-23,0.0,Beverages,0.0,90092014.0,0.0,47520056.75,5,20
Oklahoma,86,2021-05-30,0.0,Beverages,0.0,90326404.0,81182720.0,47520056.75,5,21
Oklahoma,87,2021-06-06,98464486.0,Beverages,0.0,0.0,86781884.0,24019586.5,6,22
Oklahoma,88,2021-06-13,0.0,Beverages,98464486.0,0.0,0.0,24616121.5,6,23
Oklahoma,89,2021-06-20,0.0,Beverages,0.0,94001881.0,0.0,24616121.5,6,24
Oklahoma,90,2021-06-27,0.0,Beverages,0.0,96078346.0,0.0,24616121.5,6,25
Oklahoma,91,2021-07-04,101861976.0,Beverages,0.0,0.0,80958930.0,24616121.5,7,26
Oklahoma,92,2021-07-11,98249579.0,Beverages,101861976.0,0.0,0.0,25465494.0,7,27
Oklahoma,93,2021-07-18,0.0,Beverages,98249579.0,0.0,0.0,50027888.75,7,28
Oklahoma,94,2021-07-25,0.0,Beverages,0.0,98464486.0,0.0,50027888.75,7,29
Oklahoma,95,2021-08-01,97749346.0,Beverages,0.0,0.0,79645363.0,50027888.75,8,30
Oklahoma,96,2021-08-08,102015570.0,Beverages,97749346.0,0.0,82319646.0,48999731.25,8,31
Oklahoma,97,2021-08-15,0.0,Beverages,102015570.0,0.0,0.0,49941229.0,8,32
Oklahoma,98,2021-08-22,0.0,Beverages,0.0,101861976.0,0.0,49941229.0,8,33
Oklahoma,99,2021-08-29,0.0,Beverages,0.0,98249579.0,0.0,49941229.0,8,34
Oklahoma,100,2021-09-05,102611166.0,Beverages,0.0,0.0,84110542.0,25503892.5,9,35
Oklahoma,101,2021-09-12,98084759.0,Beverages,102611166.0,0.0,0.0,25652791.5,9,36
Oklahoma,102,2021-09-19,0.0,Beverages,98084759.0,97749346.0,0.0,50173981.25,9,37
Oklahoma,103,2021-09-26,0.0,Beverages,0.0,102015570.0,0.0,50173981.25,9,38
Oklahoma,104,2021-10-03,139578545.0,Beverages,0.0,0.0,90099344.0,50173981.25,10,39
Oklahoma,105,2021-10-10,138432304.0,Beverages,139578545.0,0.0,0.0,59415826.0,10,40
Oklahoma,106,2021-10-17,0.0,Beverages,138432304.0,0.0,0.0,69502712.25,10,41
Oklahoma,107,2021-10-24,0.0,Beverages,0.0,102611166.0,0.0,69502712.25,10,42
Oklahoma,108,2021-10-31,0.0,Beverages,0.0,98084759.0,90092014.0,69502712.25,10,43
Oklahoma,109,2021-11-07,133270330.0,Beverages,0.0,0.0,90326404.0,34608076.0,11,44
Oklahoma,110,2021-11-14,0.0,Beverages,133270330.0,0.0,0.0,33317582.5,11,45
Oklahoma,111,2021-11-21,0.0,Beverages,0.0,139578545.0,0.0,33317582.5,11,46
Oklahoma,112,2021-11-28,0.0,Beverages,0.0,138432304.0,94001881.0,33317582.5,11,47
Oklahoma,113,2021-12-05,128954975.0,Beverages,0.0,0.0,96078346.0,33317582.5,12,48
Oklahoma,114,2021-12-12,128121755.0,Beverages,128954975.0,0.0,0.0,32238743.75,12,49
Oklahoma,115,2021-12-19,0.0,Beverages,128121755.0,0.0,0.0,64269182.5,12,50
Oklahoma,116,2021-12-26,0.0,Beverages,0.0,133270330.0,0.0,64269182.5,12,51
Oklahoma,117,2022-01-02,122812646.0,Beverages,0.0,0.0,98464486.0,64269182.5,1,52
Oklahoma,118,2022-01-09,125894614.0,Beverages,122812646.0,0.0,0.0,62733600.25,1,1
Oklahoma,119,2022-01-16,0.0,Beverages,125894614.0,0.0,0.0,62176815.0,1,2
Oklahoma,120,2022-01-23,0.0,Beverages,0.0,128954975.0,0.0,62176815.0,1,3
Oklahoma,121,2022-01-30,0.0,Beverages,0.0,128121755.0,101861976.0,62176815.0,1,4
Oklahoma,122,2022-02-06,127526645.0,Beverages,0.0,0.0,98249579.0,31473653.5,2,5
Oklahoma,123,2022-02-13,0.0,Beverages,127526645.0,0.0,0.0,31881661.25,2,6
Oklahoma,124,2022-02-20,0.0,Beverages,0.0,122812646.0,0.0,31881661.25,2,7
Oklahoma,125,2022-02-27,0.0,Beverages,0.0,125894614.0,97749346.0,31881661.25,2,8
Oklahoma,126,2022-03-06,137714109.0,Beverages,0.0,0.0,102015570.0,31881661.25,3,9
Oklahoma,127,2022-03-13,0.0,Beverages,137714109.0,0.0,0.0,34428527.25,3,10
Oklahoma,128,2022-03-20,0.0,Beverages,0.0,0.0,0.0,34428527.25,3,11
Oklahoma,129,2022-03-27,0.0,Beverages,0.0,127526645.0,0.0,34428527.25,3,12
Oklahoma,130,2022-04-03,141210550.0,Beverages,0.0,0.0,102611166.0,34428527.25,4,13
Oklahoma,131,2022-04-10,141755939.0,Beverages,141210550.0,0.0,98084759.0,35302637.5,4,14
Oklahoma,132,2022-04-17,0.0,Beverages,141755939.0,0.0,0.0,70741622.25,4,15
Oklahoma,133,2022-04-24,0.0,Beverages,0.0,137714109.0,0.0,70741622.25,4,16
Oklahoma,134,2022-05-01,137163267.0,Beverages,0.0,0.0,139578545.0,70741622.25,5,17
Oklahoma,135,2022-05-08,141285993.0,Beverages,137163267.0,0.0,138432304.0,69729801.5,5,18
Oklahoma,136,2022-05-15,0.0,Beverages,141285993.0,0.0,0.0,69612315.0,5,19
Oklahoma,137,2022-05-22,0.0,Beverages,0.0,141210550.0,0.0,69612315.0,5,20
Oklahoma,138,2022-05-29,0.0,Beverages,0.0,141755939.0,0.0,69612315.0,5,21
Oklahoma,139,2022-06-05,142131462.0,Beverages,0.0,0.0,133270330.0,35321498.25,6,22
Oklahoma,140,2022-06-12,147942449.0,Beverages,142131462.0,0.0,0.0,35532865.5,6,23
Oklahoma,141,2022-06-19,0.0,Beverages,147942449.0,137163267.0,0.0,72518477.75,6,24
Oklahoma,142,2022-06-26,0.0,Beverages,0.0,141285993.0,0.0,72518477.75,6,25
Oklahoma,143,2022-07-03,153118813.0,Beverages,0.0,0.0,128954975.0,72518477.75,7,26
Oklahoma,144,2022-07-10,151769464.0,Beverages,153118813.0,0.0,128121755.0,75265315.5,7,27
Oklahoma,145,2022-07-17,0.0,Beverages,151769464.0,0.0,0.0,76222069.25,7,28
Oklahoma,146,2022-07-24,0.0,Beverages,0.0,142131462.0,0.0,76222069.25,7,29
Oklahoma,147,2022-07-31,0.0,Beverages,0.0,147942449.0,122812646.0,76222069.25,7,30
Oklahoma,148,2022-08-07,157651928.0,Beverages,0.0,0.0,125894614.0,37942366.0,8,31
Oklahoma,149,2022-08-14,0.0,Beverages,157651928.0,0.0,0.0,39412982.0,8,32
Oklahoma,150,2022-08-21,0.0,Beverages,0.0,153118813.0,0.0,39412982.0,8,33
Oklahoma,151,2022-08-28,0.0,Beverages,0.0,151769464.0,0.0,39412982.0,8,34
Oklahoma,152,2022-09-04,156360685.0,Beverages,0.0,0.0,127526645.0,39412982.0,9,35
Oklahoma,153,2022-09-11,153309864.0,Beverages,156360685.0,0.0,0.0,39090171.25,9,36
Oklahoma,154,2022-09-18,0.0,Beverages,153309864.0,0.0,0.0,77417637.25,9,37
Oklahoma,155,2022-09-25,0.0,Beverages,0.0,157651928.0,0.0,77417637.25,9,38
Oklahoma,156,2022-10-02,144114760.0,Beverages,0.0,0.0,137714109.0,77417637.25,10,39
Oklahoma,157,2022-10-09,147640275.0,Beverages,144114760.0,0.0,0.0,74356156.0,10,40
Oklahoma,158,2022-10-16,0.0,Beverages,147640275.0,0.0,0.0,72938758.75,10,41
Oklahoma,159,2022-10-23,0.0,Beverages,0.0,156360685.0,0.0,72938758.75,10,42
Oklahoma,160,2022-10-30,0.0,Beverages,0.0,153309864.0,141210550.0,72938758.75,10,43
Oklahoma,161,2022-11-06,138164354.0,Beverages,0.0,0.0,141755939.0,36910068.75,11,44
Oklahoma,162,2022-11-13,0.0,Beverages,138164354.0,0.0,0.0,34541088.5,11,45
Oklahoma,163,2022-11-20,0.0,Beverages,0.0,144114760.0,0.0,34541088.5,11,46
Oklahoma,164,2022-11-27,0.0,Beverages,0.0,147640275.0,137163267.0,34541088.5,11,47
Oklahoma,165,2022-12-04,133222494.0,Beverages,0.0,0.0,141285993.0,34541088.5,12,48
Oklahoma,166,2022-12-11,136075677.0,Beverages,133222494.0,0.0,0.0,33305623.5,12,49
Oklahoma,167,2022-12-18,0.0,Beverages,136075677.0,0.0,0.0,67324542.75,12,50
Oklahoma,168,2022-12-25,0.0,Beverages,0.0,138164354.0,0.0,67324542.75,12,51
Oklahoma,169,2023-01-01,128027305.0,Beverages,0.0,0.0,142131462.0,67324542.75,1,52
Oklahoma,170,2023-01-08,135062547.0,Beverages,128027305.0,0.0,147942449.0,66025745.5,1,1
Oklahoma,171,2023-01-15,0.0,Beverages,135062547.0,0.0,0.0,65772463.0,1,2
Oklahoma,172,2023-01-22,0.0,Beverages,0.0,133222494.0,0.0,65772463.0,1,3
Oklahoma,173,2023-01-29,0.0,Beverages,0.0,136075677.0,153118813.0,65772463.0,1,4
Oklahoma,174,2023-02-05,135216389.0,Beverages,0.0,0.0,151769464.0,33765636.75,2,5
Oklahoma,175,2023-02-12,139263301.0,Beverages,135216389.0,0.0,0.0,33804097.25,2,6
Oklahoma,176,2023-02-19,0.0,Beverages,139263301.0,128027305.0,0.0,68619922.5,2,7
Oklahoma,177,2023-02-26,0.0,Beverages,0.0,135062547.0,0.0,68619922.5,2,8
Oklahoma,178,2023-03-05,149196561.0,Beverages,0.0,0.0,157651928.0,68619922.5,3,9
Oklahoma,179,2023-03-12,151437049.0,Beverages,149196561.0,0.0,0.0,72114965.5,3,10
Oklahoma,180,2023-03-19,0.0,Beverages,151437049.0,0.0,0.0,75158402.5,3,11
Oklahoma,181,2023-03-26,0.0,Beverages,0.0,135216389.0,0.0,75158402.5,3,12
Oklahoma,182,2023-04-02,141704836.0,Beverages,0.0,139263301.0,156360685.0,75158402.5,4,13
Oklahoma,183,2023-04-09,150712862.0,Beverages,141704836.0,0.0,153309864.0,73285471.25,4,14
Oklahoma,184,2023-04-16,0.0,Beverages,150712862.0,0.0,0.0,73104424.5,4,15
Oklahoma,185,2023-04-23,0.0,Beverages,0.0,149196561.0,0.0,73104424.5,4,16
Oklahoma,186,2023-04-30,0.0,Beverages,0.0,151437049.0,144114760.0,73104424.5,4,17
Oklahoma,187,2023-05-07,154636606.0,Beverages,0.0,0.0,147640275.0,37678215.5,5,18
Oregon,30,2020-05-03,73277376.0,Beverages,0.0,0.0,63944985.0,33071801.25,5,18
Oregon,31,2020-05-10,77387146.0,Beverages,73277376.0,0.0,0.0,35086978.75,5,19
Oregon,32,2020-05-17,0.0,Beverages,77387146.0,0.0,0.0,37666130.5,5,20
Oregon,33,2020-05-24,0.0,Beverages,0.0,65216666.0,0.0,37666130.5,5,21
Oregon,34,2020-05-31,0.0,Beverages,0.0,67070539.0,60796877.0,37666130.5,5,22
Oregon,35,2020-06-07,75237396.0,Beverages,0.0,0.0,61552925.0,19346786.5,6,23
Oregon,36,2020-06-14,0.0,Beverages,75237396.0,0.0,0.0,18809349.0,6,24
Oregon,37,2020-06-21,0.0,Beverages,0.0,73277376.0,0.0,18809349.0,6,25
Oregon,38,2020-06-28,0.0,Beverages,0.0,77387146.0,58257574.0,18809349.0,6,26
Oregon,39,2020-07-05,79284077.0,Beverages,0.0,0.0,59857038.0,18809349.0,7,27
Oregon,40,2020-07-12,75629014.0,Beverages,79284077.0,0.0,0.0,19821019.25,7,28
Oregon,41,2020-07-19,0.0,Beverages,75629014.0,0.0,0.0,38728272.75,7,29
Oregon,42,2020-07-26,0.0,Beverages,0.0,75237396.0,0.0,38728272.75,7,30
Oregon,43,2020-08-02,80871404.0,Beverages,0.0,0.0,59870249.0,38728272.75,8,31
Oregon,44,2020-08-09,77553114.0,Beverages,80871404.0,0.0,58578362.0,39125104.5,8,32
Oregon,45,2020-08-16,0.0,Beverages,77553114.0,0.0,0.0,39606129.5,8,33
Oregon,46,2020-08-23,0.0,Beverages,0.0,79284077.0,0.0,39606129.5,8,34
Oregon,47,2020-08-30,0.0,Beverages,0.0,75629014.0,60557263.0,39606129.5,8,35
Oregon,48,2020-09-06,77441416.0,Beverages,0.0,0.0,59559349.0,19388278.5,9,36
Oregon,49,2020-09-13,0.0,Beverages,77441416.0,0.0,0.0,19360354.0,9,37
Oregon,50,2020-09-20,0.0,Beverages,0.0,80871404.0,0.0,19360354.0,9,38
Oregon,51,2020-09-27,0.0,Beverages,0.0,77553114.0,64230390.0,19360354.0,9,39
Oregon,52,2020-10-04,70735758.0,Beverages,0.0,0.0,65194564.0,19360354.0,10,40
Oregon,53,2020-10-11,68755331.0,Beverages,70735758.0,0.0,0.0,17683939.5,10,41
Oregon,54,2020-10-18,0.0,Beverages,68755331.0,0.0,0.0,34872772.25,10,42
Oregon,55,2020-10-25,0.0,Beverages,0.0,77441416.0,0.0,34872772.25,10,43
Oregon,56,2020-11-01,65902983.0,Beverages,0.0,0.0,65216666.0,34872772.25,11,44
Oregon,57,2020-11-08,67079892.0,Beverages,65902983.0,0.0,67070539.0,33664578.5,11,45
Oregon,58,2020-11-15,0.0,Beverages,67079892.0,0.0,0.0,33245718.75,11,46
Oregon,59,2020-11-22,0.0,Beverages,0.0,70735758.0,0.0,33245718.75,11,47
Oregon,60,2020-11-29,0.0,Beverages,0.0,68755331.0,73277376.0,33245718.75,11,48
Oregon,61,2020-12-06,64691824.0,Beverages,0.0,0.0,77387146.0,16769973.0,12,49
Oregon,62,2020-12-13,0.0,Beverages,64691824.0,0.0,0.0,16172956.0,12,50
Oregon,63,2020-12-20,0.0,Beverages,0.0,65902983.0,0.0,16172956.0,12,51
Oregon,64,2020-12-27,0.0,Beverages,0.0,67079892.0,0.0,16172956.0,12,52
Oregon,65,2021-01-03,65702535.0,Beverages,0.0,0.0,75237396.0,16172956.0,1,53
Oregon,66,2021-01-10,64053360.0,Beverages,65702535.0,0.0,0.0,16425633.75,1,1
Oregon,67,2021-01-17,0.0,Beverages,64053360.0,0.0,0.0,32438973.75,1,2
Oregon,68,2021-01-24,0.0,Beverages,0.0,64691824.0,0.0,32438973.75,1,3
Oregon,69,2021-01-31,0.0,Beverages,0.0,0.0,79284077.0,32438973.75,1,4
Oregon,70,2021-02-07,66162742.0,Beverages,0.0,0.0,75629014.0,16013340.0,2,5
Oregon,71,2021-02-14,0.0,Beverages,66162742.0,0.0,0.0,16540685.5,2,6
Oregon,72,2021-02-21,0.0,Beverages,0.0,65702535.0,0.0,16540685.5,2,7
Oregon,73,2021-02-28,0.0,Beverages,0.0,64053360.0,80871404.0,16540685.5,2,8
Oregon,74,2021-03-07,70618337.0,Beverages,0.0,0.0,77553114.0,16540685.5,3,9
Oregon,75,2021-03-14,0.0,Beverages,70618337.0,0.0,0.0,17654584.25,3,10
Oregon,76,2021-03-21,0.0,Beverages,0.0,0.0,0.0,17654584.25,3,11
Oregon,77,2021-03-28,0.0,Beverages,0.0,66162742.0,0.0,17654584.25,3,12
Oregon,78,2021-04-04,72067412.0,Beverages,0.0,0.0,77441416.0,17654584.25,4,13
Oregon,79,2021-04-11,73834808.0,Beverages,72067412.0,0.0,0.0,18016853.0,4,14
Oregon,80,2021-04-18,0.0,Beverages,73834808.0,0.0,0.0,36475555.0,4,15
Oregon,81,2021-04-25,0.0,Beverages,0.0,70618337.0,0.0,36475555.0,4,16
Oregon,82,2021-05-02,77119514.0,Beverages,0.0,0.0,70735758.0,36475555.0,5,17
Oregon,83,2021-05-09,80320038.0,Beverages,77119514.0,0.0,68755331.0,37738580.5,5,18
Oregon,84,2021-05-16,0.0,Beverages,80320038.0,0.0,0.0,39359888.0,5,19
Oregon,85,2021-05-23,0.0,Beverages,0.0,72067412.0,0.0,39359888.0,5,20
Oregon,86,2021-05-30,0.0,Beverages,0.0,73834808.0,65902983.0,39359888.0,5,21
Oregon,87,2021-06-06,81955738.0,Beverages,0.0,0.0,67079892.0,20080009.5,6,22
Oregon,88,2021-06-13,0.0,Beverages,81955738.0,0.0,0.0,20488934.5,6,23
Oregon,89,2021-06-20,0.0,Beverages,0.0,77119514.0,0.0,20488934.5,6,24
Oregon,90,2021-06-27,0.0,Beverages,0.0,80320038.0,0.0,20488934.5,6,25
Oregon,91,2021-07-04,88375865.0,Beverages,0.0,0.0,64691824.0,20488934.5,7,26
Oregon,92,2021-07-11,83128994.0,Beverages,88375865.0,0.0,0.0,22093966.25,7,27
Oregon,93,2021-07-18,0.0,Beverages,83128994.0,0.0,0.0,42876214.75,7,28
Oregon,94,2021-07-25,0.0,Beverages,0.0,81955738.0,0.0,42876214.75,7,29
Oregon,95,2021-08-01,87403941.0,Beverages,0.0,0.0,65702535.0,42876214.75,8,30
Oregon,96,2021-08-08,85425512.0,Beverages,87403941.0,0.0,64053360.0,42633233.75,8,31
Oregon,97,2021-08-15,0.0,Beverages,85425512.0,0.0,0.0,43207363.25,8,32
Oregon,98,2021-08-22,0.0,Beverages,0.0,88375865.0,0.0,43207363.25,8,33
Oregon,99,2021-08-29,0.0,Beverages,0.0,83128994.0,0.0,43207363.25,8,34
Oregon,100,2021-09-05,85701988.0,Beverages,0.0,0.0,66162742.0,21356378.0,9,35
Oregon,101,2021-09-12,80871146.0,Beverages,85701988.0,0.0,0.0,21425497.0,9,36
Oregon,102,2021-09-19,0.0,Beverages,80871146.0,87403941.0,0.0,41643283.5,9,37
Oregon,103,2021-09-26,0.0,Beverages,0.0,85425512.0,0.0,41643283.5,9,38
Oregon,104,2021-10-03,109358124.0,Beverages,0.0,0.0,70618337.0,41643283.5,10,39
Oregon,105,2021-10-10,105944044.0,Beverages,109358124.0,0.0,0.0,47557317.5,10,40
Oregon,106,2021-10-17,0.0,Beverages,105944044.0,0.0,0.0,53825542.0,10,41
Oregon,107,2021-10-24,0.0,Beverages,0.0,85701988.0,0.0,53825542.0,10,42
Oregon,108,2021-10-31,0.0,Beverages,0.0,80871146.0,72067412.0,53825542.0,10,43
Oregon,109,2021-11-07,101452515.0,Beverages,0.0,0.0,73834808.0,26486011.0,11,44
Oregon,110,2021-11-14,0.0,Beverages,101452515.0,0.0,0.0,25363128.75,11,45
Oregon,111,2021-11-21,0.0,Beverages,0.0,109358124.0,0.0,25363128.75,11,46
Oregon,112,2021-11-28,0.0,Beverages,0.0,105944044.0,77119514.0,25363128.75,11,47
Oregon,113,2021-12-05,99250313.0,Beverages,0.0,0.0,80320038.0,25363128.75,12,48
Oregon,114,2021-12-12,100207545.0,Beverages,99250313.0,0.0,0.0,24812578.25,12,49
Oregon,115,2021-12-19,0.0,Beverages,100207545.0,0.0,0.0,49864464.5,12,50
Oregon,116,2021-12-26,0.0,Beverages,0.0,101452515.0,0.0,49864464.5,12,51
Oregon,117,2022-01-02,99078288.0,Beverages,0.0,0.0,81955738.0,49864464.5,1,52
Oregon,118,2022-01-09,98739520.0,Beverages,99078288.0,0.0,0.0,49821458.25,1,1
Oregon,119,2022-01-16,0.0,Beverages,98739520.0,0.0,0.0,49454452.0,1,2
Oregon,120,2022-01-23,0.0,Beverages,0.0,99250313.0,0.0,49454452.0,1,3
Oregon,121,2022-01-30,0.0,Beverages,0.0,100207545.0,88375865.0,49454452.0,1,4
Oregon,122,2022-02-06,101836177.0,Beverages,0.0,0.0,83128994.0,24684880.0,2,5
Oregon,123,2022-02-13,0.0,Beverages,101836177.0,0.0,0.0,25459044.25,2,6
Oregon,124,2022-02-20,0.0,Beverages,0.0,99078288.0,0.0,25459044.25,2,7
Oregon,125,2022-02-27,0.0,Beverages,0.0,98739520.0,87403941.0,25459044.25,2,8
Oregon,126,2022-03-06,104964035.0,Beverages,0.0,0.0,85425512.0,25459044.25,3,9
Oregon,127,2022-03-13,0.0,Beverages,104964035.0,0.0,0.0,26241008.75,3,10
Oregon,128,2022-03-20,0.0,Beverages,0.0,0.0,0.0,26241008.75,3,11
Oregon,129,2022-03-27,0.0,Beverages,0.0,101836177.0,0.0,26241008.75,3,12
Oregon,130,2022-04-03,110649233.0,Beverages,0.0,0.0,85701988.0,26241008.75,4,13
Oregon,131,2022-04-10,108260091.0,Beverages,110649233.0,0.0,80871146.0,27662308.25,4,14
Oregon,132,2022-04-17,0.0,Beverages,108260091.0,0.0,0.0,54727331.0,4,15
Oregon,133,2022-04-24,0.0,Beverages,0.0,104964035.0,0.0,54727331.0,4,16
Oregon,134,2022-05-01,112386989.0,Beverages,0.0,0.0,109358124.0,54727331.0,5,17
Oregon,135,2022-05-08,117390519.0,Beverages,112386989.0,0.0,105944044.0,55161770.0,5,18
Oregon,136,2022-05-15,0.0,Beverages,117390519.0,0.0,0.0,57444377.0,5,19
Oregon,137,2022-05-22,0.0,Beverages,0.0,110649233.0,0.0,57444377.0,5,20
Oregon,138,2022-05-29,0.0,Beverages,0.0,108260091.0,0.0,57444377.0,5,21
Oregon,139,2022-06-05,120036709.0,Beverages,0.0,0.0,101452515.0,29347629.75,6,22
Oregon,140,2022-06-12,120298432.0,Beverages,120036709.0,0.0,0.0,30009177.25,6,23
Oregon,141,2022-06-19,0.0,Beverages,120298432.0,112386989.0,0.0,60083785.25,6,24
Oregon,142,2022-06-26,0.0,Beverages,0.0,117390519.0,0.0,60083785.25,6,25
Oregon,143,2022-07-03,131648179.0,Beverages,0.0,0.0,99250313.0,60083785.25,7,26
Oregon,144,2022-07-10,125109130.0,Beverages,131648179.0,0.0,100207545.0,62986652.75,7,27
Oregon,145,2022-07-17,0.0,Beverages,125109130.0,0.0,0.0,64189327.25,7,28
Oregon,146,2022-07-24,0.0,Beverages,0.0,120036709.0,0.0,64189327.25,7,29
Oregon,147,2022-07-31,0.0,Beverages,0.0,120298432.0,99078288.0,64189327.25,7,30
Oregon,148,2022-08-07,128095152.0,Beverages,0.0,0.0,98739520.0,31277282.5,8,31
Oregon,149,2022-08-14,0.0,Beverages,128095152.0,0.0,0.0,32023788.0,8,32
Oregon,150,2022-08-21,0.0,Beverages,0.0,131648179.0,0.0,32023788.0,8,33
Oregon,151,2022-08-28,0.0,Beverages,0.0,125109130.0,0.0,32023788.0,8,34
Oregon,152,2022-09-04,124544284.0,Beverages,0.0,0.0,101836177.0,32023788.0,9,35
Oregon,153,2022-09-11,117844182.0,Beverages,124544284.0,0.0,0.0,31136071.0,9,36
Oregon,154,2022-09-18,0.0,Beverages,117844182.0,0.0,0.0,60597116.5,9,37
Oregon,155,2022-09-25,0.0,Beverages,0.0,128095152.0,0.0,60597116.5,9,38
Oregon,156,2022-10-02,112015851.0,Beverages,0.0,0.0,104964035.0,60597116.5,10,39
Oregon,157,2022-10-09,112790064.0,Beverages,112015851.0,0.0,0.0,57465008.25,10,40
Oregon,158,2022-10-16,0.0,Beverages,112790064.0,0.0,0.0,56201478.75,10,41
Oregon,159,2022-10-23,0.0,Beverages,0.0,124544284.0,0.0,56201478.75,10,42
Oregon,160,2022-10-30,0.0,Beverages,0.0,117844182.0,110649233.0,56201478.75,10,43
Oregon,161,2022-11-06,106220543.0,Beverages,0.0,0.0,108260091.0,28197516.0,11,44
Oregon,162,2022-11-13,0.0,Beverages,106220543.0,0.0,0.0,26555135.75,11,45
Oregon,163,2022-11-20,0.0,Beverages,0.0,112015851.0,0.0,26555135.75,11,46
Oregon,164,2022-11-27,0.0,Beverages,0.0,112790064.0,112386989.0,26555135.75,11,47
Oregon,165,2022-12-04,103950593.0,Beverages,0.0,0.0,117390519.0,26555135.75,12,48
Oregon,166,2022-12-11,104626576.0,Beverages,103950593.0,0.0,0.0,25987648.25,12,49
Oregon,167,2022-12-18,0.0,Beverages,104626576.0,0.0,0.0,52144292.25,12,50
Oregon,168,2022-12-25,0.0,Beverages,0.0,106220543.0,0.0,52144292.25,12,51
Oregon,169,2023-01-01,101850451.0,Beverages,0.0,0.0,120036709.0,52144292.25,1,52
Oregon,170,2023-01-08,103066966.0,Beverages,101850451.0,0.0,120298432.0,51619256.75,1,1
Oregon,171,2023-01-15,0.0,Beverages,103066966.0,0.0,0.0,51229354.25,1,2
Oregon,172,2023-01-22,0.0,Beverages,0.0,103950593.0,0.0,51229354.25,1,3
Oregon,173,2023-01-29,0.0,Beverages,0.0,104626576.0,131648179.0,51229354.25,1,4
Oregon,174,2023-02-05,105298610.0,Beverages,0.0,0.0,125109130.0,25766741.5,2,5
Oregon,175,2023-02-12,108981500.0,Beverages,105298610.0,0.0,0.0,26324652.5,2,6
Oregon,176,2023-02-19,0.0,Beverages,108981500.0,101850451.0,0.0,53570027.5,2,7
Oregon,177,2023-02-26,0.0,Beverages,0.0,103066966.0,0.0,53570027.5,2,8
Oregon,178,2023-03-05,112224784.0,Beverages,0.0,0.0,128095152.0,53570027.5,3,9
Oregon,179,2023-03-12,117522384.0,Beverages,112224784.0,0.0,0.0,55301571.0,3,10
Oregon,180,2023-03-19,0.0,Beverages,117522384.0,0.0,0.0,57436792.0,3,11
Oregon,181,2023-03-26,0.0,Beverages,0.0,105298610.0,0.0,57436792.0,3,12
Oregon,182,2023-04-02,110131690.0,Beverages,0.0,108981500.0,124544284.0,57436792.0,4,13
Oregon,183,2023-04-09,118297200.0,Beverages,110131690.0,0.0,117844182.0,56913518.5,4,14
Oregon,184,2023-04-16,0.0,Beverages,118297200.0,0.0,0.0,57107222.5,4,15
Oregon,185,2023-04-23,0.0,Beverages,0.0,112224784.0,0.0,57107222.5,4,16
Oregon,186,2023-04-30,0.0,Beverages,0.0,117522384.0,112015851.0,57107222.5,4,17
Oregon,187,2023-05-07,124363371.0,Beverages,0.0,0.0,112790064.0,29574300.0,5,18
Pennsylvania,30,2020-05-03,213421497.0,Beverages,0.0,0.0,213784018.0,104513348.25,5,18
Pennsylvania,31,2020-05-10,218076035.0,Beverages,213421497.0,0.0,0.0,106327266.5,5,19
Pennsylvania,32,2020-05-17,0.0,Beverages,218076035.0,0.0,0.0,107874383.0,5,20
Pennsylvania,33,2020-05-24,0.0,Beverages,0.0,206165824.0,0.0,107874383.0,5,21
Pennsylvania,34,2020-05-31,0.0,Beverages,0.0,211887569.0,198030518.0,107874383.0,5,22
Pennsylvania,35,2020-06-07,234140846.0,Beverages,0.0,0.0,200157093.0,54519008.75,6,23
Pennsylvania,36,2020-06-14,0.0,Beverages,234140846.0,0.0,0.0,58535211.5,6,24
Pennsylvania,37,2020-06-21,0.0,Beverages,0.0,213421497.0,0.0,58535211.5,6,25
Pennsylvania,38,2020-06-28,0.0,Beverages,0.0,218076035.0,197064569.0,58535211.5,6,26
Pennsylvania,39,2020-07-05,256800832.0,Beverages,0.0,0.0,195489102.0,58535211.5,7,27
Pennsylvania,40,2020-07-12,236554855.0,Beverages,256800832.0,0.0,0.0,64200208.0,7,28
Pennsylvania,41,2020-07-19,0.0,Beverages,236554855.0,0.0,0.0,123338921.75,7,29
Pennsylvania,42,2020-07-26,0.0,Beverages,0.0,234140846.0,0.0,123338921.75,7,30
Pennsylvania,43,2020-08-02,240341151.0,Beverages,0.0,0.0,196391974.0,123338921.75,8,31
Pennsylvania,44,2020-08-09,234559739.0,Beverages,240341151.0,0.0,195521619.0,119224001.5,8,32
Pennsylvania,45,2020-08-16,0.0,Beverages,234559739.0,0.0,0.0,118725222.5,8,33
Pennsylvania,46,2020-08-23,0.0,Beverages,0.0,256800832.0,0.0,118725222.5,8,34
Pennsylvania,47,2020-08-30,0.0,Beverages,0.0,236554855.0,192603195.0,118725222.5,8,35
Pennsylvania,48,2020-09-06,227652613.0,Beverages,0.0,0.0,197142390.0,58639934.75,9,36
Pennsylvania,49,2020-09-13,0.0,Beverages,227652613.0,0.0,0.0,56913153.25,9,37
Pennsylvania,50,2020-09-20,0.0,Beverages,0.0,240341151.0,0.0,56913153.25,9,38
Pennsylvania,51,2020-09-27,0.0,Beverages,0.0,234559739.0,200422700.0,56913153.25,9,39
Pennsylvania,52,2020-10-04,219759186.0,Beverages,0.0,0.0,209827935.0,56913153.25,10,40
Pennsylvania,53,2020-10-11,215291299.0,Beverages,219759186.0,0.0,0.0,54939796.5,10,41
Pennsylvania,54,2020-10-18,0.0,Beverages,215291299.0,0.0,0.0,108762621.25,10,42
Pennsylvania,55,2020-10-25,0.0,Beverages,0.0,227652613.0,0.0,108762621.25,10,43
Pennsylvania,56,2020-11-01,205040628.0,Beverages,0.0,0.0,206165824.0,108762621.25,11,44
Pennsylvania,57,2020-11-08,212199643.0,Beverages,205040628.0,0.0,211887569.0,105082981.75,11,45
Pennsylvania,58,2020-11-15,0.0,Beverages,212199643.0,0.0,0.0,104310067.75,11,46
Pennsylvania,59,2020-11-22,0.0,Beverages,0.0,219759186.0,0.0,104310067.75,11,47
Pennsylvania,60,2020-11-29,0.0,Beverages,0.0,215291299.0,213421497.0,104310067.75,11,48
Pennsylvania,61,2020-12-06,199752213.0,Beverages,0.0,0.0,218076035.0,53049910.75,12,49
Pennsylvania,62,2020-12-13,0.0,Beverages,199752213.0,0.0,0.0,49938053.25,12,50
Pennsylvania,63,2020-12-20,0.0,Beverages,0.0,205040628.0,0.0,49938053.25,12,51
Pennsylvania,64,2020-12-27,0.0,Beverages,0.0,212199643.0,0.0,49938053.25,12,52
Pennsylvania,65,2021-01-03,203326021.0,Beverages,0.0,0.0,234140846.0,49938053.25,1,53
Pennsylvania,66,2021-01-10,203602343.0,Beverages,203326021.0,0.0,0.0,50831505.25,1,1
Pennsylvania,67,2021-01-17,0.0,Beverages,203602343.0,0.0,0.0,101732091.0,1,2
Pennsylvania,68,2021-01-24,0.0,Beverages,0.0,199752213.0,0.0,101732091.0,1,3
Pennsylvania,69,2021-01-31,0.0,Beverages,0.0,0.0,256800832.0,101732091.0,1,4
Pennsylvania,70,2021-02-07,206907756.0,Beverages,0.0,0.0,236554855.0,50900585.75,2,5
Pennsylvania,71,2021-02-14,0.0,Beverages,206907756.0,0.0,0.0,51726939.0,2,6
Pennsylvania,72,2021-02-21,0.0,Beverages,0.0,203326021.0,0.0,51726939.0,2,7
Pennsylvania,73,2021-02-28,0.0,Beverages,0.0,203602343.0,240341151.0,51726939.0,2,8
Pennsylvania,74,2021-03-07,218227304.0,Beverages,0.0,0.0,234559739.0,51726939.0,3,9
Pennsylvania,75,2021-03-14,0.0,Beverages,218227304.0,0.0,0.0,54556826.0,3,10
Pennsylvania,76,2021-03-21,0.0,Beverages,0.0,0.0,0.0,54556826.0,3,11
Pennsylvania,77,2021-03-28,0.0,Beverages,0.0,206907756.0,0.0,54556826.0,3,12
Pennsylvania,78,2021-04-04,219439092.0,Beverages,0.0,0.0,227652613.0,54556826.0,4,13
Pennsylvania,79,2021-04-11,218655025.0,Beverages,219439092.0,0.0,0.0,54859773.0,4,14
Pennsylvania,80,2021-04-18,0.0,Beverages,218655025.0,0.0,0.0,109523529.25,4,15
Pennsylvania,81,2021-04-25,0.0,Beverages,0.0,218227304.0,0.0,109523529.25,4,16
Pennsylvania,82,2021-05-02,228313605.0,Beverages,0.0,0.0,219759186.0,109523529.25,5,17
Pennsylvania,83,2021-05-09,231070674.0,Beverages,228313605.0,0.0,215291299.0,111742157.5,5,18
Pennsylvania,84,2021-05-16,0.0,Beverages,231070674.0,0.0,0.0,114846069.75,5,19
Pennsylvania,85,2021-05-23,0.0,Beverages,0.0,219439092.0,0.0,114846069.75,5,20
Pennsylvania,86,2021-05-30,0.0,Beverages,0.0,218655025.0,205040628.0,114846069.75,5,21
Pennsylvania,87,2021-06-06,242433793.0,Beverages,0.0,0.0,212199643.0,57767668.5,6,22
Pennsylvania,88,2021-06-13,0.0,Beverages,242433793.0,0.0,0.0,60608448.25,6,23
Pennsylvania,89,2021-06-20,0.0,Beverages,0.0,228313605.0,0.0,60608448.25,6,24
Pennsylvania,90,2021-06-27,0.0,Beverages,0.0,231070674.0,0.0,60608448.25,6,25
Pennsylvania,91,2021-07-04,271012302.0,Beverages,0.0,0.0,199752213.0,60608448.25,7,26
Pennsylvania,92,2021-07-11,250707017.0,Beverages,271012302.0,0.0,0.0,67753075.5,7,27
Pennsylvania,93,2021-07-18,0.0,Beverages,250707017.0,0.0,0.0,130429829.75,7,28
Pennsylvania,94,2021-07-25,0.0,Beverages,0.0,242433793.0,0.0,130429829.75,7,29
Pennsylvania,95,2021-08-01,253933316.0,Beverages,0.0,0.0,203326021.0,130429829.75,8,30
Pennsylvania,96,2021-08-08,248997322.0,Beverages,253933316.0,0.0,203602343.0,126160083.25,8,31
Pennsylvania,97,2021-08-15,0.0,Beverages,248997322.0,0.0,0.0,125732659.5,8,32
Pennsylvania,98,2021-08-22,0.0,Beverages,0.0,271012302.0,0.0,125732659.5,8,33
Pennsylvania,99,2021-08-29,0.0,Beverages,0.0,250707017.0,0.0,125732659.5,8,34
Pennsylvania,100,2021-09-05,247774680.0,Beverages,0.0,0.0,206907756.0,62249330.5,9,35
Pennsylvania,101,2021-09-12,240001312.0,Beverages,247774680.0,0.0,0.0,61943670.0,9,36
Pennsylvania,102,2021-09-19,0.0,Beverages,240001312.0,253933316.0,0.0,121943998.0,9,37
Pennsylvania,103,2021-09-26,0.0,Beverages,0.0,248997322.0,0.0,121943998.0,9,38
Pennsylvania,104,2021-10-03,341687183.0,Beverages,0.0,0.0,218227304.0,121943998.0,10,39
Pennsylvania,105,2021-10-10,339686180.0,Beverages,341687183.0,0.0,0.0,145422123.75,10,40
Pennsylvania,106,2021-10-17,0.0,Beverages,339686180.0,0.0,0.0,170343340.75,10,41
Pennsylvania,107,2021-10-24,0.0,Beverages,0.0,247774680.0,0.0,170343340.75,10,42
Pennsylvania,108,2021-10-31,0.0,Beverages,0.0,240001312.0,219439092.0,170343340.75,10,43
Pennsylvania,109,2021-11-07,325928183.0,Beverages,0.0,0.0,218655025.0,84921545.0,11,44
Pennsylvania,110,2021-11-14,0.0,Beverages,325928183.0,0.0,0.0,81482045.75,11,45
Pennsylvania,111,2021-11-21,0.0,Beverages,0.0,341687183.0,0.0,81482045.75,11,46
Pennsylvania,112,2021-11-28,0.0,Beverages,0.0,339686180.0,228313605.0,81482045.75,11,47
Pennsylvania,113,2021-12-05,313904168.0,Beverages,0.0,0.0,231070674.0,81482045.75,12,48
Pennsylvania,114,2021-12-12,331752966.0,Beverages,313904168.0,0.0,0.0,78476042.0,12,49
Pennsylvania,115,2021-12-19,0.0,Beverages,331752966.0,0.0,0.0,161414283.5,12,50
Pennsylvania,116,2021-12-26,0.0,Beverages,0.0,325928183.0,0.0,161414283.5,12,51
Pennsylvania,117,2022-01-02,312074299.0,Beverages,0.0,0.0,242433793.0,161414283.5,1,52
Pennsylvania,118,2022-01-09,312566272.0,Beverages,312074299.0,0.0,0.0,160956816.25,1,1
Pennsylvania,119,2022-01-16,0.0,Beverages,312566272.0,0.0,0.0,156160142.75,1,2
Pennsylvania,120,2022-01-23,0.0,Beverages,0.0,313904168.0,0.0,156160142.75,1,3
Pennsylvania,121,2022-01-30,0.0,Beverages,0.0,331752966.0,271012302.0,156160142.75,1,4
Pennsylvania,122,2022-02-06,318740775.0,Beverages,0.0,0.0,250707017.0,78141568.0,2,5
Pennsylvania,123,2022-02-13,0.0,Beverages,318740775.0,0.0,0.0,79685193.75,2,6
Pennsylvania,124,2022-02-20,0.0,Beverages,0.0,312074299.0,0.0,79685193.75,2,7
Pennsylvania,125,2022-02-27,0.0,Beverages,0.0,312566272.0,253933316.0,79685193.75,2,8
Pennsylvania,126,2022-03-06,325893348.0,Beverages,0.0,0.0,248997322.0,79685193.75,3,9
Pennsylvania,127,2022-03-13,0.0,Beverages,325893348.0,0.0,0.0,81473337.0,3,10
Pennsylvania,128,2022-03-20,0.0,Beverages,0.0,0.0,0.0,81473337.0,3,11
Pennsylvania,129,2022-03-27,0.0,Beverages,0.0,318740775.0,0.0,81473337.0,3,12
Pennsylvania,130,2022-04-03,341882200.0,Beverages,0.0,0.0,247774680.0,81473337.0,4,13
Pennsylvania,131,2022-04-10,343808866.0,Beverages,341882200.0,0.0,240001312.0,85470550.0,4,14
Pennsylvania,132,2022-04-17,0.0,Beverages,343808866.0,0.0,0.0,171422766.5,4,15
Pennsylvania,133,2022-04-24,0.0,Beverages,0.0,325893348.0,0.0,171422766.5,4,16
Pennsylvania,134,2022-05-01,352640398.0,Beverages,0.0,0.0,341687183.0,171422766.5,5,17
Pennsylvania,135,2022-05-08,354632334.0,Beverages,352640398.0,0.0,339686180.0,174112316.0,5,18
Pennsylvania,136,2022-05-15,0.0,Beverages,354632334.0,0.0,0.0,176818183.0,5,19
Pennsylvania,137,2022-05-22,0.0,Beverages,0.0,341882200.0,0.0,176818183.0,5,20
Pennsylvania,138,2022-05-29,0.0,Beverages,0.0,343808866.0,0.0,176818183.0,5,21
Pennsylvania,139,2022-06-05,373086334.0,Beverages,0.0,0.0,325928183.0,88658083.5,6,22
Pennsylvania,140,2022-06-12,373881703.0,Beverages,373086334.0,0.0,0.0,93271583.5,6,23
Pennsylvania,141,2022-06-19,0.0,Beverages,373881703.0,352640398.0,0.0,186742009.25,6,24
Pennsylvania,142,2022-06-26,0.0,Beverages,0.0,354632334.0,0.0,186742009.25,6,25
Pennsylvania,143,2022-07-03,400773833.0,Beverages,0.0,0.0,313904168.0,186742009.25,7,26
Pennsylvania,144,2022-07-10,374859760.0,Beverages,400773833.0,0.0,331752966.0,193663884.0,7,27
Pennsylvania,145,2022-07-17,0.0,Beverages,374859760.0,0.0,0.0,193908398.25,7,28
Pennsylvania,146,2022-07-24,0.0,Beverages,0.0,373086334.0,0.0,193908398.25,7,29
Pennsylvania,147,2022-07-31,0.0,Beverages,0.0,373881703.0,312074299.0,193908398.25,7,30
Pennsylvania,148,2022-08-07,380580838.0,Beverages,0.0,0.0,312566272.0,93714940.0,8,31
Pennsylvania,149,2022-08-14,0.0,Beverages,380580838.0,0.0,0.0,95145209.5,8,32
Pennsylvania,150,2022-08-21,0.0,Beverages,0.0,400773833.0,0.0,95145209.5,8,33
Pennsylvania,151,2022-08-28,0.0,Beverages,0.0,374859760.0,0.0,95145209.5,8,34
Pennsylvania,152,2022-09-04,378016232.0,Beverages,0.0,0.0,318740775.0,95145209.5,9,35
Pennsylvania,153,2022-09-11,363329344.0,Beverages,378016232.0,0.0,0.0,94504058.0,9,36
Pennsylvania,154,2022-09-18,0.0,Beverages,363329344.0,0.0,0.0,185336394.0,9,37
Pennsylvania,155,2022-09-25,0.0,Beverages,0.0,380580838.0,0.0,185336394.0,9,38
Pennsylvania,156,2022-10-02,358529095.0,Beverages,0.0,0.0,325893348.0,185336394.0,10,39
Pennsylvania,157,2022-10-09,356804664.0,Beverages,358529095.0,0.0,0.0,180464609.75,10,40
Pennsylvania,158,2022-10-16,0.0,Beverages,356804664.0,0.0,0.0,178833439.75,10,41
Pennsylvania,159,2022-10-23,0.0,Beverages,0.0,378016232.0,0.0,178833439.75,10,42
Pennsylvania,160,2022-10-30,0.0,Beverages,0.0,363329344.0,341882200.0,178833439.75,10,43
Pennsylvania,161,2022-11-06,347145076.0,Beverages,0.0,0.0,343808866.0,89201166.0,11,44
Pennsylvania,162,2022-11-13,0.0,Beverages,347145076.0,0.0,0.0,86786269.0,11,45
Pennsylvania,163,2022-11-20,0.0,Beverages,0.0,358529095.0,0.0,86786269.0,11,46
Pennsylvania,164,2022-11-27,0.0,Beverages,0.0,356804664.0,352640398.0,86786269.0,11,47
Pennsylvania,165,2022-12-04,329211860.0,Beverages,0.0,0.0,354632334.0,86786269.0,12,48
Pennsylvania,166,2022-12-11,349630225.0,Beverages,329211860.0,0.0,0.0,82302965.0,12,49
Pennsylvania,167,2022-12-18,0.0,Beverages,349630225.0,0.0,0.0,169710521.25,12,50
Pennsylvania,168,2022-12-25,0.0,Beverages,0.0,347145076.0,0.0,169710521.25,12,51
Pennsylvania,169,2023-01-01,330275163.0,Beverages,0.0,0.0,373086334.0,169710521.25,1,52
Pennsylvania,170,2023-01-08,330468915.0,Beverages,330275163.0,0.0,373881703.0,169976347.0,1,1
Pennsylvania,171,2023-01-15,0.0,Beverages,330468915.0,0.0,0.0,165186019.5,1,2
Pennsylvania,172,2023-01-22,0.0,Beverages,0.0,329211860.0,0.0,165186019.5,1,3
Pennsylvania,173,2023-01-29,0.0,Beverages,0.0,349630225.0,400773833.0,165186019.5,1,4
Pennsylvania,174,2023-02-05,335036733.0,Beverages,0.0,0.0,374859760.0,82617228.75,2,5
Pennsylvania,175,2023-02-12,345049291.0,Beverages,335036733.0,0.0,0.0,83759183.25,2,6
Pennsylvania,176,2023-02-19,0.0,Beverages,345049291.0,330275163.0,0.0,170021506.0,2,7
Pennsylvania,177,2023-02-26,0.0,Beverages,0.0,330468915.0,0.0,170021506.0,2,8
Pennsylvania,178,2023-03-05,354015329.0,Beverages,0.0,0.0,380580838.0,170021506.0,3,9
Pennsylvania,179,2023-03-12,382958015.0,Beverages,354015329.0,0.0,0.0,174766155.0,3,10
Pennsylvania,180,2023-03-19,0.0,Beverages,382958015.0,0.0,0.0,184243336.0,3,11
Pennsylvania,181,2023-03-26,0.0,Beverages,0.0,335036733.0,0.0,184243336.0,3,12
Pennsylvania,182,2023-04-02,352480721.0,Beverages,0.0,345049291.0,378016232.0,184243336.0,4,13
Pennsylvania,183,2023-04-09,364103216.0,Beverages,352480721.0,0.0,363329344.0,183859684.0,4,14
Pennsylvania,184,2023-04-16,0.0,Beverages,364103216.0,0.0,0.0,179145984.25,4,15
Pennsylvania,185,2023-04-23,0.0,Beverages,0.0,354015329.0,0.0,179145984.25,4,16
Pennsylvania,186,2023-04-30,0.0,Beverages,0.0,382958015.0,358529095.0,179145984.25,4,17
Pennsylvania,187,2023-05-07,370133894.0,Beverages,0.0,0.0,356804664.0,91025804.0,5,18
Rhode Island,30,2020-05-03,15581453.0,Beverages,0.0,0.0,14853671.0,7674587.25,5,18
Rhode Island,31,2020-05-10,15969129.0,Beverages,15581453.0,0.0,0.0,7666243.5,5,19
Rhode Island,32,2020-05-17,0.0,Beverages,15969129.0,0.0,0.0,7887645.5,5,20
Rhode Island,33,2020-05-24,0.0,Beverages,0.0,15614828.0,0.0,7887645.5,5,21
Rhode Island,34,2020-05-31,0.0,Beverages,0.0,15083521.0,13856303.0,7887645.5,5,22
Rhode Island,35,2020-06-07,17506767.0,Beverages,0.0,0.0,14151732.0,3992282.25,6,23
Rhode Island,36,2020-06-14,0.0,Beverages,17506767.0,0.0,0.0,4376691.75,6,24
Rhode Island,37,2020-06-21,0.0,Beverages,0.0,15581453.0,0.0,4376691.75,6,25
Rhode Island,38,2020-06-28,0.0,Beverages,0.0,15969129.0,13851887.0,4376691.75,6,26
Rhode Island,39,2020-07-05,19947248.0,Beverages,0.0,0.0,14346931.0,4376691.75,7,27
Rhode Island,40,2020-07-12,17818041.0,Beverages,19947248.0,0.0,0.0,4986812.0,7,28
Rhode Island,41,2020-07-19,0.0,Beverages,17818041.0,0.0,0.0,9441322.25,7,29
Rhode Island,42,2020-07-26,0.0,Beverages,0.0,17506767.0,0.0,9441322.25,7,30
Rhode Island,43,2020-08-02,18638117.0,Beverages,0.0,0.0,14508723.0,9441322.25,8,31
Rhode Island,44,2020-08-09,18287971.0,Beverages,18638117.0,0.0,13460213.0,9114039.5,8,32
Rhode Island,45,2020-08-16,0.0,Beverages,18287971.0,0.0,0.0,9231522.0,8,33
Rhode Island,46,2020-08-23,0.0,Beverages,0.0,19947248.0,0.0,9231522.0,8,34
Rhode Island,47,2020-08-30,0.0,Beverages,0.0,17818041.0,13718697.0,9231522.0,8,35
Rhode Island,48,2020-09-06,17064048.0,Beverages,0.0,0.0,14421601.0,4571992.75,9,36
Rhode Island,49,2020-09-13,0.0,Beverages,17064048.0,0.0,0.0,4266012.0,9,37
Rhode Island,50,2020-09-20,0.0,Beverages,0.0,18638117.0,0.0,4266012.0,9,38
Rhode Island,51,2020-09-27,0.0,Beverages,0.0,18287971.0,14290557.0,4266012.0,9,39
Rhode Island,52,2020-10-04,15666300.0,Beverages,0.0,0.0,15533226.0,4266012.0,10,40
Rhode Island,53,2020-10-11,14882506.0,Beverages,15666300.0,0.0,0.0,3916575.0,10,41
Rhode Island,54,2020-10-18,0.0,Beverages,14882506.0,0.0,0.0,7637201.5,10,42
Rhode Island,55,2020-10-25,0.0,Beverages,0.0,17064048.0,0.0,7637201.5,10,43
Rhode Island,56,2020-11-01,14239757.0,Beverages,0.0,0.0,15614828.0,7637201.5,11,44
Rhode Island,57,2020-11-08,15522272.0,Beverages,14239757.0,0.0,15083521.0,7280565.75,11,45
Rhode Island,58,2020-11-15,0.0,Beverages,15522272.0,0.0,0.0,7440507.25,11,46
Rhode Island,59,2020-11-22,0.0,Beverages,0.0,15666300.0,0.0,7440507.25,11,47
Rhode Island,60,2020-11-29,0.0,Beverages,0.0,14882506.0,15581453.0,7440507.25,11,48
Rhode Island,61,2020-12-06,14258437.0,Beverages,0.0,0.0,15969129.0,3880568.0,12,49
Rhode Island,62,2020-12-13,0.0,Beverages,14258437.0,0.0,0.0,3564609.25,12,50
Rhode Island,63,2020-12-20,0.0,Beverages,0.0,14239757.0,0.0,3564609.25,12,51
Rhode Island,64,2020-12-27,0.0,Beverages,0.0,15522272.0,0.0,3564609.25,12,52
Rhode Island,65,2021-01-03,14645230.0,Beverages,0.0,0.0,17506767.0,3564609.25,1,53
Rhode Island,66,2021-01-10,14421115.0,Beverages,14645230.0,0.0,0.0,3661307.5,1,1
Rhode Island,67,2021-01-17,0.0,Beverages,14421115.0,0.0,0.0,7266586.25,1,2
Rhode Island,68,2021-01-24,0.0,Beverages,0.0,14258437.0,0.0,7266586.25,1,3
Rhode Island,69,2021-01-31,0.0,Beverages,0.0,0.0,19947248.0,7266586.25,1,4
Rhode Island,70,2021-02-07,15657542.0,Beverages,0.0,0.0,17818041.0,3605278.75,2,5
Rhode Island,71,2021-02-14,0.0,Beverages,15657542.0,0.0,0.0,3914385.5,2,6
Rhode Island,72,2021-02-21,0.0,Beverages,0.0,14645230.0,0.0,3914385.5,2,7
Rhode Island,73,2021-02-28,0.0,Beverages,0.0,14421115.0,18638117.0,3914385.5,2,8
Rhode Island,74,2021-03-07,16310885.0,Beverages,0.0,0.0,18287971.0,3914385.5,3,9
Rhode Island,75,2021-03-14,0.0,Beverages,16310885.0,0.0,0.0,4077721.25,3,10
Rhode Island,76,2021-03-21,0.0,Beverages,0.0,0.0,0.0,4077721.25,3,11
Rhode Island,77,2021-03-28,0.0,Beverages,0.0,15657542.0,0.0,4077721.25,3,12
Rhode Island,78,2021-04-04,16257946.0,Beverages,0.0,0.0,17064048.0,4077721.25,4,13
Rhode Island,79,2021-04-11,16436425.0,Beverages,16257946.0,0.0,0.0,4064486.5,4,14
Rhode Island,80,2021-04-18,0.0,Beverages,16436425.0,0.0,0.0,8173592.75,4,15
Rhode Island,81,2021-04-25,0.0,Beverages,0.0,16310885.0,0.0,8173592.75,4,16
Rhode Island,82,2021-05-02,16583194.0,Beverages,0.0,0.0,15666300.0,8173592.75,5,17
Rhode Island,83,2021-05-09,17442900.0,Beverages,16583194.0,0.0,14882506.0,8254904.75,5,18
Rhode Island,84,2021-05-16,0.0,Beverages,17442900.0,0.0,0.0,8506523.5,5,19
Rhode Island,85,2021-05-23,0.0,Beverages,0.0,16257946.0,0.0,8506523.5,5,20
Rhode Island,86,2021-05-30,0.0,Beverages,0.0,16436425.0,14239757.0,8506523.5,5,21
Rhode Island,87,2021-06-06,18711194.0,Beverages,0.0,0.0,15522272.0,4360725.0,6,22
Rhode Island,88,2021-06-13,0.0,Beverages,18711194.0,0.0,0.0,4677798.5,6,23
Rhode Island,89,2021-06-20,0.0,Beverages,0.0,16583194.0,0.0,4677798.5,6,24
Rhode Island,90,2021-06-27,0.0,Beverages,0.0,17442900.0,0.0,4677798.5,6,25
Rhode Island,91,2021-07-04,19914190.0,Beverages,0.0,0.0,14258437.0,4677798.5,7,26
Rhode Island,92,2021-07-11,18920025.0,Beverages,19914190.0,0.0,0.0,4978547.5,7,27
Rhode Island,93,2021-07-18,0.0,Beverages,18920025.0,0.0,0.0,9708553.75,7,28
Rhode Island,94,2021-07-25,0.0,Beverages,0.0,18711194.0,0.0,9708553.75,7,29
Rhode Island,95,2021-08-01,19169356.0,Beverages,0.0,0.0,14645230.0,9708553.75,8,30
Rhode Island,96,2021-08-08,19610358.0,Beverages,19169356.0,0.0,14421115.0,9522345.25,8,31
Rhode Island,97,2021-08-15,0.0,Beverages,19610358.0,0.0,0.0,9694928.5,8,32
Rhode Island,98,2021-08-22,0.0,Beverages,0.0,19914190.0,0.0,9694928.5,8,33
Rhode Island,99,2021-08-29,0.0,Beverages,0.0,18920025.0,0.0,9694928.5,8,34
Rhode Island,100,2021-09-05,18013919.0,Beverages,0.0,0.0,15657542.0,4902589.5,9,35
Rhode Island,101,2021-09-12,17732145.0,Beverages,18013919.0,0.0,0.0,4503479.75,9,36
Rhode Island,102,2021-09-19,0.0,Beverages,17732145.0,19169356.0,0.0,8936516.0,9,37
Rhode Island,103,2021-09-26,0.0,Beverages,0.0,19610358.0,0.0,8936516.0,9,38
Rhode Island,104,2021-10-03,23725178.0,Beverages,0.0,0.0,16310885.0,8936516.0,10,39
Rhode Island,105,2021-10-10,23868671.0,Beverages,23725178.0,0.0,0.0,10364330.75,10,40
Rhode Island,106,2021-10-17,0.0,Beverages,23868671.0,0.0,0.0,11898462.25,10,41
Rhode Island,107,2021-10-24,0.0,Beverages,0.0,18013919.0,0.0,11898462.25,10,42
Rhode Island,108,2021-10-31,0.0,Beverages,0.0,17732145.0,16257946.0,11898462.25,10,43
Rhode Island,109,2021-11-07,23698831.0,Beverages,0.0,0.0,16436425.0,5967167.75,11,44
Rhode Island,110,2021-11-14,0.0,Beverages,23698831.0,0.0,0.0,5924707.75,11,45
Rhode Island,111,2021-11-21,0.0,Beverages,0.0,23725178.0,0.0,5924707.75,11,46
Rhode Island,112,2021-11-28,0.0,Beverages,0.0,23868671.0,16583194.0,5924707.75,11,47
Rhode Island,113,2021-12-05,22869123.0,Beverages,0.0,0.0,17442900.0,5924707.75,12,48
Rhode Island,114,2021-12-12,23300978.0,Beverages,22869123.0,0.0,0.0,5717280.75,12,49
Rhode Island,115,2021-12-19,0.0,Beverages,23300978.0,0.0,0.0,11542525.25,12,50
Rhode Island,116,2021-12-26,0.0,Beverages,0.0,23698831.0,0.0,11542525.25,12,51
Rhode Island,117,2022-01-02,22264587.0,Beverages,0.0,0.0,18711194.0,11542525.25,1,52
Rhode Island,118,2022-01-09,22772787.0,Beverages,22264587.0,0.0,0.0,11391391.25,1,1
Rhode Island,119,2022-01-16,0.0,Beverages,22772787.0,0.0,0.0,11259343.5,1,2
Rhode Island,120,2022-01-23,0.0,Beverages,0.0,22869123.0,0.0,11259343.5,1,3
Rhode Island,121,2022-01-30,0.0,Beverages,0.0,23300978.0,19914190.0,11259343.5,1,4
Rhode Island,122,2022-02-06,23357314.0,Beverages,0.0,0.0,18920025.0,5693196.75,2,5
Rhode Island,123,2022-02-13,0.0,Beverages,23357314.0,0.0,0.0,5839328.5,2,6
Rhode Island,124,2022-02-20,0.0,Beverages,0.0,22264587.0,0.0,5839328.5,2,7
Rhode Island,125,2022-02-27,0.0,Beverages,0.0,22772787.0,19169356.0,5839328.5,2,8
Rhode Island,126,2022-03-06,24059181.0,Beverages,0.0,0.0,19610358.0,5839328.5,3,9
Rhode Island,127,2022-03-13,0.0,Beverages,24059181.0,0.0,0.0,6014795.25,3,10
Rhode Island,128,2022-03-20,0.0,Beverages,0.0,0.0,0.0,6014795.25,3,11
Rhode Island,129,2022-03-27,0.0,Beverages,0.0,23357314.0,0.0,6014795.25,3,12
Rhode Island,130,2022-04-03,25065172.0,Beverages,0.0,0.0,18013919.0,6014795.25,4,13
Rhode Island,131,2022-04-10,25080892.0,Beverages,25065172.0,0.0,17732145.0,6266293.0,4,14
Rhode Island,132,2022-04-17,0.0,Beverages,25080892.0,0.0,0.0,12536516.0,4,15
Rhode Island,133,2022-04-24,0.0,Beverages,0.0,24059181.0,0.0,12536516.0,4,16
Rhode Island,134,2022-05-01,25106485.0,Beverages,0.0,0.0,23725178.0,12536516.0,5,17
Rhode Island,135,2022-05-08,26216069.0,Beverages,25106485.0,0.0,23868671.0,12546844.25,5,18
Rhode Island,136,2022-05-15,0.0,Beverages,26216069.0,0.0,0.0,12830638.5,5,19
Rhode Island,137,2022-05-22,0.0,Beverages,0.0,25065172.0,0.0,12830638.5,5,20
Rhode Island,138,2022-05-29,0.0,Beverages,0.0,25080892.0,0.0,12830638.5,5,21
Rhode Island,139,2022-06-05,28181142.0,Beverages,0.0,0.0,23698831.0,6554017.25,6,22
Rhode Island,140,2022-06-12,28026795.0,Beverages,28181142.0,0.0,0.0,7045285.5,6,23
Rhode Island,141,2022-06-19,0.0,Beverages,28026795.0,25106485.0,0.0,14051984.25,6,24
Rhode Island,142,2022-06-26,0.0,Beverages,0.0,26216069.0,0.0,14051984.25,6,25
Rhode Island,143,2022-07-03,31263263.0,Beverages,0.0,0.0,22869123.0,14051984.25,7,26
Rhode Island,144,2022-07-10,29295752.0,Beverages,31263263.0,0.0,23300978.0,14822514.5,7,27
Rhode Island,145,2022-07-17,0.0,Beverages,29295752.0,0.0,0.0,15139753.75,7,28
Rhode Island,146,2022-07-24,0.0,Beverages,0.0,28181142.0,0.0,15139753.75,7,29
Rhode Island,147,2022-07-31,0.0,Beverages,0.0,28026795.0,22264587.0,15139753.75,7,30
Rhode Island,148,2022-08-07,30340206.0,Beverages,0.0,0.0,22772787.0,7323938.0,8,31
Rhode Island,149,2022-08-14,0.0,Beverages,30340206.0,0.0,0.0,7585051.5,8,32
Rhode Island,150,2022-08-21,0.0,Beverages,0.0,31263263.0,0.0,7585051.5,8,33
Rhode Island,151,2022-08-28,0.0,Beverages,0.0,29295752.0,0.0,7585051.5,8,34
Rhode Island,152,2022-09-04,28296567.0,Beverages,0.0,0.0,23357314.0,7585051.5,9,35
Rhode Island,153,2022-09-11,26219165.0,Beverages,28296567.0,0.0,0.0,7074141.75,9,36
Rhode Island,154,2022-09-18,0.0,Beverages,26219165.0,0.0,0.0,13628933.0,9,37
Rhode Island,155,2022-09-25,0.0,Beverages,0.0,30340206.0,0.0,13628933.0,9,38
Rhode Island,156,2022-10-02,24908515.0,Beverages,0.0,0.0,24059181.0,13628933.0,10,39
Rhode Island,157,2022-10-09,25367581.0,Beverages,24908515.0,0.0,0.0,12781920.0,10,40
Rhode Island,158,2022-10-16,0.0,Beverages,25367581.0,0.0,0.0,12569024.0,10,41
Rhode Island,159,2022-10-23,0.0,Beverages,0.0,28296567.0,0.0,12569024.0,10,42
Rhode Island,160,2022-10-30,0.0,Beverages,0.0,26219165.0,25065172.0,12569024.0,10,43
Rhode Island,161,2022-11-06,25600521.0,Beverages,0.0,0.0,25080892.0,6341895.25,11,44
Rhode Island,162,2022-11-13,0.0,Beverages,25600521.0,0.0,0.0,6400130.25,11,45
Rhode Island,163,2022-11-20,0.0,Beverages,0.0,24908515.0,0.0,6400130.25,11,46
Rhode Island,164,2022-11-27,0.0,Beverages,0.0,25367581.0,25106485.0,6400130.25,11,47
Rhode Island,165,2022-12-04,24246399.0,Beverages,0.0,0.0,26216069.0,6400130.25,12,48
Rhode Island,166,2022-12-11,25189012.0,Beverages,24246399.0,0.0,0.0,6061599.75,12,49
Rhode Island,167,2022-12-18,0.0,Beverages,25189012.0,0.0,0.0,12358852.75,12,50
Rhode Island,168,2022-12-25,0.0,Beverages,0.0,25600521.0,0.0,12358852.75,12,51
Rhode Island,169,2023-01-01,23545999.0,Beverages,0.0,0.0,28181142.0,12358852.75,1,52
Rhode Island,170,2023-01-08,24992025.0,Beverages,23545999.0,0.0,28026795.0,12183752.75,1,1
Rhode Island,171,2023-01-15,0.0,Beverages,24992025.0,0.0,0.0,12134506.0,1,2
Rhode Island,172,2023-01-22,0.0,Beverages,0.0,24246399.0,0.0,12134506.0,1,3
Rhode Island,173,2023-01-29,0.0,Beverages,0.0,25189012.0,31263263.0,12134506.0,1,4
Rhode Island,174,2023-02-05,24833609.0,Beverages,0.0,0.0,29295752.0,6248006.25,2,5
Rhode Island,175,2023-02-12,24628163.0,Beverages,24833609.0,0.0,0.0,6208402.25,2,6
Rhode Island,176,2023-02-19,0.0,Beverages,24628163.0,23545999.0,0.0,12365443.0,2,7
Rhode Island,177,2023-02-26,0.0,Beverages,0.0,24992025.0,0.0,12365443.0,2,8
Rhode Island,178,2023-03-05,26251443.0,Beverages,0.0,0.0,30340206.0,12365443.0,3,9
Rhode Island,179,2023-03-12,27144883.0,Beverages,26251443.0,0.0,0.0,12719901.5,3,10
Rhode Island,180,2023-03-19,0.0,Beverages,27144883.0,0.0,0.0,13349081.5,3,11
Rhode Island,181,2023-03-26,0.0,Beverages,0.0,24833609.0,0.0,13349081.5,3,12
Rhode Island,182,2023-04-02,25506948.0,Beverages,0.0,24628163.0,28296567.0,13349081.5,4,13
Rhode Island,183,2023-04-09,27104665.0,Beverages,25506948.0,0.0,26219165.0,13162957.75,4,14
Rhode Island,184,2023-04-16,0.0,Beverages,27104665.0,0.0,0.0,13152903.25,4,15
Rhode Island,185,2023-04-23,0.0,Beverages,0.0,26251443.0,0.0,13152903.25,4,16
Rhode Island,186,2023-04-30,0.0,Beverages,0.0,27144883.0,24908515.0,13152903.25,4,17
Rhode Island,187,2023-05-07,28258432.0,Beverages,0.0,0.0,25367581.0,6776166.25,5,18
South Carolina,30,2020-05-03,116196588.0,Beverages,0.0,0.0,114383017.0,54618582.0,5,18
South Carolina,31,2020-05-10,115219472.0,Beverages,116196588.0,0.0,0.0,56242523.75,5,19
South Carolina,32,2020-05-17,0.0,Beverages,115219472.0,0.0,0.0,57854015.0,5,20
South Carolina,33,2020-05-24,0.0,Beverages,0.0,109700821.0,0.0,57854015.0,5,21
South Carolina,34,2020-05-31,0.0,Beverages,0.0,108773507.0,101518325.0,57854015.0,5,22
South Carolina,35,2020-06-07,122039883.0,Beverages,0.0,0.0,101041837.0,28804868.0,6,23
South Carolina,36,2020-06-14,0.0,Beverages,122039883.0,0.0,0.0,30509970.75,6,24
South Carolina,37,2020-06-21,0.0,Beverages,0.0,116196588.0,0.0,30509970.75,6,25
South Carolina,38,2020-06-28,0.0,Beverages,0.0,115219472.0,97713917.0,30509970.75,6,26
South Carolina,39,2020-07-05,132593655.0,Beverages,0.0,0.0,99273973.0,30509970.75,7,27
South Carolina,40,2020-07-12,122574667.0,Beverages,132593655.0,0.0,0.0,33148413.75,7,28
South Carolina,41,2020-07-19,0.0,Beverages,122574667.0,0.0,0.0,63792080.5,7,29
South Carolina,42,2020-07-26,0.0,Beverages,0.0,122039883.0,0.0,63792080.5,7,30
South Carolina,43,2020-08-02,125876673.0,Beverages,0.0,0.0,96859134.0,63792080.5,8,31
South Carolina,44,2020-08-09,125700126.0,Beverages,125876673.0,0.0,97732879.0,62112835.0,8,32
South Carolina,45,2020-08-16,0.0,Beverages,125700126.0,0.0,0.0,62894199.75,8,33
South Carolina,46,2020-08-23,0.0,Beverages,0.0,132593655.0,0.0,62894199.75,8,34
South Carolina,47,2020-08-30,0.0,Beverages,0.0,122574667.0,97486877.0,62894199.75,8,35
South Carolina,48,2020-09-06,123513393.0,Beverages,0.0,0.0,99428920.0,31425031.5,9,36
South Carolina,49,2020-09-13,0.0,Beverages,123513393.0,0.0,0.0,30878348.25,9,37
South Carolina,50,2020-09-20,0.0,Beverages,0.0,125876673.0,0.0,30878348.25,9,38
South Carolina,51,2020-09-27,0.0,Beverages,0.0,125700126.0,102674942.0,30878348.25,9,39
South Carolina,52,2020-10-04,118393333.0,Beverages,0.0,0.0,105918812.0,30878348.25,10,40
South Carolina,53,2020-10-11,115546164.0,Beverages,118393333.0,0.0,0.0,29598333.25,10,41
South Carolina,54,2020-10-18,0.0,Beverages,115546164.0,0.0,0.0,58484874.25,10,42
South Carolina,55,2020-10-25,0.0,Beverages,0.0,123513393.0,0.0,58484874.25,10,43
South Carolina,56,2020-11-01,108607871.0,Beverages,0.0,0.0,109700821.0,58484874.25,11,44
South Carolina,57,2020-11-08,109323980.0,Beverages,108607871.0,0.0,108773507.0,56038508.75,11,45
South Carolina,58,2020-11-15,0.0,Beverages,109323980.0,0.0,0.0,54482962.75,11,46
South Carolina,59,2020-11-22,0.0,Beverages,0.0,118393333.0,0.0,54482962.75,11,47
South Carolina,60,2020-11-29,0.0,Beverages,0.0,115546164.0,116196588.0,54482962.75,11,48
South Carolina,61,2020-12-06,104097292.0,Beverages,0.0,0.0,115219472.0,27330995.0,12,49
South Carolina,62,2020-12-13,0.0,Beverages,104097292.0,0.0,0.0,26024323.0,12,50
South Carolina,63,2020-12-20,0.0,Beverages,0.0,108607871.0,0.0,26024323.0,12,51
South Carolina,64,2020-12-27,0.0,Beverages,0.0,109323980.0,0.0,26024323.0,12,52
South Carolina,65,2021-01-03,105691763.0,Beverages,0.0,0.0,122039883.0,26024323.0,1,53
South Carolina,66,2021-01-10,105420670.0,Beverages,105691763.0,0.0,0.0,26422940.75,1,1
South Carolina,67,2021-01-17,0.0,Beverages,105420670.0,0.0,0.0,52778108.25,1,2
South Carolina,68,2021-01-24,0.0,Beverages,0.0,104097292.0,0.0,52778108.25,1,3
South Carolina,69,2021-01-31,0.0,Beverages,0.0,0.0,132593655.0,52778108.25,1,4
South Carolina,70,2021-02-07,105642956.0,Beverages,0.0,0.0,122574667.0,26355167.5,2,5
South Carolina,71,2021-02-14,0.0,Beverages,105642956.0,0.0,0.0,26410739.0,2,6
South Carolina,72,2021-02-21,0.0,Beverages,0.0,105691763.0,0.0,26410739.0,2,7
South Carolina,73,2021-02-28,0.0,Beverages,0.0,105420670.0,125876673.0,26410739.0,2,8
South Carolina,74,2021-03-07,112826155.0,Beverages,0.0,0.0,125700126.0,26410739.0,3,9
South Carolina,75,2021-03-14,0.0,Beverages,112826155.0,0.0,0.0,28206538.75,3,10
South Carolina,76,2021-03-21,0.0,Beverages,0.0,0.0,0.0,28206538.75,3,11
South Carolina,77,2021-03-28,0.0,Beverages,0.0,105642956.0,0.0,28206538.75,3,12
South Carolina,78,2021-04-04,119123090.0,Beverages,0.0,0.0,123513393.0,28206538.75,4,13
South Carolina,79,2021-04-11,120645103.0,Beverages,119123090.0,0.0,0.0,29780772.5,4,14
South Carolina,80,2021-04-18,0.0,Beverages,120645103.0,0.0,0.0,59942048.25,4,15
South Carolina,81,2021-04-25,0.0,Beverages,0.0,112826155.0,0.0,59942048.25,4,16
South Carolina,82,2021-05-02,123593132.0,Beverages,0.0,0.0,118393333.0,59942048.25,5,17
South Carolina,83,2021-05-09,125587920.0,Beverages,123593132.0,0.0,115546164.0,61059558.75,5,18
South Carolina,84,2021-05-16,0.0,Beverages,125587920.0,0.0,0.0,62295263.0,5,19
South Carolina,85,2021-05-23,0.0,Beverages,0.0,119123090.0,0.0,62295263.0,5,20
South Carolina,86,2021-05-30,0.0,Beverages,0.0,120645103.0,108607871.0,62295263.0,5,21
South Carolina,87,2021-06-06,131297261.0,Beverages,0.0,0.0,109323980.0,31396980.0,6,22
South Carolina,88,2021-06-13,0.0,Beverages,131297261.0,0.0,0.0,32824315.25,6,23
South Carolina,89,2021-06-20,0.0,Beverages,0.0,123593132.0,0.0,32824315.25,6,24
South Carolina,90,2021-06-27,0.0,Beverages,0.0,125587920.0,0.0,32824315.25,6,25
South Carolina,91,2021-07-04,142350228.0,Beverages,0.0,0.0,104097292.0,32824315.25,7,26
South Carolina,92,2021-07-11,132319092.0,Beverages,142350228.0,0.0,0.0,35587557.0,7,27
South Carolina,93,2021-07-18,0.0,Beverages,132319092.0,0.0,0.0,68667330.0,7,28
South Carolina,94,2021-07-25,0.0,Beverages,0.0,131297261.0,0.0,68667330.0,7,29
South Carolina,95,2021-08-01,137103834.0,Beverages,0.0,0.0,105691763.0,68667330.0,8,30
South Carolina,96,2021-08-08,132733260.0,Beverages,137103834.0,0.0,105420670.0,67355731.5,8,31
South Carolina,97,2021-08-15,0.0,Beverages,132733260.0,0.0,0.0,67459273.5,8,32
South Carolina,98,2021-08-22,0.0,Beverages,0.0,142350228.0,0.0,67459273.5,8,33
South Carolina,99,2021-08-29,0.0,Beverages,0.0,132319092.0,0.0,67459273.5,8,34
South Carolina,100,2021-09-05,139602832.0,Beverages,0.0,0.0,105642956.0,33183315.0,9,35
South Carolina,101,2021-09-12,130647182.0,Beverages,139602832.0,0.0,0.0,34900708.0,9,36
South Carolina,102,2021-09-19,0.0,Beverages,130647182.0,137103834.0,0.0,67562503.5,9,37
South Carolina,103,2021-09-26,0.0,Beverages,0.0,132733260.0,0.0,67562503.5,9,38
South Carolina,104,2021-10-03,180723407.0,Beverages,0.0,0.0,112826155.0,67562503.5,10,39
South Carolina,105,2021-10-10,176599858.0,Beverages,180723407.0,0.0,0.0,77842647.25,10,40
South Carolina,106,2021-10-17,0.0,Beverages,176599858.0,0.0,0.0,89330816.25,10,41
South Carolina,107,2021-10-24,0.0,Beverages,0.0,139602832.0,0.0,89330816.25,10,42
South Carolina,108,2021-10-31,0.0,Beverages,0.0,130647182.0,119123090.0,89330816.25,10,43
South Carolina,109,2021-11-07,166607824.0,Beverages,0.0,0.0,120645103.0,44149964.5,11,44
South Carolina,110,2021-11-14,0.0,Beverages,166607824.0,0.0,0.0,41651956.0,11,45
South Carolina,111,2021-11-21,0.0,Beverages,0.0,180723407.0,0.0,41651956.0,11,46
South Carolina,112,2021-11-28,0.0,Beverages,0.0,176599858.0,123593132.0,41651956.0,11,47
South Carolina,113,2021-12-05,162585900.0,Beverages,0.0,0.0,125587920.0,41651956.0,12,48
South Carolina,114,2021-12-12,162995925.0,Beverages,162585900.0,0.0,0.0,40646475.0,12,49
South Carolina,115,2021-12-19,0.0,Beverages,162995925.0,0.0,0.0,81395456.25,12,50
South Carolina,116,2021-12-26,0.0,Beverages,0.0,166607824.0,0.0,81395456.25,12,51
South Carolina,117,2022-01-02,163551098.0,Beverages,0.0,0.0,131297261.0,81395456.25,1,52
South Carolina,118,2022-01-09,162783064.0,Beverages,163551098.0,0.0,0.0,81636755.75,1,1
South Carolina,119,2022-01-16,0.0,Beverages,162783064.0,0.0,0.0,81583540.5,1,2
South Carolina,120,2022-01-23,0.0,Beverages,0.0,162585900.0,0.0,81583540.5,1,3
South Carolina,121,2022-01-30,0.0,Beverages,0.0,162995925.0,142350228.0,81583540.5,1,4
South Carolina,122,2022-02-06,165738850.0,Beverages,0.0,0.0,132319092.0,40695766.0,2,5
South Carolina,123,2022-02-13,0.0,Beverages,165738850.0,0.0,0.0,41434712.5,2,6
South Carolina,124,2022-02-20,0.0,Beverages,0.0,163551098.0,0.0,41434712.5,2,7
South Carolina,125,2022-02-27,0.0,Beverages,0.0,162783064.0,137103834.0,41434712.5,2,8
South Carolina,126,2022-03-06,175873738.0,Beverages,0.0,0.0,132733260.0,41434712.5,3,9
South Carolina,127,2022-03-13,0.0,Beverages,175873738.0,0.0,0.0,43968434.5,3,10
South Carolina,128,2022-03-20,0.0,Beverages,0.0,0.0,0.0,43968434.5,3,11
South Carolina,129,2022-03-27,0.0,Beverages,0.0,165738850.0,0.0,43968434.5,3,12
South Carolina,130,2022-04-03,181076192.0,Beverages,0.0,0.0,139602832.0,43968434.5,4,13
South Carolina,131,2022-04-10,187262382.0,Beverages,181076192.0,0.0,130647182.0,45269048.0,4,14
South Carolina,132,2022-04-17,0.0,Beverages,187262382.0,0.0,0.0,92084643.5,4,15
South Carolina,133,2022-04-24,0.0,Beverages,0.0,175873738.0,0.0,92084643.5,4,16
South Carolina,134,2022-05-01,191013792.0,Beverages,0.0,0.0,180723407.0,92084643.5,5,17
South Carolina,135,2022-05-08,192637660.0,Beverages,191013792.0,0.0,176599858.0,94569043.5,5,18
South Carolina,136,2022-05-15,0.0,Beverages,192637660.0,0.0,0.0,95912863.0,5,19
South Carolina,137,2022-05-22,0.0,Beverages,0.0,181076192.0,0.0,95912863.0,5,20
South Carolina,138,2022-05-29,0.0,Beverages,0.0,187262382.0,0.0,95912863.0,5,21
South Carolina,139,2022-06-05,198193324.0,Beverages,0.0,0.0,166607824.0,48159415.0,6,22
South Carolina,140,2022-06-12,199979552.0,Beverages,198193324.0,0.0,0.0,49548331.0,6,23
South Carolina,141,2022-06-19,0.0,Beverages,199979552.0,191013792.0,0.0,99543219.0,6,24
South Carolina,142,2022-06-26,0.0,Beverages,0.0,192637660.0,0.0,99543219.0,6,25
South Carolina,143,2022-07-03,212484199.0,Beverages,0.0,0.0,162585900.0,99543219.0,7,26
South Carolina,144,2022-07-10,203704957.0,Beverages,212484199.0,0.0,162995925.0,103115937.75,7,27
South Carolina,145,2022-07-17,0.0,Beverages,203704957.0,0.0,0.0,104047289.0,7,28
South Carolina,146,2022-07-24,0.0,Beverages,0.0,198193324.0,0.0,104047289.0,7,29
South Carolina,147,2022-07-31,0.0,Beverages,0.0,199979552.0,163551098.0,104047289.0,7,30
South Carolina,148,2022-08-07,209825158.0,Beverages,0.0,0.0,162783064.0,50926239.25,8,31
South Carolina,149,2022-08-14,0.0,Beverages,209825158.0,0.0,0.0,52456289.5,8,32
South Carolina,150,2022-08-21,0.0,Beverages,0.0,212484199.0,0.0,52456289.5,8,33
South Carolina,151,2022-08-28,0.0,Beverages,0.0,203704957.0,0.0,52456289.5,8,34
South Carolina,152,2022-09-04,207052636.0,Beverages,0.0,0.0,165738850.0,52456289.5,9,35
South Carolina,153,2022-09-11,198776568.0,Beverages,207052636.0,0.0,0.0,51763159.0,9,36
South Carolina,154,2022-09-18,0.0,Beverages,198776568.0,0.0,0.0,101457301.0,9,37
South Carolina,155,2022-09-25,0.0,Beverages,0.0,209825158.0,0.0,101457301.0,9,38
South Carolina,156,2022-10-02,202964629.0,Beverages,0.0,0.0,175873738.0,101457301.0,10,39
South Carolina,157,2022-10-09,192621234.0,Beverages,202964629.0,0.0,0.0,100435299.25,10,40
South Carolina,158,2022-10-16,0.0,Beverages,192621234.0,0.0,0.0,98896465.75,10,41
South Carolina,159,2022-10-23,0.0,Beverages,0.0,207052636.0,0.0,98896465.75,10,42
South Carolina,160,2022-10-30,0.0,Beverages,0.0,198776568.0,181076192.0,98896465.75,10,43
South Carolina,161,2022-11-06,183072080.0,Beverages,0.0,0.0,187262382.0,48155308.5,11,44
South Carolina,162,2022-11-13,0.0,Beverages,183072080.0,0.0,0.0,45768020.0,11,45
South Carolina,163,2022-11-20,0.0,Beverages,0.0,202964629.0,0.0,45768020.0,11,46
South Carolina,164,2022-11-27,0.0,Beverages,0.0,192621234.0,191013792.0,45768020.0,11,47
South Carolina,165,2022-12-04,178047572.0,Beverages,0.0,0.0,192637660.0,45768020.0,12,48
South Carolina,166,2022-12-11,179660743.0,Beverages,178047572.0,0.0,0.0,44511893.0,12,49
South Carolina,167,2022-12-18,0.0,Beverages,179660743.0,0.0,0.0,89427078.75,12,50
South Carolina,168,2022-12-25,0.0,Beverages,0.0,183072080.0,0.0,89427078.75,12,51
South Carolina,169,2023-01-01,178693691.0,Beverages,0.0,0.0,198193324.0,89427078.75,1,52
South Carolina,170,2023-01-08,176995113.0,Beverages,178693691.0,0.0,199979552.0,89588608.5,1,1
South Carolina,171,2023-01-15,0.0,Beverages,176995113.0,0.0,0.0,88922201.0,1,2
South Carolina,172,2023-01-22,0.0,Beverages,0.0,178047572.0,0.0,88922201.0,1,3
South Carolina,173,2023-01-29,0.0,Beverages,0.0,179660743.0,212484199.0,88922201.0,1,4
South Carolina,174,2023-02-05,178638946.0,Beverages,0.0,0.0,203704957.0,44248778.25,2,5
South Carolina,175,2023-02-12,180928462.0,Beverages,178638946.0,0.0,0.0,44659736.5,2,6
South Carolina,176,2023-02-19,0.0,Beverages,180928462.0,178693691.0,0.0,89891852.0,2,7
South Carolina,177,2023-02-26,0.0,Beverages,0.0,176995113.0,0.0,89891852.0,2,8
South Carolina,178,2023-03-05,193419521.0,Beverages,0.0,0.0,209825158.0,89891852.0,3,9
South Carolina,179,2023-03-12,206941748.0,Beverages,193419521.0,0.0,0.0,93586995.75,3,10
South Carolina,180,2023-03-19,0.0,Beverages,206941748.0,0.0,0.0,100090317.25,3,11
South Carolina,181,2023-03-26,0.0,Beverages,0.0,178638946.0,0.0,100090317.25,3,12
South Carolina,182,2023-04-02,195832713.0,Beverages,0.0,180928462.0,207052636.0,100090317.25,4,13
South Carolina,183,2023-04-09,197534798.0,Beverages,195832713.0,0.0,198776568.0,100693615.25,4,14
South Carolina,184,2023-04-16,0.0,Beverages,197534798.0,0.0,0.0,98341877.75,4,15
South Carolina,185,2023-04-23,0.0,Beverages,0.0,193419521.0,0.0,98341877.75,4,16
South Carolina,186,2023-04-30,0.0,Beverages,0.0,206941748.0,202964629.0,98341877.75,4,17
South Carolina,187,2023-05-07,207827572.0,Beverages,0.0,0.0,192621234.0,49383699.5,5,18
South Dakota,30,2020-05-03,17620604.0,Beverages,0.0,0.0,15271120.0,8045363.75,5,18
South Dakota,31,2020-05-10,17242993.0,Beverages,17620604.0,0.0,0.0,8447961.0,5,19
South Dakota,32,2020-05-17,0.0,Beverages,17242993.0,0.0,0.0,8715899.25,5,20
South Dakota,33,2020-05-24,0.0,Beverages,0.0,16010215.0,0.0,8715899.25,5,21
South Dakota,34,2020-05-31,0.0,Beverages,0.0,16171240.0,14897185.0,8715899.25,5,22
South Dakota,35,2020-06-07,19638362.0,Beverages,0.0,0.0,15098715.0,4310748.25,6,23
South Dakota,36,2020-06-14,0.0,Beverages,19638362.0,0.0,0.0,4909590.5,6,24
South Dakota,37,2020-06-21,0.0,Beverages,0.0,17620604.0,0.0,4909590.5,6,25
South Dakota,38,2020-06-28,0.0,Beverages,0.0,17242993.0,14701327.0,4909590.5,6,26
South Dakota,39,2020-07-05,21446684.0,Beverages,0.0,0.0,14563391.0,4909590.5,7,27
South Dakota,40,2020-07-12,19797094.0,Beverages,21446684.0,0.0,0.0,5361671.0,7,28
South Dakota,41,2020-07-19,0.0,Beverages,19797094.0,0.0,0.0,10310944.5,7,29
South Dakota,42,2020-07-26,0.0,Beverages,0.0,19638362.0,0.0,10310944.5,7,30
South Dakota,43,2020-08-02,19718838.0,Beverages,0.0,0.0,14584980.0,10310944.5,8,31
South Dakota,44,2020-08-09,20181077.0,Beverages,19718838.0,0.0,15167398.0,9878983.0,8,32
South Dakota,45,2020-08-16,0.0,Beverages,20181077.0,0.0,0.0,9974978.75,8,33
South Dakota,46,2020-08-23,0.0,Beverages,0.0,21446684.0,0.0,9974978.75,8,34
South Dakota,47,2020-08-30,0.0,Beverages,0.0,19797094.0,15408970.0,9974978.75,8,35
South Dakota,48,2020-09-06,18294091.0,Beverages,0.0,0.0,14295837.0,5045269.25,9,36
South Dakota,49,2020-09-13,0.0,Beverages,18294091.0,0.0,0.0,4573522.75,9,37
South Dakota,50,2020-09-20,0.0,Beverages,0.0,19718838.0,0.0,4573522.75,9,38
South Dakota,51,2020-09-27,0.0,Beverages,0.0,20181077.0,15685229.0,4573522.75,9,39
South Dakota,52,2020-10-04,16607853.0,Beverages,0.0,0.0,16445448.0,4573522.75,10,40
South Dakota,53,2020-10-11,16853967.0,Beverages,16607853.0,0.0,0.0,4151963.25,10,41
South Dakota,54,2020-10-18,0.0,Beverages,16853967.0,0.0,0.0,8365455.0,10,42
South Dakota,55,2020-10-25,0.0,Beverages,0.0,18294091.0,0.0,8365455.0,10,43
South Dakota,56,2020-11-01,15798141.0,Beverages,0.0,0.0,16010215.0,8365455.0,11,44
South Dakota,57,2020-11-08,16533416.0,Beverages,15798141.0,0.0,16171240.0,8163027.0,11,45
South Dakota,58,2020-11-15,0.0,Beverages,16533416.0,0.0,0.0,8082889.25,11,46
South Dakota,59,2020-11-22,0.0,Beverages,0.0,16607853.0,0.0,8082889.25,11,47
South Dakota,60,2020-11-29,0.0,Beverages,0.0,16853967.0,17620604.0,8082889.25,11,48
South Dakota,61,2020-12-06,15634339.0,Beverages,0.0,0.0,17242993.0,4133354.0,12,49
South Dakota,62,2020-12-13,0.0,Beverages,15634339.0,0.0,0.0,3908584.75,12,50
South Dakota,63,2020-12-20,0.0,Beverages,0.0,15798141.0,0.0,3908584.75,12,51
South Dakota,64,2020-12-27,0.0,Beverages,0.0,16533416.0,0.0,3908584.75,12,52
South Dakota,65,2021-01-03,15773717.0,Beverages,0.0,0.0,19638362.0,3908584.75,1,53
South Dakota,66,2021-01-10,15912125.0,Beverages,15773717.0,0.0,0.0,3943429.25,1,1
South Dakota,67,2021-01-17,0.0,Beverages,15912125.0,0.0,0.0,7921460.5,1,2
South Dakota,68,2021-01-24,0.0,Beverages,0.0,15634339.0,0.0,7921460.5,1,3
South Dakota,69,2021-01-31,0.0,Beverages,0.0,0.0,21446684.0,7921460.5,1,4
South Dakota,70,2021-02-07,15619897.0,Beverages,0.0,0.0,19797094.0,3978031.25,2,5
South Dakota,71,2021-02-14,0.0,Beverages,15619897.0,0.0,0.0,3904974.25,2,6
South Dakota,72,2021-02-21,0.0,Beverages,0.0,15773717.0,0.0,3904974.25,2,7
South Dakota,73,2021-02-28,0.0,Beverages,0.0,15912125.0,19718838.0,3904974.25,2,8
South Dakota,74,2021-03-07,17167338.0,Beverages,0.0,0.0,20181077.0,3904974.25,3,9
South Dakota,75,2021-03-14,0.0,Beverages,17167338.0,0.0,0.0,4291834.5,3,10
South Dakota,76,2021-03-21,0.0,Beverages,0.0,0.0,0.0,4291834.5,3,11
South Dakota,77,2021-03-28,0.0,Beverages,0.0,15619897.0,0.0,4291834.5,3,12
South Dakota,78,2021-04-04,17655542.0,Beverages,0.0,0.0,18294091.0,4291834.5,4,13
South Dakota,79,2021-04-11,17329849.0,Beverages,17655542.0,0.0,0.0,4413885.5,4,14
South Dakota,80,2021-04-18,0.0,Beverages,17329849.0,0.0,0.0,8746347.75,4,15
South Dakota,81,2021-04-25,0.0,Beverages,0.0,17167338.0,0.0,8746347.75,4,16
South Dakota,82,2021-05-02,18812183.0,Beverages,0.0,0.0,16607853.0,8746347.75,5,17
South Dakota,83,2021-05-09,18081148.0,Beverages,18812183.0,0.0,16853967.0,9035508.0,5,18
South Dakota,84,2021-05-16,0.0,Beverages,18081148.0,0.0,0.0,9223332.75,5,19
South Dakota,85,2021-05-23,0.0,Beverages,0.0,17655542.0,0.0,9223332.75,5,20
South Dakota,86,2021-05-30,0.0,Beverages,0.0,17329849.0,15798141.0,9223332.75,5,21
South Dakota,87,2021-06-06,21278083.0,Beverages,0.0,0.0,16533416.0,4520287.0,6,22
South Dakota,88,2021-06-13,0.0,Beverages,21278083.0,0.0,0.0,5319520.75,6,23
South Dakota,89,2021-06-20,0.0,Beverages,0.0,18812183.0,0.0,5319520.75,6,24
South Dakota,90,2021-06-27,0.0,Beverages,0.0,18081148.0,0.0,5319520.75,6,25
South Dakota,91,2021-07-04,23658904.0,Beverages,0.0,0.0,15634339.0,5319520.75,7,26
South Dakota,92,2021-07-11,20854708.0,Beverages,23658904.0,0.0,0.0,5914726.0,7,27
South Dakota,93,2021-07-18,0.0,Beverages,20854708.0,0.0,0.0,11128403.0,7,28
South Dakota,94,2021-07-25,0.0,Beverages,0.0,21278083.0,0.0,11128403.0,7,29
South Dakota,95,2021-08-01,21566844.0,Beverages,0.0,0.0,15773717.0,11128403.0,8,30
South Dakota,96,2021-08-08,22216319.0,Beverages,21566844.0,0.0,15912125.0,10605388.0,8,31
South Dakota,97,2021-08-15,0.0,Beverages,22216319.0,0.0,0.0,10945790.75,8,32
South Dakota,98,2021-08-22,0.0,Beverages,0.0,23658904.0,0.0,10945790.75,8,33
South Dakota,99,2021-08-29,0.0,Beverages,0.0,20854708.0,0.0,10945790.75,8,34
South Dakota,100,2021-09-05,20271008.0,Beverages,0.0,0.0,15619897.0,5554079.75,9,35
South Dakota,101,2021-09-12,18873970.0,Beverages,20271008.0,0.0,0.0,5067752.0,9,36
South Dakota,102,2021-09-19,0.0,Beverages,18873970.0,21566844.0,0.0,9786244.5,9,37
South Dakota,103,2021-09-26,0.0,Beverages,0.0,22216319.0,0.0,9786244.5,9,38
South Dakota,104,2021-10-03,26303345.0,Beverages,0.0,0.0,17167338.0,9786244.5,10,39
South Dakota,105,2021-10-10,26411019.0,Beverages,26303345.0,0.0,0.0,11294328.75,10,40
South Dakota,106,2021-10-17,0.0,Beverages,26411019.0,0.0,0.0,13178591.0,10,41
South Dakota,107,2021-10-24,0.0,Beverages,0.0,20271008.0,0.0,13178591.0,10,42
South Dakota,108,2021-10-31,0.0,Beverages,0.0,18873970.0,17655542.0,13178591.0,10,43
South Dakota,109,2021-11-07,25141437.0,Beverages,0.0,0.0,17329849.0,6602754.75,11,44
South Dakota,110,2021-11-14,0.0,Beverages,25141437.0,0.0,0.0,6285359.25,11,45
South Dakota,111,2021-11-21,0.0,Beverages,0.0,26303345.0,0.0,6285359.25,11,46
South Dakota,112,2021-11-28,0.0,Beverages,0.0,26411019.0,18812183.0,6285359.25,11,47
South Dakota,113,2021-12-05,24109456.0,Beverages,0.0,0.0,18081148.0,6285359.25,12,48
South Dakota,114,2021-12-12,25745864.0,Beverages,24109456.0,0.0,0.0,6027364.0,12,49
South Dakota,115,2021-12-19,0.0,Beverages,25745864.0,0.0,0.0,12463830.0,12,50
South Dakota,116,2021-12-26,0.0,Beverages,0.0,25141437.0,0.0,12463830.0,12,51
South Dakota,117,2022-01-02,24421534.0,Beverages,0.0,0.0,21278083.0,12463830.0,1,52
South Dakota,118,2022-01-09,24382756.0,Beverages,24421534.0,0.0,0.0,12541849.5,1,1
South Dakota,119,2022-01-16,0.0,Beverages,24382756.0,0.0,0.0,12201072.5,1,2
South Dakota,120,2022-01-23,0.0,Beverages,0.0,24109456.0,0.0,12201072.5,1,3
South Dakota,121,2022-01-30,0.0,Beverages,0.0,25745864.0,23658904.0,12201072.5,1,4
South Dakota,122,2022-02-06,24178742.0,Beverages,0.0,0.0,20854708.0,6095689.0,2,5
South Dakota,123,2022-02-13,0.0,Beverages,24178742.0,0.0,0.0,6044685.5,2,6
South Dakota,124,2022-02-20,0.0,Beverages,0.0,24421534.0,0.0,6044685.5,2,7
South Dakota,125,2022-02-27,0.0,Beverages,0.0,24382756.0,21566844.0,6044685.5,2,8
South Dakota,126,2022-03-06,26142223.0,Beverages,0.0,0.0,22216319.0,6044685.5,3,9
South Dakota,127,2022-03-13,0.0,Beverages,26142223.0,0.0,0.0,6535555.75,3,10
South Dakota,128,2022-03-20,0.0,Beverages,0.0,0.0,0.0,6535555.75,3,11
South Dakota,129,2022-03-27,0.0,Beverages,0.0,24178742.0,0.0,6535555.75,3,12
South Dakota,130,2022-04-03,27394215.0,Beverages,0.0,0.0,20271008.0,6535555.75,4,13
South Dakota,131,2022-04-10,26262039.0,Beverages,27394215.0,0.0,18873970.0,6848553.75,4,14
South Dakota,132,2022-04-17,0.0,Beverages,26262039.0,0.0,0.0,13414063.5,4,15
South Dakota,133,2022-04-24,0.0,Beverages,0.0,26142223.0,0.0,13414063.5,4,16
South Dakota,134,2022-05-01,27760749.0,Beverages,0.0,0.0,26303345.0,13414063.5,5,17
South Dakota,135,2022-05-08,28122314.0,Beverages,27760749.0,0.0,26411019.0,13505697.0,5,18
South Dakota,136,2022-05-15,0.0,Beverages,28122314.0,0.0,0.0,13970765.75,5,19
South Dakota,137,2022-05-22,0.0,Beverages,0.0,27394215.0,0.0,13970765.75,5,20
South Dakota,138,2022-05-29,0.0,Beverages,0.0,26262039.0,0.0,13970765.75,5,21
South Dakota,139,2022-06-05,31133691.0,Beverages,0.0,0.0,25141437.0,7030578.5,6,22
South Dakota,140,2022-06-12,32190860.0,Beverages,31133691.0,0.0,0.0,7783422.75,6,23
South Dakota,141,2022-06-19,0.0,Beverages,32190860.0,27760749.0,0.0,15831137.75,6,24
South Dakota,142,2022-06-26,0.0,Beverages,0.0,28122314.0,0.0,15831137.75,6,25
South Dakota,143,2022-07-03,34242938.0,Beverages,0.0,0.0,24109456.0,15831137.75,7,26
South Dakota,144,2022-07-10,31691050.0,Beverages,34242938.0,0.0,25745864.0,16608449.5,7,27
South Dakota,145,2022-07-17,0.0,Beverages,31691050.0,0.0,0.0,16483497.0,7,28
South Dakota,146,2022-07-24,0.0,Beverages,0.0,31133691.0,0.0,16483497.0,7,29
South Dakota,147,2022-07-31,0.0,Beverages,0.0,32190860.0,24421534.0,16483497.0,7,30
South Dakota,148,2022-08-07,33116872.0,Beverages,0.0,0.0,24382756.0,7922762.5,8,31
South Dakota,149,2022-08-14,0.0,Beverages,33116872.0,0.0,0.0,8279218.0,8,32
South Dakota,150,2022-08-21,0.0,Beverages,0.0,34242938.0,0.0,8279218.0,8,33
South Dakota,151,2022-08-28,0.0,Beverages,0.0,31691050.0,0.0,8279218.0,8,34
South Dakota,152,2022-09-04,30379794.0,Beverages,0.0,0.0,24178742.0,8279218.0,9,35
South Dakota,153,2022-09-11,29086014.0,Beverages,30379794.0,0.0,0.0,7594948.5,9,36
South Dakota,154,2022-09-18,0.0,Beverages,29086014.0,0.0,0.0,14866452.0,9,37
South Dakota,155,2022-09-25,0.0,Beverages,0.0,33116872.0,0.0,14866452.0,9,38
South Dakota,156,2022-10-02,27940575.0,Beverages,0.0,0.0,26142223.0,14866452.0,10,39
South Dakota,157,2022-10-09,28029169.0,Beverages,27940575.0,0.0,0.0,14256647.25,10,40
South Dakota,158,2022-10-16,0.0,Beverages,28029169.0,0.0,0.0,13992436.0,10,41
South Dakota,159,2022-10-23,0.0,Beverages,0.0,30379794.0,0.0,13992436.0,10,42
South Dakota,160,2022-10-30,0.0,Beverages,0.0,29086014.0,27394215.0,13992436.0,10,43
South Dakota,161,2022-11-06,26862346.0,Beverages,0.0,0.0,26262039.0,7007292.25,11,44
South Dakota,162,2022-11-13,0.0,Beverages,26862346.0,0.0,0.0,6715586.5,11,45
South Dakota,163,2022-11-20,0.0,Beverages,0.0,27940575.0,0.0,6715586.5,11,46
South Dakota,164,2022-11-27,0.0,Beverages,0.0,28029169.0,27760749.0,6715586.5,11,47
South Dakota,165,2022-12-04,25773990.0,Beverages,0.0,0.0,28122314.0,6715586.5,12,48
South Dakota,166,2022-12-11,27252181.0,Beverages,25773990.0,0.0,0.0,6443497.5,12,49
South Dakota,167,2022-12-18,0.0,Beverages,27252181.0,0.0,0.0,13256542.75,12,50
South Dakota,168,2022-12-25,0.0,Beverages,0.0,26862346.0,0.0,13256542.75,12,51
South Dakota,169,2023-01-01,25916643.0,Beverages,0.0,0.0,31133691.0,13256542.75,1,52
South Dakota,170,2023-01-08,25085727.0,Beverages,25916643.0,0.0,32190860.0,13292206.0,1,1
South Dakota,171,2023-01-15,0.0,Beverages,25085727.0,0.0,0.0,12750592.5,1,2
South Dakota,172,2023-01-22,0.0,Beverages,0.0,25773990.0,0.0,12750592.5,1,3
South Dakota,173,2023-01-29,0.0,Beverages,0.0,27252181.0,34242938.0,12750592.5,1,4
South Dakota,174,2023-02-05,25884511.0,Beverages,0.0,0.0,31691050.0,6271431.75,2,5
South Dakota,175,2023-02-12,27801440.0,Beverages,25884511.0,0.0,0.0,6471127.75,2,6
South Dakota,176,2023-02-19,0.0,Beverages,27801440.0,25916643.0,0.0,13421487.75,2,7
South Dakota,177,2023-02-26,0.0,Beverages,0.0,25085727.0,0.0,13421487.75,2,8
South Dakota,178,2023-03-05,28296887.0,Beverages,0.0,0.0,33116872.0,13421487.75,3,9
South Dakota,179,2023-03-12,29087945.0,Beverages,28296887.0,0.0,0.0,14024581.75,3,10
South Dakota,180,2023-03-19,0.0,Beverages,29087945.0,0.0,0.0,14346208.0,3,11
South Dakota,181,2023-03-26,0.0,Beverages,0.0,25884511.0,0.0,14346208.0,3,12
South Dakota,182,2023-04-02,27831589.0,Beverages,0.0,27801440.0,30379794.0,14346208.0,4,13
South Dakota,183,2023-04-09,28869793.0,Beverages,27831589.0,0.0,29086014.0,14229883.5,4,14
South Dakota,184,2023-04-16,0.0,Beverages,28869793.0,0.0,0.0,14175345.5,4,15
South Dakota,185,2023-04-23,0.0,Beverages,0.0,28296887.0,0.0,14175345.5,4,16
South Dakota,186,2023-04-30,0.0,Beverages,0.0,29087945.0,27940575.0,14175345.5,4,17
South Dakota,187,2023-05-07,30904599.0,Beverages,0.0,0.0,28029169.0,7217448.25,5,18
Tennessee,30,2020-05-03,155827619.0,Beverages,0.0,0.0,155674238.0,73681682.0,5,18
Tennessee,31,2020-05-10,154583769.0,Beverages,155827619.0,0.0,0.0,75627900.5,5,19
Tennessee,32,2020-05-17,0.0,Beverages,154583769.0,0.0,0.0,77602847.0,5,20
Tennessee,33,2020-05-24,0.0,Beverages,0.0,148042745.0,0.0,77602847.0,5,21
Tennessee,34,2020-05-31,0.0,Beverages,0.0,146683983.0,136685980.0,77602847.0,5,22
Tennessee,35,2020-06-07,162676413.0,Beverages,0.0,0.0,136324595.0,38645942.25,6,23
Tennessee,36,2020-06-14,0.0,Beverages,162676413.0,0.0,0.0,40669103.25,6,24
Tennessee,37,2020-06-21,0.0,Beverages,0.0,155827619.0,0.0,40669103.25,6,25
Tennessee,38,2020-06-28,0.0,Beverages,0.0,154583769.0,133945173.0,40669103.25,6,26
Tennessee,39,2020-07-05,173939972.0,Beverages,0.0,0.0,135426365.0,40669103.25,7,27
Tennessee,40,2020-07-12,165348595.0,Beverages,173939972.0,0.0,0.0,43484993.0,7,28
Tennessee,41,2020-07-19,0.0,Beverages,165348595.0,0.0,0.0,84822141.75,7,29
Tennessee,42,2020-07-26,0.0,Beverages,0.0,162676413.0,0.0,84822141.75,7,30
Tennessee,43,2020-08-02,164098352.0,Beverages,0.0,0.0,133107420.0,84822141.75,8,31
Tennessee,44,2020-08-09,167374216.0,Beverages,164098352.0,0.0,133743338.0,82361736.75,8,32
Tennessee,45,2020-08-16,0.0,Beverages,167374216.0,0.0,0.0,82868142.0,8,33
Tennessee,46,2020-08-23,0.0,Beverages,0.0,173939972.0,0.0,82868142.0,8,34
Tennessee,47,2020-08-30,0.0,Beverages,0.0,165348595.0,132609604.0,82868142.0,8,35
Tennessee,48,2020-09-06,167313185.0,Beverages,0.0,0.0,132141058.0,41843554.0,9,36
Tennessee,49,2020-09-13,0.0,Beverages,167313185.0,0.0,0.0,41828296.25,9,37
Tennessee,50,2020-09-20,0.0,Beverages,0.0,164098352.0,0.0,41828296.25,9,38
Tennessee,51,2020-09-27,0.0,Beverages,0.0,167374216.0,139507291.0,41828296.25,9,39
Tennessee,52,2020-10-04,159085809.0,Beverages,0.0,0.0,146429789.0,41828296.25,10,40
Tennessee,53,2020-10-11,152184572.0,Beverages,159085809.0,0.0,0.0,39771452.25,10,41
Tennessee,54,2020-10-18,0.0,Beverages,152184572.0,0.0,0.0,77817595.25,10,42
Tennessee,55,2020-10-25,0.0,Beverages,0.0,167313185.0,0.0,77817595.25,10,43
Tennessee,56,2020-11-01,146919256.0,Beverages,0.0,0.0,148042745.0,77817595.25,11,44
Tennessee,57,2020-11-08,150118207.0,Beverages,146919256.0,0.0,146683983.0,74775957.0,11,45
Tennessee,58,2020-11-15,0.0,Beverages,150118207.0,0.0,0.0,74259365.75,11,46
Tennessee,59,2020-11-22,0.0,Beverages,0.0,159085809.0,0.0,74259365.75,11,47
Tennessee,60,2020-11-29,0.0,Beverages,0.0,152184572.0,155827619.0,74259365.75,11,48
Tennessee,61,2020-12-06,141511500.0,Beverages,0.0,0.0,154583769.0,37529551.75,12,49
Tennessee,62,2020-12-13,0.0,Beverages,141511500.0,0.0,0.0,35377875.0,12,50
Tennessee,63,2020-12-20,0.0,Beverages,0.0,146919256.0,0.0,35377875.0,12,51
Tennessee,64,2020-12-27,0.0,Beverages,0.0,150118207.0,0.0,35377875.0,12,52
Tennessee,65,2021-01-03,144863751.0,Beverages,0.0,0.0,162676413.0,35377875.0,1,53
Tennessee,66,2021-01-10,145534816.0,Beverages,144863751.0,0.0,0.0,36215937.75,1,1
Tennessee,67,2021-01-17,0.0,Beverages,145534816.0,0.0,0.0,72599641.75,1,2
Tennessee,68,2021-01-24,0.0,Beverages,0.0,141511500.0,0.0,72599641.75,1,3
Tennessee,69,2021-01-31,0.0,Beverages,0.0,0.0,173939972.0,72599641.75,1,4
Tennessee,70,2021-02-07,144564282.0,Beverages,0.0,0.0,165348595.0,36383704.0,2,5
Tennessee,71,2021-02-14,0.0,Beverages,144564282.0,0.0,0.0,36141070.5,2,6
Tennessee,72,2021-02-21,0.0,Beverages,0.0,144863751.0,0.0,36141070.5,2,7
Tennessee,73,2021-02-28,0.0,Beverages,0.0,145534816.0,164098352.0,36141070.5,2,8
Tennessee,74,2021-03-07,157927424.0,Beverages,0.0,0.0,167374216.0,36141070.5,3,9
Tennessee,75,2021-03-14,0.0,Beverages,157927424.0,0.0,0.0,39481856.0,3,10
Tennessee,76,2021-03-21,0.0,Beverages,0.0,0.0,0.0,39481856.0,3,11
Tennessee,77,2021-03-28,0.0,Beverages,0.0,144564282.0,0.0,39481856.0,3,12
Tennessee,78,2021-04-04,160816224.0,Beverages,0.0,0.0,167313185.0,39481856.0,4,13
Tennessee,79,2021-04-11,163283813.0,Beverages,160816224.0,0.0,0.0,40204056.0,4,14
Tennessee,80,2021-04-18,0.0,Beverages,163283813.0,0.0,0.0,81025009.25,4,15
Tennessee,81,2021-04-25,0.0,Beverages,0.0,157927424.0,0.0,81025009.25,4,16
Tennessee,82,2021-05-02,166154761.0,Beverages,0.0,0.0,159085809.0,81025009.25,5,17
Tennessee,83,2021-05-09,166121632.0,Beverages,166154761.0,0.0,152184572.0,82359643.5,5,18
Tennessee,84,2021-05-16,0.0,Beverages,166121632.0,0.0,0.0,83069098.25,5,19
Tennessee,85,2021-05-23,0.0,Beverages,0.0,160816224.0,0.0,83069098.25,5,20
Tennessee,86,2021-05-30,0.0,Beverages,0.0,163283813.0,146919256.0,83069098.25,5,21
Tennessee,87,2021-06-06,174692380.0,Beverages,0.0,0.0,150118207.0,41530408.0,6,22
Tennessee,88,2021-06-13,0.0,Beverages,174692380.0,0.0,0.0,43673095.0,6,23
Tennessee,89,2021-06-20,0.0,Beverages,0.0,166154761.0,0.0,43673095.0,6,24
Tennessee,90,2021-06-27,0.0,Beverages,0.0,166121632.0,0.0,43673095.0,6,25
Tennessee,91,2021-07-04,185125331.0,Beverages,0.0,0.0,141511500.0,43673095.0,7,26
Tennessee,92,2021-07-11,176818979.0,Beverages,185125331.0,0.0,0.0,46281332.75,7,27
Tennessee,93,2021-07-18,0.0,Beverages,176818979.0,0.0,0.0,90486077.5,7,28
Tennessee,94,2021-07-25,0.0,Beverages,0.0,174692380.0,0.0,90486077.5,7,29
Tennessee,95,2021-08-01,179931689.0,Beverages,0.0,0.0,144863751.0,90486077.5,8,30
Tennessee,96,2021-08-08,183553300.0,Beverages,179931689.0,0.0,145534816.0,89187667.0,8,31
Tennessee,97,2021-08-15,0.0,Beverages,183553300.0,0.0,0.0,90871247.25,8,32
Tennessee,98,2021-08-22,0.0,Beverages,0.0,185125331.0,0.0,90871247.25,8,33
Tennessee,99,2021-08-29,0.0,Beverages,0.0,176818979.0,0.0,90871247.25,8,34
Tennessee,100,2021-09-05,181028776.0,Beverages,0.0,0.0,144564282.0,45888325.0,9,35
Tennessee,101,2021-09-12,177280304.0,Beverages,181028776.0,0.0,0.0,45257194.0,9,36
Tennessee,102,2021-09-19,0.0,Beverages,177280304.0,179931689.0,0.0,89577270.0,9,37
Tennessee,103,2021-09-26,0.0,Beverages,0.0,183553300.0,0.0,89577270.0,9,38
Tennessee,104,2021-10-03,244244870.0,Beverages,0.0,0.0,157927424.0,89577270.0,10,39
Tennessee,105,2021-10-10,239728177.0,Beverages,244244870.0,0.0,0.0,105381293.5,10,40
Tennessee,106,2021-10-17,0.0,Beverages,239728177.0,0.0,0.0,120993261.75,10,41
Tennessee,107,2021-10-24,0.0,Beverages,0.0,181028776.0,0.0,120993261.75,10,42
Tennessee,108,2021-10-31,0.0,Beverages,0.0,177280304.0,160816224.0,120993261.75,10,43
Tennessee,109,2021-11-07,230197587.0,Beverages,0.0,0.0,163283813.0,59932044.25,11,44
Tennessee,110,2021-11-14,0.0,Beverages,230197587.0,0.0,0.0,57549396.75,11,45
Tennessee,111,2021-11-21,0.0,Beverages,0.0,244244870.0,0.0,57549396.75,11,46
Tennessee,112,2021-11-28,0.0,Beverages,0.0,239728177.0,166154761.0,57549396.75,11,47
Tennessee,113,2021-12-05,224771953.0,Beverages,0.0,0.0,166121632.0,57549396.75,12,48
Tennessee,114,2021-12-12,227632845.0,Beverages,224771953.0,0.0,0.0,56192988.25,12,49
Tennessee,115,2021-12-19,0.0,Beverages,227632845.0,0.0,0.0,113101199.5,12,50
Tennessee,116,2021-12-26,0.0,Beverages,0.0,230197587.0,0.0,113101199.5,12,51
Tennessee,117,2022-01-02,224767189.0,Beverages,0.0,0.0,174692380.0,113101199.5,1,52
Tennessee,118,2022-01-09,221163584.0,Beverages,224767189.0,0.0,0.0,113100008.5,1,1
Tennessee,119,2022-01-16,0.0,Beverages,221163584.0,0.0,0.0,111482693.25,1,2
Tennessee,120,2022-01-23,0.0,Beverages,0.0,224771953.0,0.0,111482693.25,1,3
Tennessee,121,2022-01-30,0.0,Beverages,0.0,227632845.0,185125331.0,111482693.25,1,4
Tennessee,122,2022-02-06,224516171.0,Beverages,0.0,0.0,176818979.0,55290896.0,2,5
Tennessee,123,2022-02-13,0.0,Beverages,224516171.0,0.0,0.0,56129042.75,2,6
Tennessee,124,2022-02-20,0.0,Beverages,0.0,224767189.0,0.0,56129042.75,2,7
Tennessee,125,2022-02-27,0.0,Beverages,0.0,221163584.0,179931689.0,56129042.75,2,8
Tennessee,126,2022-03-06,241950510.0,Beverages,0.0,0.0,183553300.0,56129042.75,3,9
Tennessee,127,2022-03-13,0.0,Beverages,241950510.0,0.0,0.0,60487627.5,3,10
Tennessee,128,2022-03-20,0.0,Beverages,0.0,0.0,0.0,60487627.5,3,11
Tennessee,129,2022-03-27,0.0,Beverages,0.0,224516171.0,0.0,60487627.5,3,12
Tennessee,130,2022-04-03,248168046.0,Beverages,0.0,0.0,181028776.0,60487627.5,4,13
Tennessee,131,2022-04-10,252377518.0,Beverages,248168046.0,0.0,177280304.0,62042011.5,4,14
Tennessee,132,2022-04-17,0.0,Beverages,252377518.0,0.0,0.0,125136391.0,4,15
Tennessee,133,2022-04-24,0.0,Beverages,0.0,241950510.0,0.0,125136391.0,4,16
Tennessee,134,2022-05-01,255580296.0,Beverages,0.0,0.0,244244870.0,125136391.0,5,17
Tennessee,135,2022-05-08,254369211.0,Beverages,255580296.0,0.0,239728177.0,126989453.5,5,18
Tennessee,136,2022-05-15,0.0,Beverages,254369211.0,0.0,0.0,127487376.75,5,19
Tennessee,137,2022-05-22,0.0,Beverages,0.0,248168046.0,0.0,127487376.75,5,20
Tennessee,138,2022-05-29,0.0,Beverages,0.0,252377518.0,0.0,127487376.75,5,21
Tennessee,139,2022-06-05,257824139.0,Beverages,0.0,0.0,230197587.0,63592302.75,6,22
Tennessee,140,2022-06-12,260960599.0,Beverages,257824139.0,0.0,0.0,64456034.75,6,23
Tennessee,141,2022-06-19,0.0,Beverages,260960599.0,255580296.0,0.0,129696184.5,6,24
Tennessee,142,2022-06-26,0.0,Beverages,0.0,254369211.0,0.0,129696184.5,6,25
Tennessee,143,2022-07-03,281650881.0,Beverages,0.0,0.0,224771953.0,129696184.5,7,26
Tennessee,144,2022-07-10,267019121.0,Beverages,281650881.0,0.0,227632845.0,135652870.0,7,27
Tennessee,145,2022-07-17,0.0,Beverages,267019121.0,0.0,0.0,137167500.5,7,28
Tennessee,146,2022-07-24,0.0,Beverages,0.0,257824139.0,0.0,137167500.5,7,29
Tennessee,147,2022-07-31,0.0,Beverages,0.0,260960599.0,224767189.0,137167500.5,7,30
Tennessee,148,2022-08-07,279884067.0,Beverages,0.0,0.0,221163584.0,66754780.25,8,31
Tennessee,149,2022-08-14,0.0,Beverages,279884067.0,0.0,0.0,69971016.75,8,32
Tennessee,150,2022-08-21,0.0,Beverages,0.0,281650881.0,0.0,69971016.75,8,33
Tennessee,151,2022-08-28,0.0,Beverages,0.0,267019121.0,0.0,69971016.75,8,34
Tennessee,152,2022-09-04,279000553.0,Beverages,0.0,0.0,224516171.0,69971016.75,9,35
Tennessee,153,2022-09-11,267382745.0,Beverages,279000553.0,0.0,0.0,69750138.25,9,36
Tennessee,154,2022-09-18,0.0,Beverages,267382745.0,0.0,0.0,136595824.5,9,37
Tennessee,155,2022-09-25,0.0,Beverages,0.0,279884067.0,0.0,136595824.5,9,38
Tennessee,156,2022-10-02,268423833.0,Beverages,0.0,0.0,241950510.0,136595824.5,10,39
Tennessee,157,2022-10-09,258166827.0,Beverages,268423833.0,0.0,0.0,133951644.5,10,40
Tennessee,158,2022-10-16,0.0,Beverages,258166827.0,0.0,0.0,131647665.0,10,41
Tennessee,159,2022-10-23,0.0,Beverages,0.0,279000553.0,0.0,131647665.0,10,42
Tennessee,160,2022-10-30,0.0,Beverages,0.0,267382745.0,248168046.0,131647665.0,10,43
Tennessee,161,2022-11-06,247831243.0,Beverages,0.0,0.0,252377518.0,64541706.75,11,44
Tennessee,162,2022-11-13,0.0,Beverages,247831243.0,0.0,0.0,61957810.75,11,45
Tennessee,163,2022-11-20,0.0,Beverages,0.0,268423833.0,0.0,61957810.75,11,46
Tennessee,164,2022-11-27,0.0,Beverages,0.0,258166827.0,255580296.0,61957810.75,11,47
Tennessee,165,2022-12-04,239754272.0,Beverages,0.0,0.0,254369211.0,61957810.75,12,48
Tennessee,166,2022-12-11,243035327.0,Beverages,239754272.0,0.0,0.0,59938568.0,12,49
Tennessee,167,2022-12-18,0.0,Beverages,243035327.0,0.0,0.0,120697399.75,12,50
Tennessee,168,2022-12-25,0.0,Beverages,0.0,247831243.0,0.0,120697399.75,12,51
Tennessee,169,2023-01-01,238471494.0,Beverages,0.0,0.0,257824139.0,120697399.75,1,52
Tennessee,170,2023-01-08,234174813.0,Beverages,238471494.0,0.0,260960599.0,120376705.25,1,1
Tennessee,171,2023-01-15,0.0,Beverages,234174813.0,0.0,0.0,118161576.75,1,2
Tennessee,172,2023-01-22,0.0,Beverages,0.0,239754272.0,0.0,118161576.75,1,3
Tennessee,173,2023-01-29,0.0,Beverages,0.0,243035327.0,281650881.0,118161576.75,1,4
Tennessee,174,2023-02-05,238263896.0,Beverages,0.0,0.0,267019121.0,58543703.25,2,5
Tennessee,175,2023-02-12,244895147.0,Beverages,238263896.0,0.0,0.0,59565974.0,2,6
Tennessee,176,2023-02-19,0.0,Beverages,244895147.0,238471494.0,0.0,120789760.75,2,7
Tennessee,177,2023-02-26,0.0,Beverages,0.0,234174813.0,0.0,120789760.75,2,8
Tennessee,178,2023-03-05,263365665.0,Beverages,0.0,0.0,279884067.0,120789760.75,3,9
Tennessee,179,2023-03-12,272208646.0,Beverages,263365665.0,0.0,0.0,127065203.0,3,10
Tennessee,180,2023-03-19,0.0,Beverages,272208646.0,0.0,0.0,133893577.75,3,11
Tennessee,181,2023-03-26,0.0,Beverages,0.0,238263896.0,0.0,133893577.75,3,12
Tennessee,182,2023-04-02,261110232.0,Beverages,0.0,244895147.0,279000553.0,133893577.75,4,13
Tennessee,183,2023-04-09,262632908.0,Beverages,261110232.0,0.0,267382745.0,133329719.5,4,14
Tennessee,184,2023-04-16,0.0,Beverages,262632908.0,0.0,0.0,130935785.0,4,15
Tennessee,185,2023-04-23,0.0,Beverages,0.0,263365665.0,0.0,130935785.0,4,16
Tennessee,186,2023-04-30,0.0,Beverages,0.0,272208646.0,268423833.0,130935785.0,4,17
Tennessee,187,2023-05-07,273499573.0,Beverages,0.0,0.0,258166827.0,65658227.0,5,18
Texas,30,2020-05-03,538277575.0,Beverages,0.0,0.0,541078907.0,248313549.75,5,18
Texas,31,2020-05-10,534010977.0,Beverages,538277575.0,0.0,0.0,260215101.25,5,19
Texas,32,2020-05-17,0.0,Beverages,534010977.0,0.0,0.0,268072138.0,5,20
Texas,33,2020-05-24,0.0,Beverages,0.0,490671369.0,0.0,268072138.0,5,21
Texas,34,2020-05-31,0.0,Beverages,0.0,502582830.0,481478333.0,268072138.0,5,22
Texas,35,2020-06-07,577567533.0,Beverages,0.0,0.0,483320679.0,133502744.25,6,23
Texas,36,2020-06-14,0.0,Beverages,577567533.0,0.0,0.0,144391883.25,6,24
Texas,37,2020-06-21,0.0,Beverages,0.0,538277575.0,0.0,144391883.25,6,25
Texas,38,2020-06-28,0.0,Beverages,0.0,534010977.0,472848726.0,144391883.25,6,26
Texas,39,2020-07-05,601072951.0,Beverages,0.0,0.0,471710635.0,144391883.25,7,27
Texas,40,2020-07-12,586230214.0,Beverages,601072951.0,0.0,0.0,150268237.75,7,28
Texas,41,2020-07-19,0.0,Beverages,586230214.0,0.0,0.0,296825791.25,7,29
Texas,42,2020-07-26,0.0,Beverages,0.0,577567533.0,0.0,296825791.25,7,30
Texas,43,2020-08-02,566934225.0,Beverages,0.0,0.0,452390589.0,296825791.25,8,31
Texas,44,2020-08-09,598101048.0,Beverages,566934225.0,0.0,466671049.0,288291109.75,8,32
Texas,45,2020-08-16,0.0,Beverages,598101048.0,0.0,0.0,291258818.25,8,33
Texas,46,2020-08-23,0.0,Beverages,0.0,601072951.0,0.0,291258818.25,8,34
Texas,47,2020-08-30,0.0,Beverages,0.0,586230214.0,471958590.0,291258818.25,8,35
Texas,48,2020-09-06,578186225.0,Beverages,0.0,0.0,461755209.0,149525262.0,9,36
Texas,49,2020-09-13,0.0,Beverages,578186225.0,0.0,0.0,144546556.25,9,37
Texas,50,2020-09-20,0.0,Beverages,0.0,566934225.0,0.0,144546556.25,9,38
Texas,51,2020-09-27,0.0,Beverages,0.0,598101048.0,492419826.0,144546556.25,9,39
Texas,52,2020-10-04,555993589.0,Beverages,0.0,0.0,513987489.0,144546556.25,10,40
Texas,53,2020-10-11,553150409.0,Beverages,555993589.0,0.0,0.0,138998397.25,10,41
Texas,54,2020-10-18,0.0,Beverages,553150409.0,0.0,0.0,277285999.5,10,42
Texas,55,2020-10-25,0.0,Beverages,0.0,578186225.0,0.0,277285999.5,10,43
Texas,56,2020-11-01,499850544.0,Beverages,0.0,0.0,490671369.0,277285999.5,11,44
Texas,57,2020-11-08,515400732.0,Beverages,499850544.0,0.0,502582830.0,263250238.25,11,45
Texas,58,2020-11-15,0.0,Beverages,515400732.0,0.0,0.0,253812819.0,11,46
Texas,59,2020-11-22,0.0,Beverages,0.0,555993589.0,0.0,253812819.0,11,47
Texas,60,2020-11-29,0.0,Beverages,0.0,553150409.0,538277575.0,253812819.0,11,48
Texas,61,2020-12-06,486652318.0,Beverages,0.0,0.0,534010977.0,128850183.0,12,49
Texas,62,2020-12-13,0.0,Beverages,486652318.0,0.0,0.0,121663079.5,12,50
Texas,63,2020-12-20,0.0,Beverages,0.0,499850544.0,0.0,121663079.5,12,51
Texas,64,2020-12-27,0.0,Beverages,0.0,515400732.0,0.0,121663079.5,12,52
Texas,65,2021-01-03,485954921.0,Beverages,0.0,0.0,577567533.0,121663079.5,1,53
Texas,66,2021-01-10,495592761.0,Beverages,485954921.0,0.0,0.0,121488730.25,1,1
Texas,67,2021-01-17,0.0,Beverages,495592761.0,0.0,0.0,245386920.5,1,2
Texas,68,2021-01-24,0.0,Beverages,0.0,486652318.0,0.0,245386920.5,1,3
Texas,69,2021-01-31,0.0,Beverages,0.0,0.0,601072951.0,245386920.5,1,4
Texas,70,2021-02-07,508609493.0,Beverages,0.0,0.0,586230214.0,123898190.25,2,5
Texas,71,2021-02-14,0.0,Beverages,508609493.0,0.0,0.0,127152373.25,2,6
Texas,72,2021-02-21,0.0,Beverages,0.0,485954921.0,0.0,127152373.25,2,7
Texas,73,2021-02-28,0.0,Beverages,0.0,495592761.0,566934225.0,127152373.25,2,8
Texas,74,2021-03-07,547202849.0,Beverages,0.0,0.0,598101048.0,127152373.25,3,9
Texas,75,2021-03-14,0.0,Beverages,547202849.0,0.0,0.0,136800712.25,3,10
Texas,76,2021-03-21,0.0,Beverages,0.0,0.0,0.0,136800712.25,3,11
Texas,77,2021-03-28,0.0,Beverages,0.0,508609493.0,0.0,136800712.25,3,12
Texas,78,2021-04-04,532237093.0,Beverages,0.0,0.0,578186225.0,136800712.25,4,13
Texas,79,2021-04-11,542908686.0,Beverages,532237093.0,0.0,0.0,133059273.25,4,14
Texas,80,2021-04-18,0.0,Beverages,542908686.0,0.0,0.0,268786444.75,4,15
Texas,81,2021-04-25,0.0,Beverages,0.0,547202849.0,0.0,268786444.75,4,16
Texas,82,2021-05-02,562123905.0,Beverages,0.0,0.0,555993589.0,268786444.75,5,17
Texas,83,2021-05-09,585712658.0,Beverages,562123905.0,0.0,553150409.0,276258147.75,5,18
Texas,84,2021-05-16,0.0,Beverages,585712658.0,0.0,0.0,286959140.75,5,19
Texas,85,2021-05-23,0.0,Beverages,0.0,532237093.0,0.0,286959140.75,5,20
Texas,86,2021-05-30,0.0,Beverages,0.0,542908686.0,499850544.0,286959140.75,5,21
Texas,87,2021-06-06,606902920.0,Beverages,0.0,0.0,515400732.0,146428164.5,6,22
Texas,88,2021-06-13,0.0,Beverages,606902920.0,0.0,0.0,151725730.0,6,23
Texas,89,2021-06-20,0.0,Beverages,0.0,562123905.0,0.0,151725730.0,6,24
Texas,90,2021-06-27,0.0,Beverages,0.0,585712658.0,0.0,151725730.0,6,25
Texas,91,2021-07-04,639236238.0,Beverages,0.0,0.0,486652318.0,151725730.0,7,26
Texas,92,2021-07-11,604727977.0,Beverages,639236238.0,0.0,0.0,159809059.5,7,27
Texas,93,2021-07-18,0.0,Beverages,604727977.0,0.0,0.0,310991053.75,7,28
Texas,94,2021-07-25,0.0,Beverages,0.0,606902920.0,0.0,310991053.75,7,29
Texas,95,2021-08-01,613570624.0,Beverages,0.0,0.0,485954921.0,310991053.75,8,30
Texas,96,2021-08-08,628737508.0,Beverages,613570624.0,0.0,495592761.0,304574650.25,8,31
Texas,97,2021-08-15,0.0,Beverages,628737508.0,0.0,0.0,310577033.0,8,32
Texas,98,2021-08-22,0.0,Beverages,0.0,639236238.0,0.0,310577033.0,8,33
Texas,99,2021-08-29,0.0,Beverages,0.0,604727977.0,0.0,310577033.0,8,34
Texas,100,2021-09-05,640916100.0,Beverages,0.0,0.0,508609493.0,157184377.0,9,35
Texas,101,2021-09-12,605811949.0,Beverages,640916100.0,0.0,0.0,160229025.0,9,36
Texas,102,2021-09-19,0.0,Beverages,605811949.0,613570624.0,0.0,311682012.25,9,37
Texas,103,2021-09-26,0.0,Beverages,0.0,628737508.0,0.0,311682012.25,9,38
Texas,104,2021-10-03,846360996.0,Beverages,0.0,0.0,547202849.0,311682012.25,10,39
Texas,105,2021-10-10,860378788.0,Beverages,846360996.0,0.0,0.0,363043236.25,10,40
Texas,106,2021-10-17,0.0,Beverages,860378788.0,0.0,0.0,426684946.0,10,41
Texas,107,2021-10-24,0.0,Beverages,0.0,640916100.0,0.0,426684946.0,10,42
Texas,108,2021-10-31,0.0,Beverages,0.0,605811949.0,532237093.0,426684946.0,10,43
Texas,109,2021-11-07,798078686.0,Beverages,0.0,0.0,542908686.0,215094697.0,11,44
Texas,110,2021-11-14,0.0,Beverages,798078686.0,0.0,0.0,199519671.5,11,45
Texas,111,2021-11-21,0.0,Beverages,0.0,846360996.0,0.0,199519671.5,11,46
Texas,112,2021-11-28,0.0,Beverages,0.0,860378788.0,562123905.0,199519671.5,11,47
Texas,113,2021-12-05,767109222.0,Beverages,0.0,0.0,585712658.0,199519671.5,12,48
Texas,114,2021-12-12,797449709.0,Beverages,767109222.0,0.0,0.0,191777305.5,12,49
Texas,115,2021-12-19,0.0,Beverages,797449709.0,0.0,0.0,391139732.75,12,50
Texas,116,2021-12-26,0.0,Beverages,0.0,798078686.0,0.0,391139732.75,12,51
Texas,117,2022-01-02,756947881.0,Beverages,0.0,0.0,606902920.0,391139732.75,1,52
Texas,118,2022-01-09,762413549.0,Beverages,756947881.0,0.0,0.0,388599397.5,1,1
Texas,119,2022-01-16,0.0,Beverages,762413549.0,0.0,0.0,379840357.5,1,2
Texas,120,2022-01-23,0.0,Beverages,0.0,767109222.0,0.0,379840357.5,1,3
Texas,121,2022-01-30,0.0,Beverages,0.0,797449709.0,639236238.0,379840357.5,1,4
Texas,122,2022-02-06,777748296.0,Beverages,0.0,0.0,604727977.0,190603387.25,2,5
Texas,123,2022-02-13,0.0,Beverages,777748296.0,0.0,0.0,194437074.0,2,6
Texas,124,2022-02-20,0.0,Beverages,0.0,756947881.0,0.0,194437074.0,2,7
Texas,125,2022-02-27,0.0,Beverages,0.0,762413549.0,613570624.0,194437074.0,2,8
Texas,126,2022-03-06,816625522.0,Beverages,0.0,0.0,628737508.0,194437074.0,3,9
Texas,127,2022-03-13,0.0,Beverages,816625522.0,0.0,0.0,204156380.5,3,10
Texas,128,2022-03-20,0.0,Beverages,0.0,0.0,0.0,204156380.5,3,11
Texas,129,2022-03-27,0.0,Beverages,0.0,777748296.0,0.0,204156380.5,3,12
Texas,130,2022-04-03,850032374.0,Beverages,0.0,0.0,640916100.0,204156380.5,4,13
Texas,131,2022-04-10,871634417.0,Beverages,850032374.0,0.0,605811949.0,212508093.5,4,14
Texas,132,2022-04-17,0.0,Beverages,871634417.0,0.0,0.0,430416697.75,4,15
Texas,133,2022-04-24,0.0,Beverages,0.0,816625522.0,0.0,430416697.75,4,16
Texas,134,2022-05-01,850167887.0,Beverages,0.0,0.0,846360996.0,430416697.75,5,17
Texas,135,2022-05-08,890296799.0,Beverages,850167887.0,0.0,860378788.0,430450576.0,5,18
Texas,136,2022-05-15,0.0,Beverages,890296799.0,0.0,0.0,435116171.5,5,19
Texas,137,2022-05-22,0.0,Beverages,0.0,850032374.0,0.0,435116171.5,5,20
Texas,138,2022-05-29,0.0,Beverages,0.0,871634417.0,0.0,435116171.5,5,21
Texas,139,2022-06-05,909654384.0,Beverages,0.0,0.0,798078686.0,222574199.75,6,22
Texas,140,2022-06-12,949870391.0,Beverages,909654384.0,0.0,0.0,227413596.0,6,23
Texas,141,2022-06-19,0.0,Beverages,949870391.0,850167887.0,0.0,464881193.75,6,24
Texas,142,2022-06-26,0.0,Beverages,0.0,890296799.0,0.0,464881193.75,6,25
Texas,143,2022-07-03,966249952.0,Beverages,0.0,0.0,767109222.0,464881193.75,7,26
Texas,144,2022-07-10,936276204.0,Beverages,966249952.0,0.0,797449709.0,479030085.75,7,27
Texas,145,2022-07-17,0.0,Beverages,936276204.0,0.0,0.0,475631539.0,7,28
Texas,146,2022-07-24,0.0,Beverages,0.0,909654384.0,0.0,475631539.0,7,29
Texas,147,2022-07-31,0.0,Beverages,0.0,949870391.0,756947881.0,475631539.0,7,30
Texas,148,2022-08-07,979016831.0,Beverages,0.0,0.0,762413549.0,234069051.0,8,31
Texas,149,2022-08-14,0.0,Beverages,979016831.0,0.0,0.0,244754207.75,8,32
Texas,150,2022-08-21,0.0,Beverages,0.0,966249952.0,0.0,244754207.75,8,33
Texas,151,2022-08-28,0.0,Beverages,0.0,936276204.0,0.0,244754207.75,8,34
Texas,152,2022-09-04,971086409.0,Beverages,0.0,0.0,777748296.0,244754207.75,9,35
Texas,153,2022-09-11,944672827.0,Beverages,971086409.0,0.0,0.0,242771602.25,9,36
Texas,154,2022-09-18,0.0,Beverages,944672827.0,0.0,0.0,478939809.0,9,37
Texas,155,2022-09-25,0.0,Beverages,0.0,979016831.0,0.0,478939809.0,9,38
Texas,156,2022-10-02,919216523.0,Beverages,0.0,0.0,816625522.0,478939809.0,10,39
Texas,157,2022-10-09,922684371.0,Beverages,919216523.0,0.0,0.0,465972337.5,10,40
Texas,158,2022-10-16,0.0,Beverages,922684371.0,0.0,0.0,460475223.5,10,41
Texas,159,2022-10-23,0.0,Beverages,0.0,971086409.0,0.0,460475223.5,10,42
Texas,160,2022-10-30,0.0,Beverages,0.0,944672827.0,850032374.0,460475223.5,10,43
Texas,161,2022-11-06,847475436.0,Beverages,0.0,0.0,871634417.0,230671092.75,11,44
Texas,162,2022-11-13,0.0,Beverages,847475436.0,0.0,0.0,211868859.0,11,45
Texas,163,2022-11-20,0.0,Beverages,0.0,919216523.0,0.0,211868859.0,11,46
Texas,164,2022-11-27,0.0,Beverages,0.0,922684371.0,850167887.0,211868859.0,11,47
Texas,165,2022-12-04,828531181.0,Beverages,0.0,0.0,890296799.0,211868859.0,12,48
Texas,166,2022-12-11,863198650.0,Beverages,828531181.0,0.0,0.0,207132795.25,12,49
Texas,167,2022-12-18,0.0,Beverages,863198650.0,0.0,0.0,422932457.75,12,50
Texas,168,2022-12-25,0.0,Beverages,0.0,847475436.0,0.0,422932457.75,12,51
Texas,169,2023-01-01,809153466.0,Beverages,0.0,0.0,909654384.0,422932457.75,1,52
Texas,170,2023-01-08,811576957.0,Beverages,809153466.0,0.0,949870391.0,418088029.0,1,1
Texas,171,2023-01-15,0.0,Beverages,811576957.0,0.0,0.0,405182605.75,1,2
Texas,172,2023-01-22,0.0,Beverages,0.0,828531181.0,0.0,405182605.75,1,3
Texas,173,2023-01-29,0.0,Beverages,0.0,863198650.0,966249952.0,405182605.75,1,4
Texas,174,2023-02-05,809824257.0,Beverages,0.0,0.0,936276204.0,202894239.25,2,5
Texas,175,2023-02-12,843860928.0,Beverages,809824257.0,0.0,0.0,202456064.25,2,6
Texas,176,2023-02-19,0.0,Beverages,843860928.0,809153466.0,0.0,413421296.25,2,7
Texas,177,2023-02-26,0.0,Beverages,0.0,811576957.0,0.0,413421296.25,2,8
Texas,178,2023-03-05,898283675.0,Beverages,0.0,0.0,979016831.0,413421296.25,3,9
Texas,179,2023-03-12,965979422.0,Beverages,898283675.0,0.0,0.0,435536150.75,3,10
Texas,180,2023-03-19,0.0,Beverages,965979422.0,0.0,0.0,466065774.25,3,11
Texas,181,2023-03-26,0.0,Beverages,0.0,809824257.0,0.0,466065774.25,3,12
Texas,182,2023-04-02,877605066.0,Beverages,0.0,843860928.0,971086409.0,466065774.25,4,13
Texas,183,2023-04-09,897717812.0,Beverages,877605066.0,0.0,944672827.0,460896122.0,4,14
Texas,184,2023-04-16,0.0,Beverages,897717812.0,0.0,0.0,443830719.5,4,15
Texas,185,2023-04-23,0.0,Beverages,0.0,898283675.0,0.0,443830719.5,4,16
Texas,186,2023-04-30,0.0,Beverages,0.0,965979422.0,919216523.0,443830719.5,4,17
Texas,187,2023-05-07,962022027.0,Beverages,0.0,0.0,922684371.0,224429453.0,5,18
Utah,30,2020-05-03,52677004.0,Beverages,0.0,0.0,46002034.0,23717558.75,5,18
Utah,31,2020-05-10,53341435.0,Beverages,52677004.0,0.0,0.0,25204218.0,5,19
Utah,32,2020-05-17,0.0,Beverages,53341435.0,0.0,0.0,26504609.75,5,20
Utah,33,2020-05-24,0.0,Beverages,0.0,46730367.0,0.0,26504609.75,5,21
Utah,34,2020-05-31,0.0,Beverages,0.0,48139868.0,43344284.0,26504609.75,5,22
Utah,35,2020-06-07,54771791.0,Beverages,0.0,0.0,44258186.0,13335358.75,6,23
Utah,36,2020-06-14,0.0,Beverages,54771791.0,0.0,0.0,13692947.75,6,24
Utah,37,2020-06-21,0.0,Beverages,0.0,52677004.0,0.0,13692947.75,6,25
Utah,38,2020-06-28,0.0,Beverages,0.0,53341435.0,42799316.0,13692947.75,6,26
Utah,39,2020-07-05,59980601.0,Beverages,0.0,0.0,42990859.0,13692947.75,7,27
Utah,40,2020-07-12,55434790.0,Beverages,59980601.0,0.0,0.0,14995150.25,7,28
Utah,41,2020-07-19,0.0,Beverages,55434790.0,0.0,0.0,28853847.75,7,29
Utah,42,2020-07-26,0.0,Beverages,0.0,54771791.0,0.0,28853847.75,7,30
Utah,43,2020-08-02,55710475.0,Beverages,0.0,0.0,42867211.0,28853847.75,8,31
Utah,44,2020-08-09,55857710.0,Beverages,55710475.0,0.0,42495523.0,27786316.25,8,32
Utah,45,2020-08-16,0.0,Beverages,55857710.0,0.0,0.0,27892046.25,8,33
Utah,46,2020-08-23,0.0,Beverages,0.0,59980601.0,0.0,27892046.25,8,34
Utah,47,2020-08-30,0.0,Beverages,0.0,55434790.0,46361419.0,27892046.25,8,35
Utah,48,2020-09-06,54625584.0,Beverages,0.0,0.0,42266559.0,13964427.5,9,36
Utah,49,2020-09-13,0.0,Beverages,54625584.0,0.0,0.0,13656396.0,9,37
Utah,50,2020-09-20,0.0,Beverages,0.0,55710475.0,0.0,13656396.0,9,38
Utah,51,2020-09-27,0.0,Beverages,0.0,55857710.0,46708924.0,13656396.0,9,39
Utah,52,2020-10-04,50477556.0,Beverages,0.0,0.0,49082930.0,13656396.0,10,40
Utah,53,2020-10-11,49615569.0,Beverages,50477556.0,0.0,0.0,12619389.0,10,41
Utah,54,2020-10-18,0.0,Beverages,49615569.0,0.0,0.0,25023281.25,10,42
Utah,55,2020-10-25,0.0,Beverages,0.0,54625584.0,0.0,25023281.25,10,43
Utah,56,2020-11-01,47922674.0,Beverages,0.0,0.0,46730367.0,25023281.25,11,44
Utah,57,2020-11-08,48714455.0,Beverages,47922674.0,0.0,48139868.0,24384560.75,11,45
Utah,58,2020-11-15,0.0,Beverages,48714455.0,0.0,0.0,24159282.25,11,46
Utah,59,2020-11-22,0.0,Beverages,0.0,50477556.0,0.0,24159282.25,11,47
Utah,60,2020-11-29,0.0,Beverages,0.0,49615569.0,52677004.0,24159282.25,11,48
Utah,61,2020-12-06,45529948.0,Beverages,0.0,0.0,53341435.0,12178613.75,12,49
Utah,62,2020-12-13,0.0,Beverages,45529948.0,0.0,0.0,11382487.0,12,50
Utah,63,2020-12-20,0.0,Beverages,0.0,47922674.0,0.0,11382487.0,12,51
Utah,64,2020-12-27,0.0,Beverages,0.0,48714455.0,0.0,11382487.0,12,52
Utah,65,2021-01-03,46487223.0,Beverages,0.0,0.0,54771791.0,11382487.0,1,53
Utah,66,2021-01-10,45720490.0,Beverages,46487223.0,0.0,0.0,11621805.75,1,1
Utah,67,2021-01-17,0.0,Beverages,45720490.0,0.0,0.0,23051928.25,1,2
Utah,68,2021-01-24,0.0,Beverages,0.0,45529948.0,0.0,23051928.25,1,3
Utah,69,2021-01-31,0.0,Beverages,0.0,0.0,59980601.0,23051928.25,1,4
Utah,70,2021-02-07,47941986.0,Beverages,0.0,0.0,55434790.0,11430122.5,2,5
Utah,71,2021-02-14,0.0,Beverages,47941986.0,0.0,0.0,11985496.5,2,6
Utah,72,2021-02-21,0.0,Beverages,0.0,46487223.0,0.0,11985496.5,2,7
Utah,73,2021-02-28,0.0,Beverages,0.0,45720490.0,55710475.0,11985496.5,2,8
Utah,74,2021-03-07,53313224.0,Beverages,0.0,0.0,55857710.0,11985496.5,3,9
Utah,75,2021-03-14,0.0,Beverages,53313224.0,0.0,0.0,13328306.0,3,10
Utah,76,2021-03-21,0.0,Beverages,0.0,0.0,0.0,13328306.0,3,11
Utah,77,2021-03-28,0.0,Beverages,0.0,47941986.0,0.0,13328306.0,3,12
Utah,78,2021-04-04,52632058.0,Beverages,0.0,0.0,54625584.0,13328306.0,4,13
Utah,79,2021-04-11,52299183.0,Beverages,52632058.0,0.0,0.0,13158014.5,4,14
Utah,80,2021-04-18,0.0,Beverages,52299183.0,0.0,0.0,26232810.25,4,15
Utah,81,2021-04-25,0.0,Beverages,0.0,53313224.0,0.0,26232810.25,4,16
Utah,82,2021-05-02,56007115.0,Beverages,0.0,0.0,50477556.0,26232810.25,5,17
Utah,83,2021-05-09,57583432.0,Beverages,56007115.0,0.0,49615569.0,27076574.5,5,18
Utah,84,2021-05-16,0.0,Beverages,57583432.0,0.0,0.0,28397636.75,5,19
Utah,85,2021-05-23,0.0,Beverages,0.0,52632058.0,0.0,28397636.75,5,20
Utah,86,2021-05-30,0.0,Beverages,0.0,52299183.0,47922674.0,28397636.75,5,21
Utah,87,2021-06-06,60565270.0,Beverages,0.0,0.0,48714455.0,14395858.0,6,22
Utah,88,2021-06-13,0.0,Beverages,60565270.0,0.0,0.0,15141317.5,6,23
Utah,89,2021-06-20,0.0,Beverages,0.0,56007115.0,0.0,15141317.5,6,24
Utah,90,2021-06-27,0.0,Beverages,0.0,57583432.0,0.0,15141317.5,6,25
Utah,91,2021-07-04,64984991.0,Beverages,0.0,0.0,45529948.0,15141317.5,7,26
Utah,92,2021-07-11,60579076.0,Beverages,64984991.0,0.0,0.0,16246247.75,7,27
Utah,93,2021-07-18,0.0,Beverages,60579076.0,0.0,0.0,31391016.75,7,28
Utah,94,2021-07-25,0.0,Beverages,0.0,60565270.0,0.0,31391016.75,7,29
Utah,95,2021-08-01,59394248.0,Beverages,0.0,0.0,46487223.0,31391016.75,8,30
Utah,96,2021-08-08,59329981.0,Beverages,59394248.0,0.0,45720490.0,29993331.0,8,31
Utah,97,2021-08-15,0.0,Beverages,59329981.0,0.0,0.0,29681057.25,8,32
Utah,98,2021-08-22,0.0,Beverages,0.0,64984991.0,0.0,29681057.25,8,33
Utah,99,2021-08-29,0.0,Beverages,0.0,60579076.0,0.0,29681057.25,8,34
Utah,100,2021-09-05,60165615.0,Beverages,0.0,0.0,47941986.0,14832495.25,9,35
Utah,101,2021-09-12,56620332.0,Beverages,60165615.0,0.0,0.0,15041403.75,9,36
Utah,102,2021-09-19,0.0,Beverages,56620332.0,59394248.0,0.0,29196486.75,9,37
Utah,103,2021-09-26,0.0,Beverages,0.0,59329981.0,0.0,29196486.75,9,38
Utah,104,2021-10-03,78244234.0,Beverages,0.0,0.0,53313224.0,29196486.75,10,39
Utah,105,2021-10-10,75874141.0,Beverages,78244234.0,0.0,0.0,33716141.5,10,40
Utah,106,2021-10-17,0.0,Beverages,75874141.0,0.0,0.0,38529593.75,10,41
Utah,107,2021-10-24,0.0,Beverages,0.0,60165615.0,0.0,38529593.75,10,42
Utah,108,2021-10-31,0.0,Beverages,0.0,56620332.0,52632058.0,38529593.75,10,43
Utah,109,2021-11-07,73559787.0,Beverages,0.0,0.0,52299183.0,18968535.25,11,44
Utah,110,2021-11-14,0.0,Beverages,73559787.0,0.0,0.0,18389946.75,11,45
Utah,111,2021-11-21,0.0,Beverages,0.0,78244234.0,0.0,18389946.75,11,46
Utah,112,2021-11-28,0.0,Beverages,0.0,75874141.0,56007115.0,18389946.75,11,47
Utah,113,2021-12-05,70621212.0,Beverages,0.0,0.0,57583432.0,18389946.75,12,48
Utah,114,2021-12-12,73375000.0,Beverages,70621212.0,0.0,0.0,17655303.0,12,49
Utah,115,2021-12-19,0.0,Beverages,73375000.0,0.0,0.0,35999053.0,12,50
Utah,116,2021-12-26,0.0,Beverages,0.0,73559787.0,0.0,35999053.0,12,51
Utah,117,2022-01-02,70611523.0,Beverages,0.0,0.0,60565270.0,35999053.0,1,52
Utah,118,2022-01-09,70280805.0,Beverages,70611523.0,0.0,0.0,35996630.75,1,1
Utah,119,2022-01-16,0.0,Beverages,70280805.0,0.0,0.0,35223082.0,1,2
Utah,120,2022-01-23,0.0,Beverages,0.0,70621212.0,0.0,35223082.0,1,3
Utah,121,2022-01-30,0.0,Beverages,0.0,73375000.0,64984991.0,35223082.0,1,4
Utah,122,2022-02-06,73418460.0,Beverages,0.0,0.0,60579076.0,17570201.25,2,5
Utah,123,2022-02-13,0.0,Beverages,73418460.0,0.0,0.0,18354615.0,2,6
Utah,124,2022-02-20,0.0,Beverages,0.0,70611523.0,0.0,18354615.0,2,7
Utah,125,2022-02-27,0.0,Beverages,0.0,70280805.0,59394248.0,18354615.0,2,8
Utah,126,2022-03-06,77586798.0,Beverages,0.0,0.0,59329981.0,18354615.0,3,9
Utah,127,2022-03-13,0.0,Beverages,77586798.0,0.0,0.0,19396699.5,3,10
Utah,128,2022-03-20,0.0,Beverages,0.0,0.0,0.0,19396699.5,3,11
Utah,129,2022-03-27,0.0,Beverages,0.0,73418460.0,0.0,19396699.5,3,12
Utah,130,2022-04-03,81837858.0,Beverages,0.0,0.0,60165615.0,19396699.5,4,13
Utah,131,2022-04-10,78038771.0,Beverages,81837858.0,0.0,56620332.0,20459464.5,4,14
Utah,132,2022-04-17,0.0,Beverages,78038771.0,0.0,0.0,39969157.25,4,15
Utah,133,2022-04-24,0.0,Beverages,0.0,77586798.0,0.0,39969157.25,4,16
Utah,134,2022-05-01,81528141.0,Beverages,0.0,0.0,78244234.0,39969157.25,5,17
Utah,135,2022-05-08,84612637.0,Beverages,81528141.0,0.0,75874141.0,39891728.0,5,18
Utah,136,2022-05-15,0.0,Beverages,84612637.0,0.0,0.0,41535194.5,5,19
Utah,137,2022-05-22,0.0,Beverages,0.0,81837858.0,0.0,41535194.5,5,20
Utah,138,2022-05-29,0.0,Beverages,0.0,78038771.0,0.0,41535194.5,5,21
Utah,139,2022-06-05,87654632.0,Beverages,0.0,0.0,73559787.0,21153159.25,6,22
Utah,140,2022-06-12,90080446.0,Beverages,87654632.0,0.0,0.0,21913658.0,6,23
Utah,141,2022-06-19,0.0,Beverages,90080446.0,81528141.0,0.0,44433769.5,6,24
Utah,142,2022-06-26,0.0,Beverages,0.0,84612637.0,0.0,44433769.5,6,25
Utah,143,2022-07-03,97738996.0,Beverages,0.0,0.0,70621212.0,44433769.5,7,26
Utah,144,2022-07-10,91505962.0,Beverages,97738996.0,0.0,73375000.0,46954860.5,7,27
Utah,145,2022-07-17,0.0,Beverages,91505962.0,0.0,0.0,47311239.5,7,28
Utah,146,2022-07-24,0.0,Beverages,0.0,87654632.0,0.0,47311239.5,7,29
Utah,147,2022-07-31,0.0,Beverages,0.0,90080446.0,70611523.0,47311239.5,7,30
Utah,148,2022-08-07,87746234.0,Beverages,0.0,0.0,70280805.0,22876490.5,8,31
Utah,149,2022-08-14,0.0,Beverages,87746234.0,0.0,0.0,21936558.5,8,32
Utah,150,2022-08-21,0.0,Beverages,0.0,97738996.0,0.0,21936558.5,8,33
Utah,151,2022-08-28,0.0,Beverages,0.0,91505962.0,0.0,21936558.5,8,34
Utah,152,2022-09-04,90796250.0,Beverages,0.0,0.0,73418460.0,21936558.5,9,35
Utah,153,2022-09-11,85704126.0,Beverages,90796250.0,0.0,0.0,22699062.5,9,36
Utah,154,2022-09-18,0.0,Beverages,85704126.0,0.0,0.0,44125094.0,9,37
Utah,155,2022-09-25,0.0,Beverages,0.0,87746234.0,0.0,44125094.0,9,38
Utah,156,2022-10-02,82461166.0,Beverages,0.0,0.0,77586798.0,44125094.0,10,39
Utah,157,2022-10-09,80715550.0,Beverages,82461166.0,0.0,0.0,42041323.0,10,40
Utah,158,2022-10-16,0.0,Beverages,80715550.0,0.0,0.0,40794179.0,10,41
Utah,159,2022-10-23,0.0,Beverages,0.0,90796250.0,0.0,40794179.0,10,42
Utah,160,2022-10-30,0.0,Beverages,0.0,85704126.0,81837858.0,40794179.0,10,43
Utah,161,2022-11-06,76788218.0,Beverages,0.0,0.0,78038771.0,20178887.5,11,44
Utah,162,2022-11-13,0.0,Beverages,76788218.0,0.0,0.0,19197054.5,11,45
Utah,163,2022-11-20,0.0,Beverages,0.0,82461166.0,0.0,19197054.5,11,46
Utah,164,2022-11-27,0.0,Beverages,0.0,80715550.0,81528141.0,19197054.5,11,47
Utah,165,2022-12-04,73883028.0,Beverages,0.0,0.0,84612637.0,19197054.5,12,48
Utah,166,2022-12-11,76445233.0,Beverages,73883028.0,0.0,0.0,18470757.0,12,49
Utah,167,2022-12-18,0.0,Beverages,76445233.0,0.0,0.0,37582065.25,12,50
Utah,168,2022-12-25,0.0,Beverages,0.0,76788218.0,0.0,37582065.25,12,51
Utah,169,2023-01-01,72618035.0,Beverages,0.0,0.0,87654632.0,37582065.25,1,52
Utah,170,2023-01-08,72347102.0,Beverages,72618035.0,0.0,90080446.0,37265817.0,1,1
Utah,171,2023-01-15,0.0,Beverages,72347102.0,0.0,0.0,36241284.25,1,2
Utah,172,2023-01-22,0.0,Beverages,0.0,73883028.0,0.0,36241284.25,1,3
Utah,173,2023-01-29,0.0,Beverages,0.0,76445233.0,97738996.0,36241284.25,1,4
Utah,174,2023-02-05,76237505.0,Beverages,0.0,0.0,91505962.0,18086775.5,2,5
Utah,175,2023-02-12,80090616.0,Beverages,76237505.0,0.0,0.0,19059376.25,2,6
Utah,176,2023-02-19,0.0,Beverages,80090616.0,72618035.0,0.0,39082030.25,2,7
Utah,177,2023-02-26,0.0,Beverages,0.0,72347102.0,0.0,39082030.25,2,8
Utah,178,2023-03-05,83904754.0,Beverages,0.0,0.0,87746234.0,39082030.25,3,9
Utah,179,2023-03-12,88790245.0,Beverages,83904754.0,0.0,0.0,40998842.5,3,10
Utah,180,2023-03-19,0.0,Beverages,88790245.0,0.0,0.0,43173749.75,3,11
Utah,181,2023-03-26,0.0,Beverages,0.0,76237505.0,0.0,43173749.75,3,12
Utah,182,2023-04-02,80784702.0,Beverages,0.0,80090616.0,90796250.0,43173749.75,4,13
Utah,183,2023-04-09,83693796.0,Beverages,80784702.0,0.0,85704126.0,42393736.75,4,14
Utah,184,2023-04-16,0.0,Beverages,83693796.0,0.0,0.0,41119624.5,4,15
Utah,185,2023-04-23,0.0,Beverages,0.0,83904754.0,0.0,41119624.5,4,16
Utah,186,2023-04-30,0.0,Beverages,0.0,88790245.0,82461166.0,41119624.5,4,17
Utah,187,2023-05-07,90346612.0,Beverages,0.0,0.0,80715550.0,20923449.0,5,18
Vermont,30,2020-05-03,11244376.0,Beverages,0.0,0.0,10654128.0,5255967.5,5,18
Vermont,31,2020-05-10,11252154.0,Beverages,11244376.0,0.0,0.0,5414251.25,5,19
Vermont,32,2020-05-17,0.0,Beverages,11252154.0,0.0,0.0,5624132.5,5,20
Vermont,33,2020-05-24,0.0,Beverages,0.0,10611241.0,0.0,5624132.5,5,21
Vermont,34,2020-05-31,0.0,Beverages,0.0,10412629.0,9998307.0,5624132.5,5,22
Vermont,35,2020-06-07,12511161.0,Beverages,0.0,0.0,9914387.0,2813038.5,6,23
Vermont,36,2020-06-14,0.0,Beverages,12511161.0,0.0,0.0,3127790.25,6,24
Vermont,37,2020-06-21,0.0,Beverages,0.0,11244376.0,0.0,3127790.25,6,25
Vermont,38,2020-06-28,0.0,Beverages,0.0,11252154.0,10140664.0,3127790.25,6,26
Vermont,39,2020-07-05,14477900.0,Beverages,0.0,0.0,10098783.0,3127790.25,7,27
Vermont,40,2020-07-12,13581080.0,Beverages,14477900.0,0.0,0.0,3619475.0,7,28
Vermont,41,2020-07-19,0.0,Beverages,13581080.0,0.0,0.0,7014745.0,7,29
Vermont,42,2020-07-26,0.0,Beverages,0.0,12511161.0,0.0,7014745.0,7,30
Vermont,43,2020-08-02,13621460.0,Beverages,0.0,0.0,11286677.0,7014745.0,8,31
Vermont,44,2020-08-09,12830791.0,Beverages,13621460.0,0.0,10094297.0,6800635.0,8,32
Vermont,45,2020-08-16,0.0,Beverages,12830791.0,0.0,0.0,6613062.75,8,33
Vermont,46,2020-08-23,0.0,Beverages,0.0,14477900.0,0.0,6613062.75,8,34
Vermont,47,2020-08-30,0.0,Beverages,0.0,13581080.0,10422771.0,6613062.75,8,35
Vermont,48,2020-09-06,11742211.0,Beverages,0.0,0.0,10245583.0,3207697.75,9,36
Vermont,49,2020-09-13,0.0,Beverages,11742211.0,0.0,0.0,2935552.75,9,37
Vermont,50,2020-09-20,0.0,Beverages,0.0,13621460.0,0.0,2935552.75,9,38
Vermont,51,2020-09-27,0.0,Beverages,0.0,12830791.0,10321603.0,2935552.75,9,39
Vermont,52,2020-10-04,11398364.0,Beverages,0.0,0.0,11002690.0,2935552.75,10,40
Vermont,53,2020-10-11,11173347.0,Beverages,11398364.0,0.0,0.0,2849591.0,10,41
Vermont,54,2020-10-18,0.0,Beverages,11173347.0,0.0,0.0,5642927.75,10,42
Vermont,55,2020-10-25,0.0,Beverages,0.0,11742211.0,0.0,5642927.75,10,43
Vermont,56,2020-11-01,10550546.0,Beverages,0.0,0.0,10611241.0,5642927.75,11,44
Vermont,57,2020-11-08,10915170.0,Beverages,10550546.0,0.0,10412629.0,5430973.25,11,45
Vermont,58,2020-11-15,0.0,Beverages,10915170.0,0.0,0.0,5366429.0,11,46
Vermont,59,2020-11-22,0.0,Beverages,0.0,11398364.0,0.0,5366429.0,11,47
Vermont,60,2020-11-29,0.0,Beverages,0.0,11173347.0,11244376.0,5366429.0,11,48
Vermont,61,2020-12-06,10650734.0,Beverages,0.0,0.0,11252154.0,2728792.5,12,49
Vermont,62,2020-12-13,0.0,Beverages,10650734.0,0.0,0.0,2662683.5,12,50
Vermont,63,2020-12-20,0.0,Beverages,0.0,10550546.0,0.0,2662683.5,12,51
Vermont,64,2020-12-27,0.0,Beverages,0.0,10915170.0,0.0,2662683.5,12,52
Vermont,65,2021-01-03,11494781.0,Beverages,0.0,0.0,12511161.0,2662683.5,1,53
Vermont,66,2021-01-10,10942796.0,Beverages,11494781.0,0.0,0.0,2873695.25,1,1
Vermont,67,2021-01-17,0.0,Beverages,10942796.0,0.0,0.0,5609394.25,1,2
Vermont,68,2021-01-24,0.0,Beverages,0.0,10650734.0,0.0,5609394.25,1,3
Vermont,69,2021-01-31,0.0,Beverages,0.0,0.0,14477900.0,5609394.25,1,4
Vermont,70,2021-02-07,10992666.0,Beverages,0.0,0.0,13581080.0,2735699.0,2,5
Vermont,71,2021-02-14,0.0,Beverages,10992666.0,0.0,0.0,2748166.5,2,6
Vermont,72,2021-02-21,0.0,Beverages,0.0,11494781.0,0.0,2748166.5,2,7
Vermont,73,2021-02-28,0.0,Beverages,0.0,10942796.0,13621460.0,2748166.5,2,8
Vermont,74,2021-03-07,11517988.0,Beverages,0.0,0.0,12830791.0,2748166.5,3,9
Vermont,75,2021-03-14,0.0,Beverages,11517988.0,0.0,0.0,2879497.0,3,10
Vermont,76,2021-03-21,0.0,Beverages,0.0,0.0,0.0,2879497.0,3,11
Vermont,77,2021-03-28,0.0,Beverages,0.0,10992666.0,0.0,2879497.0,3,12
Vermont,78,2021-04-04,11275937.0,Beverages,0.0,0.0,11742211.0,2879497.0,4,13
Vermont,79,2021-04-11,11243964.0,Beverages,11275937.0,0.0,0.0,2818984.25,4,14
Vermont,80,2021-04-18,0.0,Beverages,11243964.0,0.0,0.0,5629975.25,4,15
Vermont,81,2021-04-25,0.0,Beverages,0.0,11517988.0,0.0,5629975.25,4,16
Vermont,82,2021-05-02,11912435.0,Beverages,0.0,0.0,11398364.0,5629975.25,5,17
Vermont,83,2021-05-09,11994926.0,Beverages,11912435.0,0.0,11173347.0,5789099.75,5,18
Vermont,84,2021-05-16,0.0,Beverages,11994926.0,0.0,0.0,5976840.25,5,19
Vermont,85,2021-05-23,0.0,Beverages,0.0,11275937.0,0.0,5976840.25,5,20
Vermont,86,2021-05-30,0.0,Beverages,0.0,11243964.0,10550546.0,5976840.25,5,21
Vermont,87,2021-06-06,13043593.0,Beverages,0.0,0.0,10915170.0,2998731.5,6,22
Vermont,88,2021-06-13,0.0,Beverages,13043593.0,0.0,0.0,3260898.25,6,23
Vermont,89,2021-06-20,0.0,Beverages,0.0,11912435.0,0.0,3260898.25,6,24
Vermont,90,2021-06-27,0.0,Beverages,0.0,11994926.0,0.0,3260898.25,6,25
Vermont,91,2021-07-04,14328350.0,Beverages,0.0,0.0,10650734.0,3260898.25,7,26
Vermont,92,2021-07-11,13843774.0,Beverages,14328350.0,0.0,0.0,3582087.5,7,27
Vermont,93,2021-07-18,0.0,Beverages,13843774.0,0.0,0.0,7043031.0,7,28
Vermont,94,2021-07-25,0.0,Beverages,0.0,13043593.0,0.0,7043031.0,7,29
Vermont,95,2021-08-01,13464126.0,Beverages,0.0,0.0,11494781.0,7043031.0,8,30
Vermont,96,2021-08-08,13735041.0,Beverages,13464126.0,0.0,10942796.0,6826975.0,8,31
Vermont,97,2021-08-15,0.0,Beverages,13735041.0,0.0,0.0,6799791.75,8,32
Vermont,98,2021-08-22,0.0,Beverages,0.0,14328350.0,0.0,6799791.75,8,33
Vermont,99,2021-08-29,0.0,Beverages,0.0,13843774.0,0.0,6799791.75,8,34
Vermont,100,2021-09-05,12654207.0,Beverages,0.0,0.0,10992666.0,3433760.25,9,35
Vermont,101,2021-09-12,12307859.0,Beverages,12654207.0,0.0,0.0,3163551.75,9,36
Vermont,102,2021-09-19,0.0,Beverages,12307859.0,13464126.0,0.0,6240516.5,9,37
Vermont,103,2021-09-26,0.0,Beverages,0.0,13735041.0,0.0,6240516.5,9,38
Vermont,104,2021-10-03,17208123.0,Beverages,0.0,0.0,11517988.0,6240516.5,10,39
Vermont,105,2021-10-10,17238409.0,Beverages,17208123.0,0.0,0.0,7378995.5,10,40
Vermont,106,2021-10-17,0.0,Beverages,17238409.0,0.0,0.0,8611633.0,10,41
Vermont,107,2021-10-24,0.0,Beverages,0.0,12654207.0,0.0,8611633.0,10,42
Vermont,108,2021-10-31,0.0,Beverages,0.0,12307859.0,11275937.0,8611633.0,10,43
Vermont,109,2021-11-07,16450799.0,Beverages,0.0,0.0,11243964.0,4309602.25,11,44
Vermont,110,2021-11-14,0.0,Beverages,16450799.0,0.0,0.0,4112699.75,11,45
Vermont,111,2021-11-21,0.0,Beverages,0.0,17208123.0,0.0,4112699.75,11,46
Vermont,112,2021-11-28,0.0,Beverages,0.0,17238409.0,11912435.0,4112699.75,11,47
Vermont,113,2021-12-05,16412109.0,Beverages,0.0,0.0,11994926.0,4112699.75,12,48
Vermont,114,2021-12-12,16128337.0,Beverages,16412109.0,0.0,0.0,4103027.25,12,49
Vermont,115,2021-12-19,0.0,Beverages,16128337.0,0.0,0.0,8135111.5,12,50
Vermont,116,2021-12-26,0.0,Beverages,0.0,16450799.0,0.0,8135111.5,12,51
Vermont,117,2022-01-02,17602152.0,Beverages,0.0,0.0,13043593.0,8135111.5,1,52
Vermont,118,2022-01-09,16658675.0,Beverages,17602152.0,0.0,0.0,8432622.25,1,1
Vermont,119,2022-01-16,0.0,Beverages,16658675.0,0.0,0.0,8565206.75,1,2
Vermont,120,2022-01-23,0.0,Beverages,0.0,16412109.0,0.0,8565206.75,1,3
Vermont,121,2022-01-30,0.0,Beverages,0.0,16128337.0,14328350.0,8565206.75,1,4
Vermont,122,2022-02-06,17004640.0,Beverages,0.0,0.0,13843774.0,4164668.75,2,5
Vermont,123,2022-02-13,0.0,Beverages,17004640.0,0.0,0.0,4251160.0,2,6
Vermont,124,2022-02-20,0.0,Beverages,0.0,17602152.0,0.0,4251160.0,2,7
Vermont,125,2022-02-27,0.0,Beverages,0.0,16658675.0,13464126.0,4251160.0,2,8
Vermont,126,2022-03-06,17086731.0,Beverages,0.0,0.0,13735041.0,4251160.0,3,9
Vermont,127,2022-03-13,0.0,Beverages,17086731.0,0.0,0.0,4271682.75,3,10
Vermont,128,2022-03-20,0.0,Beverages,0.0,0.0,0.0,4271682.75,3,11
Vermont,129,2022-03-27,0.0,Beverages,0.0,17004640.0,0.0,4271682.75,3,12
Vermont,130,2022-04-03,17273732.0,Beverages,0.0,0.0,12654207.0,4271682.75,4,13
Vermont,131,2022-04-10,16901303.0,Beverages,17273732.0,0.0,12307859.0,4318433.0,4,14
Vermont,132,2022-04-17,0.0,Beverages,16901303.0,0.0,0.0,8543758.75,4,15
Vermont,133,2022-04-24,0.0,Beverages,0.0,17086731.0,0.0,8543758.75,4,16
Vermont,134,2022-05-01,17584378.0,Beverages,0.0,0.0,17208123.0,8543758.75,5,17
Vermont,135,2022-05-08,18223424.0,Beverages,17584378.0,0.0,17238409.0,8621420.25,5,18
Vermont,136,2022-05-15,0.0,Beverages,18223424.0,0.0,0.0,8951950.5,5,19
Vermont,137,2022-05-22,0.0,Beverages,0.0,17273732.0,0.0,8951950.5,5,20
Vermont,138,2022-05-29,0.0,Beverages,0.0,16901303.0,0.0,8951950.5,5,21
Vermont,139,2022-06-05,20243384.0,Beverages,0.0,0.0,16450799.0,4555856.0,6,22
Vermont,140,2022-06-12,19894380.0,Beverages,20243384.0,0.0,0.0,5060846.0,6,23
Vermont,141,2022-06-19,0.0,Beverages,19894380.0,17584378.0,0.0,10034441.0,6,24
Vermont,142,2022-06-26,0.0,Beverages,0.0,18223424.0,0.0,10034441.0,6,25
Vermont,143,2022-07-03,22844305.0,Beverages,0.0,0.0,16412109.0,10034441.0,7,26
Vermont,144,2022-07-10,21109350.0,Beverages,22844305.0,0.0,16128337.0,10684671.25,7,27
Vermont,145,2022-07-17,0.0,Beverages,21109350.0,0.0,0.0,10988413.75,7,28
Vermont,146,2022-07-24,0.0,Beverages,0.0,20243384.0,0.0,10988413.75,7,29
Vermont,147,2022-07-31,0.0,Beverages,0.0,19894380.0,17602152.0,10988413.75,7,30
Vermont,148,2022-08-07,21576116.0,Beverages,0.0,0.0,16658675.0,5277337.5,8,31
Vermont,149,2022-08-14,0.0,Beverages,21576116.0,0.0,0.0,5394029.0,8,32
Vermont,150,2022-08-21,0.0,Beverages,0.0,22844305.0,0.0,5394029.0,8,33
Vermont,151,2022-08-28,0.0,Beverages,0.0,21109350.0,0.0,5394029.0,8,34
Vermont,152,2022-09-04,19188721.0,Beverages,0.0,0.0,17004640.0,5394029.0,9,35
Vermont,153,2022-09-11,18020623.0,Beverages,19188721.0,0.0,0.0,4797180.25,9,36
Vermont,154,2022-09-18,0.0,Beverages,18020623.0,0.0,0.0,9302336.0,9,37
Vermont,155,2022-09-25,0.0,Beverages,0.0,21576116.0,0.0,9302336.0,9,38
Vermont,156,2022-10-02,17781060.0,Beverages,0.0,0.0,17086731.0,9302336.0,10,39
Vermont,157,2022-10-09,18224034.0,Beverages,17781060.0,0.0,0.0,8950420.75,10,40
Vermont,158,2022-10-16,0.0,Beverages,18224034.0,0.0,0.0,9001273.5,10,41
Vermont,159,2022-10-23,0.0,Beverages,0.0,19188721.0,0.0,9001273.5,10,42
Vermont,160,2022-10-30,0.0,Beverages,0.0,18020623.0,17273732.0,9001273.5,10,43
Vermont,161,2022-11-06,17483212.0,Beverages,0.0,0.0,16901303.0,4556008.5,11,44
Vermont,162,2022-11-13,0.0,Beverages,17483212.0,0.0,0.0,4370803.0,11,45
Vermont,163,2022-11-20,0.0,Beverages,0.0,17781060.0,0.0,4370803.0,11,46
Vermont,164,2022-11-27,0.0,Beverages,0.0,18224034.0,17584378.0,4370803.0,11,47
Vermont,165,2022-12-04,16973330.0,Beverages,0.0,0.0,18223424.0,4370803.0,12,48
Vermont,166,2022-12-11,17078050.0,Beverages,16973330.0,0.0,0.0,4243332.5,12,49
Vermont,167,2022-12-18,0.0,Beverages,17078050.0,0.0,0.0,8512845.0,12,50
Vermont,168,2022-12-25,0.0,Beverages,0.0,17483212.0,0.0,8512845.0,12,51
Vermont,169,2023-01-01,18254415.0,Beverages,0.0,0.0,20243384.0,8512845.0,1,52
Vermont,170,2023-01-08,17426156.0,Beverages,18254415.0,0.0,19894380.0,8833116.25,1,1
Vermont,171,2023-01-15,0.0,Beverages,17426156.0,0.0,0.0,8920142.75,1,2
Vermont,172,2023-01-22,0.0,Beverages,0.0,16973330.0,0.0,8920142.75,1,3
Vermont,173,2023-01-29,0.0,Beverages,0.0,17078050.0,22844305.0,8920142.75,1,4
Vermont,174,2023-02-05,17520094.0,Beverages,0.0,0.0,21109350.0,4356539.0,2,5
Vermont,175,2023-02-12,17722087.0,Beverages,17520094.0,0.0,0.0,4380023.5,2,6
Vermont,176,2023-02-19,0.0,Beverages,17722087.0,18254415.0,0.0,8810545.25,2,7
Vermont,177,2023-02-26,0.0,Beverages,0.0,17426156.0,0.0,8810545.25,2,8
Vermont,178,2023-03-05,18343682.0,Beverages,0.0,0.0,21576116.0,8810545.25,3,9
Vermont,179,2023-03-12,18511581.0,Beverages,18343682.0,0.0,0.0,9016442.25,3,10
Vermont,180,2023-03-19,0.0,Beverages,18511581.0,0.0,0.0,9213815.75,3,11
Vermont,181,2023-03-26,0.0,Beverages,0.0,17520094.0,0.0,9213815.75,3,12
Vermont,182,2023-04-02,17377273.0,Beverages,0.0,17722087.0,19188721.0,9213815.75,4,13
Vermont,183,2023-04-09,18173575.0,Beverages,17377273.0,0.0,18020623.0,8972213.5,4,14
Vermont,184,2023-04-16,0.0,Beverages,18173575.0,0.0,0.0,8887712.0,4,15
Vermont,185,2023-04-23,0.0,Beverages,0.0,18343682.0,0.0,8887712.0,4,16
Vermont,186,2023-04-30,0.0,Beverages,0.0,18511581.0,17781060.0,8887712.0,4,17
Vermont,187,2023-05-07,19494926.0,Beverages,0.0,0.0,18224034.0,4543393.75,5,18
Virginia,30,2020-05-03,176705173.0,Beverages,0.0,0.0,172066423.0,83063511.75,5,18
Virginia,31,2020-05-10,175163330.0,Beverages,176705173.0,0.0,0.0,85504227.5,5,19
Virginia,32,2020-05-17,0.0,Beverages,175163330.0,0.0,0.0,87967125.75,5,20
Virginia,33,2020-05-24,0.0,Beverages,0.0,166942310.0,0.0,87967125.75,5,21
Virginia,34,2020-05-31,0.0,Beverages,0.0,165311737.0,156968155.0,87967125.75,5,22
Virginia,35,2020-06-07,185516072.0,Beverages,0.0,0.0,155391291.0,43790832.5,6,23
Virginia,36,2020-06-14,0.0,Beverages,185516072.0,0.0,0.0,46379018.0,6,24
Virginia,37,2020-06-21,0.0,Beverages,0.0,176705173.0,0.0,46379018.0,6,25
Virginia,38,2020-06-28,0.0,Beverages,0.0,175163330.0,153170304.0,46379018.0,6,26
Virginia,39,2020-07-05,199524865.0,Beverages,0.0,0.0,155885205.0,46379018.0,7,27
Virginia,40,2020-07-12,187064332.0,Beverages,199524865.0,0.0,0.0,49881216.25,7,28
Virginia,41,2020-07-19,0.0,Beverages,187064332.0,0.0,0.0,96647299.25,7,29
Virginia,42,2020-07-26,0.0,Beverages,0.0,185516072.0,0.0,96647299.25,7,30
Virginia,43,2020-08-02,187624235.0,Beverages,0.0,0.0,152001837.0,96647299.25,8,31
Virginia,44,2020-08-09,184209933.0,Beverages,187624235.0,0.0,152855580.0,93672141.75,8,32
Virginia,45,2020-08-16,0.0,Beverages,184209933.0,0.0,0.0,92958542.0,8,33
Virginia,46,2020-08-23,0.0,Beverages,0.0,199524865.0,0.0,92958542.0,8,34
Virginia,47,2020-08-30,0.0,Beverages,0.0,187064332.0,150953057.0,92958542.0,8,35
Virginia,48,2020-09-06,186222413.0,Beverages,0.0,0.0,152055733.0,46052483.25,9,36
Virginia,49,2020-09-13,0.0,Beverages,186222413.0,0.0,0.0,46555603.25,9,37
Virginia,50,2020-09-20,0.0,Beverages,0.0,187624235.0,0.0,46555603.25,9,38
Virginia,51,2020-09-27,0.0,Beverages,0.0,184209933.0,158527801.0,46555603.25,9,39
Virginia,52,2020-10-04,176217089.0,Beverages,0.0,0.0,163409249.0,46555603.25,10,40
Virginia,53,2020-10-11,169654399.0,Beverages,176217089.0,0.0,0.0,44054272.25,10,41
Virginia,54,2020-10-18,0.0,Beverages,169654399.0,0.0,0.0,86467872.0,10,42
Virginia,55,2020-10-25,0.0,Beverages,0.0,186222413.0,0.0,86467872.0,10,43
Virginia,56,2020-11-01,165112481.0,Beverages,0.0,0.0,166942310.0,86467872.0,11,44
Virginia,57,2020-11-08,167596233.0,Beverages,165112481.0,0.0,165311737.0,83691720.0,11,45
Virginia,58,2020-11-15,0.0,Beverages,167596233.0,0.0,0.0,83177178.5,11,46
Virginia,59,2020-11-22,0.0,Beverages,0.0,176217089.0,0.0,83177178.5,11,47
Virginia,60,2020-11-29,0.0,Beverages,0.0,169654399.0,176705173.0,83177178.5,11,48
Virginia,61,2020-12-06,159632428.0,Beverages,0.0,0.0,175163330.0,41899058.25,12,49
Virginia,62,2020-12-13,0.0,Beverages,159632428.0,0.0,0.0,39908107.0,12,50
Virginia,63,2020-12-20,0.0,Beverages,0.0,165112481.0,0.0,39908107.0,12,51
Virginia,64,2020-12-27,0.0,Beverages,0.0,167596233.0,0.0,39908107.0,12,52
Virginia,65,2021-01-03,161285295.0,Beverages,0.0,0.0,185516072.0,39908107.0,1,53
Virginia,66,2021-01-10,158932759.0,Beverages,161285295.0,0.0,0.0,40321323.75,1,1
Virginia,67,2021-01-17,0.0,Beverages,158932759.0,0.0,0.0,80054513.5,1,2
Virginia,68,2021-01-24,0.0,Beverages,0.0,159632428.0,0.0,80054513.5,1,3
Virginia,69,2021-01-31,0.0,Beverages,0.0,0.0,199524865.0,80054513.5,1,4
Virginia,70,2021-02-07,160563408.0,Beverages,0.0,0.0,187064332.0,39733189.75,2,5
Virginia,71,2021-02-14,0.0,Beverages,160563408.0,0.0,0.0,40140852.0,2,6
Virginia,72,2021-02-21,0.0,Beverages,0.0,161285295.0,0.0,40140852.0,2,7
Virginia,73,2021-02-28,0.0,Beverages,0.0,158932759.0,187624235.0,40140852.0,2,8
Virginia,74,2021-03-07,174612377.0,Beverages,0.0,0.0,184209933.0,40140852.0,3,9
Virginia,75,2021-03-14,0.0,Beverages,174612377.0,0.0,0.0,43653094.25,3,10
Virginia,76,2021-03-21,0.0,Beverages,0.0,0.0,0.0,43653094.25,3,11
Virginia,77,2021-03-28,0.0,Beverages,0.0,160563408.0,0.0,43653094.25,3,12
Virginia,78,2021-04-04,178524305.0,Beverages,0.0,0.0,186222413.0,43653094.25,4,13
Virginia,79,2021-04-11,180011223.0,Beverages,178524305.0,0.0,0.0,44631076.25,4,14
Virginia,80,2021-04-18,0.0,Beverages,180011223.0,0.0,0.0,89633882.0,4,15
Virginia,81,2021-04-25,0.0,Beverages,0.0,174612377.0,0.0,89633882.0,4,16
Virginia,82,2021-05-02,187739403.0,Beverages,0.0,0.0,176217089.0,89633882.0,5,17
Virginia,83,2021-05-09,187731621.0,Beverages,187739403.0,0.0,169654399.0,91937656.5,5,18
Virginia,84,2021-05-16,0.0,Beverages,187731621.0,0.0,0.0,93867756.0,5,19
Virginia,85,2021-05-23,0.0,Beverages,0.0,178524305.0,0.0,93867756.0,5,20
Virginia,86,2021-05-30,0.0,Beverages,0.0,180011223.0,165112481.0,93867756.0,5,21
Virginia,87,2021-06-06,197856116.0,Beverages,0.0,0.0,167596233.0,46932905.25,6,22
Virginia,88,2021-06-13,0.0,Beverages,197856116.0,0.0,0.0,49464029.0,6,23
Virginia,89,2021-06-20,0.0,Beverages,0.0,187739403.0,0.0,49464029.0,6,24
Virginia,90,2021-06-27,0.0,Beverages,0.0,187731621.0,0.0,49464029.0,6,25
Virginia,91,2021-07-04,211924902.0,Beverages,0.0,0.0,159632428.0,49464029.0,7,26
Virginia,92,2021-07-11,199497004.0,Beverages,211924902.0,0.0,0.0,52981225.5,7,27
Virginia,93,2021-07-18,0.0,Beverages,199497004.0,0.0,0.0,102855476.5,7,28
Virginia,94,2021-07-25,0.0,Beverages,0.0,197856116.0,0.0,102855476.5,7,29
Virginia,95,2021-08-01,200020469.0,Beverages,0.0,0.0,161285295.0,102855476.5,8,30
Virginia,96,2021-08-08,194229805.0,Beverages,200020469.0,0.0,158932759.0,99879368.25,8,31
Virginia,97,2021-08-15,0.0,Beverages,194229805.0,0.0,0.0,98562568.5,8,32
Virginia,98,2021-08-22,0.0,Beverages,0.0,211924902.0,0.0,98562568.5,8,33
Virginia,99,2021-08-29,0.0,Beverages,0.0,199497004.0,0.0,98562568.5,8,34
Virginia,100,2021-09-05,199876305.0,Beverages,0.0,0.0,160563408.0,48557451.25,9,35
Virginia,101,2021-09-12,188586877.0,Beverages,199876305.0,0.0,0.0,49969076.25,9,36
Virginia,102,2021-09-19,0.0,Beverages,188586877.0,200020469.0,0.0,97115795.5,9,37
Virginia,103,2021-09-26,0.0,Beverages,0.0,194229805.0,0.0,97115795.5,9,38
Virginia,104,2021-10-03,271048031.0,Beverages,0.0,0.0,174612377.0,97115795.5,10,39
Virginia,105,2021-10-10,264267113.0,Beverages,271048031.0,0.0,0.0,114908727.0,10,40
Virginia,106,2021-10-17,0.0,Beverages,264267113.0,0.0,0.0,133828786.0,10,41
Virginia,107,2021-10-24,0.0,Beverages,0.0,199876305.0,0.0,133828786.0,10,42
Virginia,108,2021-10-31,0.0,Beverages,0.0,188586877.0,178524305.0,133828786.0,10,43
Virginia,109,2021-11-07,254210851.0,Beverages,0.0,0.0,180011223.0,66066778.25,11,44
Virginia,110,2021-11-14,0.0,Beverages,254210851.0,0.0,0.0,63552712.75,11,45
Virginia,111,2021-11-21,0.0,Beverages,0.0,271048031.0,0.0,63552712.75,11,46
Virginia,112,2021-11-28,0.0,Beverages,0.0,264267113.0,187739403.0,63552712.75,11,47
Virginia,113,2021-12-05,252428302.0,Beverages,0.0,0.0,187731621.0,63552712.75,12,48
Virginia,114,2021-12-12,250214046.0,Beverages,252428302.0,0.0,0.0,63107075.5,12,49
Virginia,115,2021-12-19,0.0,Beverages,250214046.0,0.0,0.0,125660587.0,12,50
Virginia,116,2021-12-26,0.0,Beverages,0.0,254210851.0,0.0,125660587.0,12,51
Virginia,117,2022-01-02,247570917.0,Beverages,0.0,0.0,197856116.0,125660587.0,1,52
Virginia,118,2022-01-09,248898889.0,Beverages,247570917.0,0.0,0.0,124446240.75,1,1
Virginia,119,2022-01-16,0.0,Beverages,248898889.0,0.0,0.0,124117451.5,1,2
Virginia,120,2022-01-23,0.0,Beverages,0.0,252428302.0,0.0,124117451.5,1,3
Virginia,121,2022-01-30,0.0,Beverages,0.0,250214046.0,211924902.0,124117451.5,1,4
Virginia,122,2022-02-06,247718808.0,Beverages,0.0,0.0,199497004.0,62224722.25,2,5
Virginia,123,2022-02-13,0.0,Beverages,247718808.0,0.0,0.0,61929702.0,2,6
Virginia,124,2022-02-20,0.0,Beverages,0.0,247570917.0,0.0,61929702.0,2,7
Virginia,125,2022-02-27,0.0,Beverages,0.0,248898889.0,200020469.0,61929702.0,2,8
Virginia,126,2022-03-06,263806233.0,Beverages,0.0,0.0,194229805.0,61929702.0,3,9
Virginia,127,2022-03-13,0.0,Beverages,263806233.0,0.0,0.0,65951558.25,3,10
Virginia,128,2022-03-20,0.0,Beverages,0.0,0.0,0.0,65951558.25,3,11
Virginia,129,2022-03-27,0.0,Beverages,0.0,247718808.0,0.0,65951558.25,3,12
Virginia,130,2022-04-03,272520470.0,Beverages,0.0,0.0,199876305.0,65951558.25,4,13
Virginia,131,2022-04-10,277964646.0,Beverages,272520470.0,0.0,188586877.0,68130117.5,4,14
Virginia,132,2022-04-17,0.0,Beverages,277964646.0,0.0,0.0,137621279.0,4,15
Virginia,133,2022-04-24,0.0,Beverages,0.0,263806233.0,0.0,137621279.0,4,16
Virginia,134,2022-05-01,290727348.0,Beverages,0.0,0.0,271048031.0,137621279.0,5,17
Virginia,135,2022-05-08,284854597.0,Beverages,290727348.0,0.0,264267113.0,142172998.5,5,18
Virginia,136,2022-05-15,0.0,Beverages,284854597.0,0.0,0.0,143895486.25,5,19
Virginia,137,2022-05-22,0.0,Beverages,0.0,272520470.0,0.0,143895486.25,5,20
Virginia,138,2022-05-29,0.0,Beverages,0.0,277964646.0,0.0,143895486.25,5,21
Virginia,139,2022-06-05,295835576.0,Beverages,0.0,0.0,254210851.0,71213649.25,6,22
Virginia,140,2022-06-12,290185531.0,Beverages,295835576.0,0.0,0.0,73958894.0,6,23
Virginia,141,2022-06-19,0.0,Beverages,290185531.0,290727348.0,0.0,146505276.75,6,24
Virginia,142,2022-06-26,0.0,Beverages,0.0,284854597.0,0.0,146505276.75,6,25
Virginia,143,2022-07-03,313281997.0,Beverages,0.0,0.0,252428302.0,146505276.75,7,26
Virginia,144,2022-07-10,294810632.0,Beverages,313281997.0,0.0,250214046.0,150866882.0,7,27
Virginia,145,2022-07-17,0.0,Beverages,294810632.0,0.0,0.0,152023157.25,7,28
Virginia,146,2022-07-24,0.0,Beverages,0.0,295835576.0,0.0,152023157.25,7,29
Virginia,147,2022-07-31,0.0,Beverages,0.0,290185531.0,247570917.0,152023157.25,7,30
Virginia,148,2022-08-07,302468893.0,Beverages,0.0,0.0,248898889.0,73702658.0,8,31
Virginia,149,2022-08-14,0.0,Beverages,302468893.0,0.0,0.0,75617223.25,8,32
Virginia,150,2022-08-21,0.0,Beverages,0.0,313281997.0,0.0,75617223.25,8,33
Virginia,151,2022-08-28,0.0,Beverages,0.0,294810632.0,0.0,75617223.25,8,34
Virginia,152,2022-09-04,309506677.0,Beverages,0.0,0.0,247718808.0,75617223.25,9,35
Virginia,153,2022-09-11,289237582.0,Beverages,309506677.0,0.0,0.0,77376669.25,9,36
Virginia,154,2022-09-18,0.0,Beverages,289237582.0,0.0,0.0,149686064.75,9,37
Virginia,155,2022-09-25,0.0,Beverages,0.0,302468893.0,0.0,149686064.75,9,38
Virginia,156,2022-10-02,288864320.0,Beverages,0.0,0.0,263806233.0,149686064.75,10,39
Virginia,157,2022-10-09,278024414.0,Beverages,288864320.0,0.0,0.0,144525475.5,10,40
Virginia,158,2022-10-16,0.0,Beverages,278024414.0,0.0,0.0,141722183.5,10,41
Virginia,159,2022-10-23,0.0,Beverages,0.0,309506677.0,0.0,141722183.5,10,42
Virginia,160,2022-10-30,0.0,Beverages,0.0,289237582.0,272520470.0,141722183.5,10,43
Virginia,161,2022-11-06,273249495.0,Beverages,0.0,0.0,277964646.0,69506103.5,11,44
Virginia,162,2022-11-13,0.0,Beverages,273249495.0,0.0,0.0,68312373.75,11,45
Virginia,163,2022-11-20,0.0,Beverages,0.0,288864320.0,0.0,68312373.75,11,46
Virginia,164,2022-11-27,0.0,Beverages,0.0,278024414.0,290727348.0,68312373.75,11,47
Virginia,165,2022-12-04,265354902.0,Beverages,0.0,0.0,284854597.0,68312373.75,12,48
Virginia,166,2022-12-11,269510630.0,Beverages,265354902.0,0.0,0.0,66338725.5,12,49
Virginia,167,2022-12-18,0.0,Beverages,269510630.0,0.0,0.0,133716383.0,12,50
Virginia,168,2022-12-25,0.0,Beverages,0.0,273249495.0,0.0,133716383.0,12,51
Virginia,169,2023-01-01,262853194.0,Beverages,0.0,0.0,295835576.0,133716383.0,1,52
Virginia,170,2023-01-08,263411853.0,Beverages,262853194.0,0.0,290185531.0,133090956.0,1,1
Virginia,171,2023-01-15,0.0,Beverages,263411853.0,0.0,0.0,131566261.75,1,2
Virginia,172,2023-01-22,0.0,Beverages,0.0,265354902.0,0.0,131566261.75,1,3
Virginia,173,2023-01-29,0.0,Beverages,0.0,269510630.0,313281997.0,131566261.75,1,4
Virginia,174,2023-02-05,264660031.0,Beverages,0.0,0.0,294810632.0,65852963.25,2,5
Virginia,175,2023-02-12,270253070.0,Beverages,264660031.0,0.0,0.0,66165007.75,2,6
Virginia,176,2023-02-19,0.0,Beverages,270253070.0,262853194.0,0.0,133728275.25,2,7
Virginia,177,2023-02-26,0.0,Beverages,0.0,263411853.0,0.0,133728275.25,2,8
Virginia,178,2023-03-05,289520255.0,Beverages,0.0,0.0,302468893.0,133728275.25,3,9
Virginia,179,2023-03-12,307916269.0,Beverages,289520255.0,0.0,0.0,139943331.25,3,10
Virginia,180,2023-03-19,0.0,Beverages,307916269.0,0.0,0.0,149359131.0,3,11
Virginia,181,2023-03-26,0.0,Beverages,0.0,264660031.0,0.0,149359131.0,3,12
Virginia,182,2023-04-02,286229977.0,Beverages,0.0,270253070.0,309506677.0,149359131.0,4,13
Virginia,183,2023-04-09,293839744.0,Beverages,286229977.0,0.0,289237582.0,148536561.5,4,14
Virginia,184,2023-04-16,0.0,Beverages,293839744.0,0.0,0.0,145017430.25,4,15
Virginia,185,2023-04-23,0.0,Beverages,0.0,289520255.0,0.0,145017430.25,4,16
Virginia,186,2023-04-30,0.0,Beverages,0.0,307916269.0,288864320.0,145017430.25,4,17
Virginia,187,2023-05-07,301772658.0,Beverages,0.0,0.0,278024414.0,73459936.0,5,18
Washington,30,2020-05-03,118100977.0,Beverages,0.0,0.0,105763908.0,54604555.25,5,18
Washington,31,2020-05-10,127920488.0,Beverages,118100977.0,0.0,0.0,57081621.25,5,19
Washington,32,2020-05-17,0.0,Beverages,127920488.0,0.0,0.0,61505366.25,5,20
Washington,33,2020-05-24,0.0,Beverages,0.0,108192713.0,0.0,61505366.25,5,21
Washington,34,2020-05-31,0.0,Beverages,0.0,110225508.0,101445077.0,61505366.25,5,22
Washington,35,2020-06-07,120382319.0,Beverages,0.0,0.0,102493531.0,31980122.0,6,23
Washington,36,2020-06-14,0.0,Beverages,120382319.0,0.0,0.0,30095579.75,6,24
Washington,37,2020-06-21,0.0,Beverages,0.0,118100977.0,0.0,30095579.75,6,25
Washington,38,2020-06-28,0.0,Beverages,0.0,127920488.0,100959342.0,30095579.75,6,26
Washington,39,2020-07-05,125649881.0,Beverages,0.0,0.0,102506228.0,30095579.75,7,27
Washington,40,2020-07-12,120901347.0,Beverages,125649881.0,0.0,0.0,31412470.25,7,28
Washington,41,2020-07-19,0.0,Beverages,120901347.0,0.0,0.0,61637807.0,7,29
Washington,42,2020-07-26,0.0,Beverages,0.0,120382319.0,0.0,61637807.0,7,30
Washington,43,2020-08-02,133188125.0,Beverages,0.0,0.0,101422957.0,61637807.0,8,31
Washington,44,2020-08-09,125952535.0,Beverages,133188125.0,0.0,103079612.0,63522368.0,8,32
Washington,45,2020-08-16,0.0,Beverages,125952535.0,0.0,0.0,64785165.0,8,33
Washington,46,2020-08-23,0.0,Beverages,0.0,125649881.0,0.0,64785165.0,8,34
Washington,47,2020-08-30,0.0,Beverages,0.0,120901347.0,104126832.0,64785165.0,8,35
Washington,48,2020-09-06,124581759.0,Beverages,0.0,0.0,104104167.0,31488133.75,9,36
Washington,49,2020-09-13,0.0,Beverages,124581759.0,0.0,0.0,31145439.75,9,37
Washington,50,2020-09-20,0.0,Beverages,0.0,133188125.0,0.0,31145439.75,9,38
Washington,51,2020-09-27,0.0,Beverages,0.0,125952535.0,107477573.0,31145439.75,9,39
Washington,52,2020-10-04,112825238.0,Beverages,0.0,0.0,111388535.0,31145439.75,10,40
Washington,53,2020-10-11,110684503.0,Beverages,112825238.0,0.0,0.0,28206309.5,10,41
Washington,54,2020-10-18,0.0,Beverages,110684503.0,0.0,0.0,55877435.25,10,42
Washington,55,2020-10-25,0.0,Beverages,0.0,124581759.0,0.0,55877435.25,10,43
Washington,56,2020-11-01,108548730.0,Beverages,0.0,0.0,108192713.0,55877435.25,11,44
Washington,57,2020-11-08,108425959.0,Beverages,108548730.0,0.0,110225508.0,54808308.25,11,45
Washington,58,2020-11-15,0.0,Beverages,108425959.0,0.0,0.0,54243672.25,11,46
Washington,59,2020-11-22,0.0,Beverages,0.0,112825238.0,0.0,54243672.25,11,47
Washington,60,2020-11-29,0.0,Beverages,0.0,110684503.0,118100977.0,54243672.25,11,48
Washington,61,2020-12-06,107995295.0,Beverages,0.0,0.0,127920488.0,27106489.75,12,49
Washington,62,2020-12-13,0.0,Beverages,107995295.0,0.0,0.0,26998823.75,12,50
Washington,63,2020-12-20,0.0,Beverages,0.0,108548730.0,0.0,26998823.75,12,51
Washington,64,2020-12-27,0.0,Beverages,0.0,108425959.0,0.0,26998823.75,12,52
Washington,65,2021-01-03,108217572.0,Beverages,0.0,0.0,120382319.0,26998823.75,1,53
Washington,66,2021-01-10,109823465.0,Beverages,108217572.0,0.0,0.0,27054393.0,1,1
Washington,67,2021-01-17,0.0,Beverages,109823465.0,0.0,0.0,54510259.25,1,2
Washington,68,2021-01-24,0.0,Beverages,0.0,107995295.0,0.0,54510259.25,1,3
Washington,69,2021-01-31,0.0,Beverages,0.0,0.0,125649881.0,54510259.25,1,4
Washington,70,2021-02-07,109182532.0,Beverages,0.0,0.0,120901347.0,27455866.25,2,5
Washington,71,2021-02-14,0.0,Beverages,109182532.0,0.0,0.0,27295633.0,2,6
Washington,72,2021-02-21,0.0,Beverages,0.0,108217572.0,0.0,27295633.0,2,7
Washington,73,2021-02-28,0.0,Beverages,0.0,109823465.0,133188125.0,27295633.0,2,8
Washington,74,2021-03-07,116941150.0,Beverages,0.0,0.0,125952535.0,27295633.0,3,9
Washington,75,2021-03-14,0.0,Beverages,116941150.0,0.0,0.0,29235287.5,3,10
Washington,76,2021-03-21,0.0,Beverages,0.0,0.0,0.0,29235287.5,3,11
Washington,77,2021-03-28,0.0,Beverages,0.0,109182532.0,0.0,29235287.5,3,12
Washington,78,2021-04-04,116874861.0,Beverages,0.0,0.0,124581759.0,29235287.5,4,13
Washington,79,2021-04-11,118476152.0,Beverages,116874861.0,0.0,0.0,29218715.25,4,14
Washington,80,2021-04-18,0.0,Beverages,118476152.0,0.0,0.0,58837753.25,4,15
Washington,81,2021-04-25,0.0,Beverages,0.0,116941150.0,0.0,58837753.25,4,16
Washington,82,2021-05-02,124200173.0,Beverages,0.0,0.0,112825238.0,58837753.25,5,17
Washington,83,2021-05-09,130700689.0,Beverages,124200173.0,0.0,110684503.0,60669081.25,5,18
Washington,84,2021-05-16,0.0,Beverages,130700689.0,0.0,0.0,63725215.5,5,19
Washington,85,2021-05-23,0.0,Beverages,0.0,116874861.0,0.0,63725215.5,5,20
Washington,86,2021-05-30,0.0,Beverages,0.0,118476152.0,108548730.0,63725215.5,5,21
Washington,87,2021-06-06,130216903.0,Beverages,0.0,0.0,108425959.0,32675172.25,6,22
Washington,88,2021-06-13,0.0,Beverages,130216903.0,0.0,0.0,32554225.75,6,23
Washington,89,2021-06-20,0.0,Beverages,0.0,124200173.0,0.0,32554225.75,6,24
Washington,90,2021-06-27,0.0,Beverages,0.0,130700689.0,0.0,32554225.75,6,25
Washington,91,2021-07-04,142870874.0,Beverages,0.0,0.0,107995295.0,32554225.75,7,26
Washington,92,2021-07-11,132607061.0,Beverages,142870874.0,0.0,0.0,35717718.5,7,27
Washington,93,2021-07-18,0.0,Beverages,132607061.0,0.0,0.0,68869483.75,7,28
Washington,94,2021-07-25,0.0,Beverages,0.0,130216903.0,0.0,68869483.75,7,29
Washington,95,2021-08-01,142523539.0,Beverages,0.0,0.0,108217572.0,68869483.75,8,30
Washington,96,2021-08-08,136393049.0,Beverages,142523539.0,0.0,109823465.0,68782650.0,8,31
Washington,97,2021-08-15,0.0,Beverages,136393049.0,0.0,0.0,69729147.0,8,32
Washington,98,2021-08-22,0.0,Beverages,0.0,142870874.0,0.0,69729147.0,8,33
Washington,99,2021-08-29,0.0,Beverages,0.0,132607061.0,0.0,69729147.0,8,34
Washington,100,2021-09-05,135333469.0,Beverages,0.0,0.0,109182532.0,34098262.25,9,35
Washington,101,2021-09-12,129432392.0,Beverages,135333469.0,0.0,0.0,33833367.25,9,36
Washington,102,2021-09-19,0.0,Beverages,129432392.0,142523539.0,0.0,66191465.25,9,37
Washington,103,2021-09-26,0.0,Beverages,0.0,136393049.0,0.0,66191465.25,9,38
Washington,104,2021-10-03,173143477.0,Beverages,0.0,0.0,116941150.0,66191465.25,10,39
Washington,105,2021-10-10,170162893.0,Beverages,173143477.0,0.0,0.0,75643967.25,10,40
Washington,106,2021-10-17,0.0,Beverages,170162893.0,0.0,0.0,85826592.5,10,41
Washington,107,2021-10-24,0.0,Beverages,0.0,135333469.0,0.0,85826592.5,10,42
Washington,108,2021-10-31,0.0,Beverages,0.0,129432392.0,116874861.0,85826592.5,10,43
Washington,109,2021-11-07,164199928.0,Beverages,0.0,0.0,118476152.0,42540723.25,11,44
Washington,110,2021-11-14,0.0,Beverages,164199928.0,0.0,0.0,41049982.0,11,45
Washington,111,2021-11-21,0.0,Beverages,0.0,173143477.0,0.0,41049982.0,11,46
Washington,112,2021-11-28,0.0,Beverages,0.0,170162893.0,124200173.0,41049982.0,11,47
Washington,113,2021-12-05,164503607.0,Beverages,0.0,0.0,130700689.0,41049982.0,12,48
Washington,114,2021-12-12,168854026.0,Beverages,164503607.0,0.0,0.0,41125901.75,12,49
Washington,115,2021-12-19,0.0,Beverages,168854026.0,0.0,0.0,83339408.25,12,50
Washington,116,2021-12-26,0.0,Beverages,0.0,164199928.0,0.0,83339408.25,12,51
Washington,117,2022-01-02,161762010.0,Beverages,0.0,0.0,130216903.0,83339408.25,1,52
Washington,118,2022-01-09,166032159.0,Beverages,161762010.0,0.0,0.0,82654009.0,1,1
Washington,119,2022-01-16,0.0,Beverages,166032159.0,0.0,0.0,81948542.25,1,2
Washington,120,2022-01-23,0.0,Beverages,0.0,164503607.0,0.0,81948542.25,1,3
Washington,121,2022-01-30,0.0,Beverages,0.0,168854026.0,142870874.0,81948542.25,1,4
Washington,122,2022-02-06,170138891.0,Beverages,0.0,0.0,132607061.0,41508039.75,2,5
Washington,123,2022-02-13,0.0,Beverages,170138891.0,0.0,0.0,42534722.75,2,6
Washington,124,2022-02-20,0.0,Beverages,0.0,161762010.0,0.0,42534722.75,2,7
Washington,125,2022-02-27,0.0,Beverages,0.0,166032159.0,142523539.0,42534722.75,2,8
Washington,126,2022-03-06,171832948.0,Beverages,0.0,0.0,136393049.0,42534722.75,3,9
Washington,127,2022-03-13,0.0,Beverages,171832948.0,0.0,0.0,42958237.0,3,10
Washington,128,2022-03-20,0.0,Beverages,0.0,0.0,0.0,42958237.0,3,11
Washington,129,2022-03-27,0.0,Beverages,0.0,170138891.0,0.0,42958237.0,3,12
Washington,130,2022-04-03,177811519.0,Beverages,0.0,0.0,135333469.0,42958237.0,4,13
Washington,131,2022-04-10,173850320.0,Beverages,177811519.0,0.0,129432392.0,44452879.75,4,14
Washington,132,2022-04-17,0.0,Beverages,173850320.0,0.0,0.0,87915459.75,4,15
Washington,133,2022-04-24,0.0,Beverages,0.0,171832948.0,0.0,87915459.75,4,16
Washington,134,2022-05-01,185282379.0,Beverages,0.0,0.0,173143477.0,87915459.75,5,17
Washington,135,2022-05-08,191812755.0,Beverages,185282379.0,0.0,170162893.0,89783174.75,5,18
Washington,136,2022-05-15,0.0,Beverages,191812755.0,0.0,0.0,94273783.5,5,19
Washington,137,2022-05-22,0.0,Beverages,0.0,177811519.0,0.0,94273783.5,5,20
Washington,138,2022-05-29,0.0,Beverages,0.0,173850320.0,0.0,94273783.5,5,21
Washington,139,2022-06-05,192140102.0,Beverages,0.0,0.0,164199928.0,47953188.75,6,22
Washington,140,2022-06-12,195542842.0,Beverages,192140102.0,0.0,0.0,48035025.5,6,23
Washington,141,2022-06-19,0.0,Beverages,195542842.0,185282379.0,0.0,96920736.0,6,24
Washington,142,2022-06-26,0.0,Beverages,0.0,191812755.0,0.0,96920736.0,6,25
Washington,143,2022-07-03,213331560.0,Beverages,0.0,0.0,164503607.0,96920736.0,7,26
Washington,144,2022-07-10,199809591.0,Beverages,213331560.0,0.0,168854026.0,102218600.5,7,27
Washington,145,2022-07-17,0.0,Beverages,199809591.0,0.0,0.0,103285287.75,7,28
Washington,146,2022-07-24,0.0,Beverages,0.0,192140102.0,0.0,103285287.75,7,29
Washington,147,2022-07-31,0.0,Beverages,0.0,195542842.0,161762010.0,103285287.75,7,30
Washington,148,2022-08-07,206136814.0,Beverages,0.0,0.0,166032159.0,49952397.75,8,31
Washington,149,2022-08-14,0.0,Beverages,206136814.0,0.0,0.0,51534203.5,8,32
Washington,150,2022-08-21,0.0,Beverages,0.0,213331560.0,0.0,51534203.5,8,33
Washington,151,2022-08-28,0.0,Beverages,0.0,199809591.0,0.0,51534203.5,8,34
Washington,152,2022-09-04,201258179.0,Beverages,0.0,0.0,170138891.0,51534203.5,9,35
Washington,153,2022-09-11,191922359.0,Beverages,201258179.0,0.0,0.0,50314544.75,9,36
Washington,154,2022-09-18,0.0,Beverages,191922359.0,0.0,0.0,98295134.5,9,37
Washington,155,2022-09-25,0.0,Beverages,0.0,206136814.0,0.0,98295134.5,9,38
Washington,156,2022-10-02,181472967.0,Beverages,0.0,0.0,171832948.0,98295134.5,10,39
Washington,157,2022-10-09,181190007.0,Beverages,181472967.0,0.0,0.0,93348831.5,10,40
Washington,158,2022-10-16,0.0,Beverages,181190007.0,0.0,0.0,90665743.5,10,41
Washington,159,2022-10-23,0.0,Beverages,0.0,201258179.0,0.0,90665743.5,10,42
Washington,160,2022-10-30,0.0,Beverages,0.0,191922359.0,177811519.0,90665743.5,10,43
Washington,161,2022-11-06,172511051.0,Beverages,0.0,0.0,173850320.0,45297501.75,11,44
Washington,162,2022-11-13,0.0,Beverages,172511051.0,0.0,0.0,43127762.75,11,45
Washington,163,2022-11-20,0.0,Beverages,0.0,181472967.0,0.0,43127762.75,11,46
Washington,164,2022-11-27,0.0,Beverages,0.0,181190007.0,185282379.0,43127762.75,11,47
Washington,165,2022-12-04,170942767.0,Beverages,0.0,0.0,191812755.0,43127762.75,12,48
Washington,166,2022-12-11,176451625.0,Beverages,170942767.0,0.0,0.0,42735691.75,12,49
Washington,167,2022-12-18,0.0,Beverages,176451625.0,0.0,0.0,86848598.0,12,50
Washington,168,2022-12-25,0.0,Beverages,0.0,172511051.0,0.0,86848598.0,12,51
Washington,169,2023-01-01,167220717.0,Beverages,0.0,0.0,192140102.0,86848598.0,1,52
Washington,170,2023-01-08,173888699.0,Beverages,167220717.0,0.0,195542842.0,85918085.5,1,1
Washington,171,2023-01-15,0.0,Beverages,173888699.0,0.0,0.0,85277354.0,1,2
Washington,172,2023-01-22,0.0,Beverages,0.0,170942767.0,0.0,85277354.0,1,3
Washington,173,2023-01-29,0.0,Beverages,0.0,176451625.0,213331560.0,85277354.0,1,4
Washington,174,2023-02-05,172039129.0,Beverages,0.0,0.0,199809591.0,43472174.75,2,5
Washington,175,2023-02-12,178619260.0,Beverages,172039129.0,0.0,0.0,43009782.25,2,6
Washington,176,2023-02-19,0.0,Beverages,178619260.0,167220717.0,0.0,87664597.25,2,7
Washington,177,2023-02-26,0.0,Beverages,0.0,173888699.0,0.0,87664597.25,2,8
Washington,178,2023-03-05,183342555.0,Beverages,0.0,0.0,206136814.0,87664597.25,3,9
Washington,179,2023-03-12,193005316.0,Beverages,183342555.0,0.0,0.0,90490453.75,3,10
Washington,180,2023-03-19,0.0,Beverages,193005316.0,0.0,0.0,94086967.75,3,11
Washington,181,2023-03-26,0.0,Beverages,0.0,172039129.0,0.0,94086967.75,3,12
Washington,182,2023-04-02,180139569.0,Beverages,0.0,178619260.0,201258179.0,94086967.75,4,13
Washington,183,2023-04-09,189468341.0,Beverages,180139569.0,0.0,191922359.0,93286221.25,4,14
Washington,184,2023-04-16,0.0,Beverages,189468341.0,0.0,0.0,92401977.5,4,15
Washington,185,2023-04-23,0.0,Beverages,0.0,183342555.0,0.0,92401977.5,4,16
Washington,186,2023-04-30,0.0,Beverages,0.0,193005316.0,181472967.0,92401977.5,4,17
Washington,187,2023-05-07,201179479.0,Beverages,0.0,0.0,181190007.0,47367085.25,5,18
West Virginia,30,2020-05-03,45386372.0,Beverages,0.0,0.0,45374729.0,21757367.5,5,18
West Virginia,31,2020-05-10,46665321.0,Beverages,45386372.0,0.0,0.0,22502249.5,5,19
West Virginia,32,2020-05-17,0.0,Beverages,46665321.0,0.0,0.0,23012923.25,5,20
West Virginia,33,2020-05-24,0.0,Beverages,0.0,42406844.0,0.0,23012923.25,5,21
West Virginia,34,2020-05-31,0.0,Beverages,0.0,44622626.0,39411931.0,23012923.25,5,22
West Virginia,35,2020-06-07,49346856.0,Beverages,0.0,0.0,40368204.0,11666330.25,6,23
West Virginia,36,2020-06-14,0.0,Beverages,49346856.0,0.0,0.0,12336714.0,6,24
West Virginia,37,2020-06-21,0.0,Beverages,0.0,45386372.0,0.0,12336714.0,6,25
West Virginia,38,2020-06-28,0.0,Beverages,0.0,46665321.0,38228550.0,12336714.0,6,26
West Virginia,39,2020-07-05,51979692.0,Beverages,0.0,0.0,39876563.0,12336714.0,7,27
West Virginia,40,2020-07-12,48877614.0,Beverages,51979692.0,0.0,0.0,12994923.0,7,28
West Virginia,41,2020-07-19,0.0,Beverages,48877614.0,0.0,0.0,25214326.5,7,29
West Virginia,42,2020-07-26,0.0,Beverages,0.0,49346856.0,0.0,25214326.5,7,30
West Virginia,43,2020-08-02,46797382.0,Beverages,0.0,0.0,39515530.0,25214326.5,8,31
West Virginia,44,2020-08-09,48388940.0,Beverages,46797382.0,0.0,40469847.0,23918749.0,8,32
West Virginia,45,2020-08-16,0.0,Beverages,48388940.0,0.0,0.0,23796580.5,8,33
West Virginia,46,2020-08-23,0.0,Beverages,0.0,51979692.0,0.0,23796580.5,8,34
West Virginia,47,2020-08-30,0.0,Beverages,0.0,48877614.0,37965137.0,23796580.5,8,35
West Virginia,48,2020-09-06,47293907.0,Beverages,0.0,0.0,40027527.0,12097235.0,9,36
West Virginia,49,2020-09-13,0.0,Beverages,47293907.0,0.0,0.0,11823476.75,9,37
West Virginia,50,2020-09-20,0.0,Beverages,0.0,46797382.0,0.0,11823476.75,9,38
West Virginia,51,2020-09-27,0.0,Beverages,0.0,48388940.0,41365082.0,11823476.75,9,39
West Virginia,52,2020-10-04,45261604.0,Beverages,0.0,0.0,42542348.0,11823476.75,10,40
West Virginia,53,2020-10-11,44576952.0,Beverages,45261604.0,0.0,0.0,11315401.0,10,41
West Virginia,54,2020-10-18,0.0,Beverages,44576952.0,0.0,0.0,22459639.0,10,42
West Virginia,55,2020-10-25,0.0,Beverages,0.0,47293907.0,0.0,22459639.0,10,43
West Virginia,56,2020-11-01,40916621.0,Beverages,0.0,0.0,42406844.0,22459639.0,11,44
West Virginia,57,2020-11-08,43413285.0,Beverages,40916621.0,0.0,44622626.0,21373393.25,11,45
West Virginia,58,2020-11-15,0.0,Beverages,43413285.0,0.0,0.0,21082476.5,11,46
West Virginia,59,2020-11-22,0.0,Beverages,0.0,45261604.0,0.0,21082476.5,11,47
West Virginia,60,2020-11-29,0.0,Beverages,0.0,44576952.0,45386372.0,21082476.5,11,48
West Virginia,61,2020-12-06,40731935.0,Beverages,0.0,0.0,46665321.0,10853321.25,12,49
West Virginia,62,2020-12-13,0.0,Beverages,40731935.0,0.0,0.0,10182983.75,12,50
West Virginia,63,2020-12-20,0.0,Beverages,0.0,40916621.0,0.0,10182983.75,12,51
West Virginia,64,2020-12-27,0.0,Beverages,0.0,43413285.0,0.0,10182983.75,12,52
West Virginia,65,2021-01-03,40991525.0,Beverages,0.0,0.0,49346856.0,10182983.75,1,53
West Virginia,66,2021-01-10,43127643.0,Beverages,40991525.0,0.0,0.0,10247881.25,1,1
West Virginia,67,2021-01-17,0.0,Beverages,43127643.0,0.0,0.0,21029792.0,1,2
West Virginia,68,2021-01-24,0.0,Beverages,0.0,40731935.0,0.0,21029792.0,1,3
West Virginia,69,2021-01-31,0.0,Beverages,0.0,0.0,51979692.0,21029792.0,1,4
West Virginia,70,2021-02-07,42616214.0,Beverages,0.0,0.0,48877614.0,10781910.75,2,5
West Virginia,71,2021-02-14,0.0,Beverages,42616214.0,0.0,0.0,10654053.5,2,6
West Virginia,72,2021-02-21,0.0,Beverages,0.0,40991525.0,0.0,10654053.5,2,7
West Virginia,73,2021-02-28,0.0,Beverages,0.0,43127643.0,46797382.0,10654053.5,2,8
West Virginia,74,2021-03-07,45879562.0,Beverages,0.0,0.0,48388940.0,10654053.5,3,9
West Virginia,75,2021-03-14,0.0,Beverages,45879562.0,0.0,0.0,11469890.5,3,10
West Virginia,76,2021-03-21,0.0,Beverages,0.0,0.0,0.0,11469890.5,3,11
West Virginia,77,2021-03-28,0.0,Beverages,0.0,42616214.0,0.0,11469890.5,3,12
West Virginia,78,2021-04-04,45228378.0,Beverages,0.0,0.0,47293907.0,11469890.5,4,13
West Virginia,79,2021-04-11,48967242.0,Beverages,45228378.0,0.0,0.0,11307094.5,4,14
West Virginia,80,2021-04-18,0.0,Beverages,48967242.0,0.0,0.0,23548905.0,4,15
West Virginia,81,2021-04-25,0.0,Beverages,0.0,45879562.0,0.0,23548905.0,4,16
West Virginia,82,2021-05-02,47731133.0,Beverages,0.0,0.0,45261604.0,23548905.0,5,17
West Virginia,83,2021-05-09,49087005.0,Beverages,47731133.0,0.0,44576952.0,24174593.75,5,18
West Virginia,84,2021-05-16,0.0,Beverages,49087005.0,0.0,0.0,24204534.5,5,19
West Virginia,85,2021-05-23,0.0,Beverages,0.0,45228378.0,0.0,24204534.5,5,20
West Virginia,86,2021-05-30,0.0,Beverages,0.0,48967242.0,40916621.0,24204534.5,5,21
West Virginia,87,2021-06-06,52005187.0,Beverages,0.0,0.0,43413285.0,12271751.25,6,22
West Virginia,88,2021-06-13,0.0,Beverages,52005187.0,0.0,0.0,13001296.75,6,23
West Virginia,89,2021-06-20,0.0,Beverages,0.0,47731133.0,0.0,13001296.75,6,24
West Virginia,90,2021-06-27,0.0,Beverages,0.0,49087005.0,0.0,13001296.75,6,25
West Virginia,91,2021-07-04,53976213.0,Beverages,0.0,0.0,40731935.0,13001296.75,7,26
West Virginia,92,2021-07-11,51681309.0,Beverages,53976213.0,0.0,0.0,13494053.25,7,27
West Virginia,93,2021-07-18,0.0,Beverages,51681309.0,0.0,0.0,26414380.5,7,28
West Virginia,94,2021-07-25,0.0,Beverages,0.0,52005187.0,0.0,26414380.5,7,29
West Virginia,95,2021-08-01,50588393.0,Beverages,0.0,0.0,40991525.0,26414380.5,8,30
West Virginia,96,2021-08-08,51784540.0,Beverages,50588393.0,0.0,43127643.0,25567425.5,8,31
West Virginia,97,2021-08-15,0.0,Beverages,51784540.0,0.0,0.0,25593233.25,8,32
West Virginia,98,2021-08-22,0.0,Beverages,0.0,53976213.0,0.0,25593233.25,8,33
West Virginia,99,2021-08-29,0.0,Beverages,0.0,51681309.0,0.0,25593233.25,8,34
West Virginia,100,2021-09-05,49298765.0,Beverages,0.0,0.0,42616214.0,12946135.0,9,35
West Virginia,101,2021-09-12,49584877.0,Beverages,49298765.0,0.0,0.0,12324691.25,9,36
West Virginia,102,2021-09-19,0.0,Beverages,49584877.0,50588393.0,0.0,24720910.5,9,37
West Virginia,103,2021-09-26,0.0,Beverages,0.0,51784540.0,0.0,24720910.5,9,38
West Virginia,104,2021-10-03,67883113.0,Beverages,0.0,0.0,45879562.0,24720910.5,10,39
West Virginia,105,2021-10-10,70399280.0,Beverages,67883113.0,0.0,0.0,29366997.5,10,40
West Virginia,106,2021-10-17,0.0,Beverages,70399280.0,0.0,0.0,34570598.25,10,41
West Virginia,107,2021-10-24,0.0,Beverages,0.0,49298765.0,0.0,34570598.25,10,42
West Virginia,108,2021-10-31,0.0,Beverages,0.0,49584877.0,45228378.0,34570598.25,10,43
West Virginia,109,2021-11-07,67251490.0,Beverages,0.0,0.0,48967242.0,17599820.0,11,44
West Virginia,110,2021-11-14,0.0,Beverages,67251490.0,0.0,0.0,16812872.5,11,45
West Virginia,111,2021-11-21,0.0,Beverages,0.0,67883113.0,0.0,16812872.5,11,46
West Virginia,112,2021-11-28,0.0,Beverages,0.0,70399280.0,47731133.0,16812872.5,11,47
West Virginia,113,2021-12-05,64272871.0,Beverages,0.0,0.0,49087005.0,16812872.5,12,48
West Virginia,114,2021-12-12,65040774.0,Beverages,64272871.0,0.0,0.0,16068217.75,12,49
West Virginia,115,2021-12-19,0.0,Beverages,65040774.0,0.0,0.0,32328411.25,12,50
West Virginia,116,2021-12-26,0.0,Beverages,0.0,67251490.0,0.0,32328411.25,12,51
West Virginia,117,2022-01-02,62574613.0,Beverages,0.0,0.0,52005187.0,32328411.25,1,52
West Virginia,118,2022-01-09,65536847.0,Beverages,62574613.0,0.0,0.0,31903846.75,1,1
West Virginia,119,2022-01-16,0.0,Beverages,65536847.0,0.0,0.0,32027865.0,1,2
West Virginia,120,2022-01-23,0.0,Beverages,0.0,64272871.0,0.0,32027865.0,1,3
West Virginia,121,2022-01-30,0.0,Beverages,0.0,65040774.0,53976213.0,32027865.0,1,4
West Virginia,122,2022-02-06,65299885.0,Beverages,0.0,0.0,51681309.0,16384211.75,2,5
West Virginia,123,2022-02-13,0.0,Beverages,65299885.0,0.0,0.0,16324971.25,2,6
West Virginia,124,2022-02-20,0.0,Beverages,0.0,62574613.0,0.0,16324971.25,2,7
West Virginia,125,2022-02-27,0.0,Beverages,0.0,65536847.0,50588393.0,16324971.25,2,8
West Virginia,126,2022-03-06,69455420.0,Beverages,0.0,0.0,51784540.0,16324971.25,3,9
West Virginia,127,2022-03-13,0.0,Beverages,69455420.0,0.0,0.0,17363855.0,3,10
West Virginia,128,2022-03-20,0.0,Beverages,0.0,0.0,0.0,17363855.0,3,11
West Virginia,129,2022-03-27,0.0,Beverages,0.0,65299885.0,0.0,17363855.0,3,12
West Virginia,130,2022-04-03,69274026.0,Beverages,0.0,0.0,49298765.0,17363855.0,4,13
West Virginia,131,2022-04-10,74097573.0,Beverages,69274026.0,0.0,49584877.0,17318506.5,4,14
West Virginia,132,2022-04-17,0.0,Beverages,74097573.0,0.0,0.0,35842899.75,4,15
West Virginia,133,2022-04-24,0.0,Beverages,0.0,69455420.0,0.0,35842899.75,4,16
West Virginia,134,2022-05-01,72863254.0,Beverages,0.0,0.0,67883113.0,35842899.75,5,17
West Virginia,135,2022-05-08,74749669.0,Beverages,72863254.0,0.0,70399280.0,36740206.75,5,18
West Virginia,136,2022-05-15,0.0,Beverages,74749669.0,0.0,0.0,36903230.75,5,19
West Virginia,137,2022-05-22,0.0,Beverages,0.0,69274026.0,0.0,36903230.75,5,20
West Virginia,138,2022-05-29,0.0,Beverages,0.0,74097573.0,0.0,36903230.75,5,21
West Virginia,139,2022-06-05,75400185.0,Beverages,0.0,0.0,67251490.0,18687417.25,6,22
West Virginia,140,2022-06-12,74937530.0,Beverages,75400185.0,0.0,0.0,18850046.25,6,23
West Virginia,141,2022-06-19,0.0,Beverages,74937530.0,72863254.0,0.0,37584428.75,6,24
West Virginia,142,2022-06-26,0.0,Beverages,0.0,74749669.0,0.0,37584428.75,6,25
West Virginia,143,2022-07-03,78622911.0,Beverages,0.0,0.0,64272871.0,37584428.75,7,26
West Virginia,144,2022-07-10,76261142.0,Beverages,78622911.0,0.0,65040774.0,38390110.25,7,27
West Virginia,145,2022-07-17,0.0,Beverages,76261142.0,0.0,0.0,38721013.25,7,28
West Virginia,146,2022-07-24,0.0,Beverages,0.0,75400185.0,0.0,38721013.25,7,29
West Virginia,147,2022-07-31,0.0,Beverages,0.0,74937530.0,62574613.0,38721013.25,7,30
West Virginia,148,2022-08-07,78282945.0,Beverages,0.0,0.0,65536847.0,19065285.5,8,31
West Virginia,149,2022-08-14,0.0,Beverages,78282945.0,0.0,0.0,19570736.25,8,32
West Virginia,150,2022-08-21,0.0,Beverages,0.0,78622911.0,0.0,19570736.25,8,33
West Virginia,151,2022-08-28,0.0,Beverages,0.0,76261142.0,0.0,19570736.25,8,34
West Virginia,152,2022-09-04,77349828.0,Beverages,0.0,0.0,65299885.0,19570736.25,9,35
West Virginia,153,2022-09-11,76050201.0,Beverages,77349828.0,0.0,0.0,19337457.0,9,36
West Virginia,154,2022-09-18,0.0,Beverages,76050201.0,0.0,0.0,38350007.25,9,37
West Virginia,155,2022-09-25,0.0,Beverages,0.0,78282945.0,0.0,38350007.25,9,38
West Virginia,156,2022-10-02,71932125.0,Beverages,0.0,0.0,69455420.0,38350007.25,10,39
West Virginia,157,2022-10-09,74190182.0,Beverages,71932125.0,0.0,0.0,36995581.5,10,40
West Virginia,158,2022-10-16,0.0,Beverages,74190182.0,0.0,0.0,36530576.75,10,41
West Virginia,159,2022-10-23,0.0,Beverages,0.0,77349828.0,0.0,36530576.75,10,42
West Virginia,160,2022-10-30,0.0,Beverages,0.0,76050201.0,69274026.0,36530576.75,10,43
West Virginia,161,2022-11-06,70416470.0,Beverages,0.0,0.0,74097573.0,18547545.5,11,44
West Virginia,162,2022-11-13,0.0,Beverages,70416470.0,0.0,0.0,17604117.5,11,45
West Virginia,163,2022-11-20,0.0,Beverages,0.0,71932125.0,0.0,17604117.5,11,46
West Virginia,164,2022-11-27,0.0,Beverages,0.0,74190182.0,72863254.0,17604117.5,11,47
West Virginia,165,2022-12-04,67049392.0,Beverages,0.0,0.0,74749669.0,17604117.5,12,48
West Virginia,166,2022-12-11,70499335.0,Beverages,67049392.0,0.0,0.0,16762348.0,12,49
West Virginia,167,2022-12-18,0.0,Beverages,70499335.0,0.0,0.0,34387181.75,12,50
West Virginia,168,2022-12-25,0.0,Beverages,0.0,70416470.0,0.0,34387181.75,12,51
West Virginia,169,2023-01-01,65687268.0,Beverages,0.0,0.0,75400185.0,34387181.75,1,52
West Virginia,170,2023-01-08,69959953.0,Beverages,65687268.0,0.0,74937530.0,34046650.75,1,1
West Virginia,171,2023-01-15,0.0,Beverages,69959953.0,0.0,0.0,33911805.25,1,2
West Virginia,172,2023-01-22,0.0,Beverages,0.0,67049392.0,0.0,33911805.25,1,3
West Virginia,173,2023-01-29,0.0,Beverages,0.0,70499335.0,78622911.0,33911805.25,1,4
West Virginia,174,2023-02-05,69293480.0,Beverages,0.0,0.0,76261142.0,17489988.25,2,5
West Virginia,175,2023-02-12,71515363.0,Beverages,69293480.0,0.0,0.0,17323370.0,2,6
West Virginia,176,2023-02-19,0.0,Beverages,71515363.0,65687268.0,0.0,35202210.75,2,7
West Virginia,177,2023-02-26,0.0,Beverages,0.0,69959953.0,0.0,35202210.75,2,8
West Virginia,178,2023-03-05,75067825.0,Beverages,0.0,0.0,78282945.0,35202210.75,3,9
West Virginia,179,2023-03-12,78255741.0,Beverages,75067825.0,0.0,0.0,36645797.0,3,10
West Virginia,180,2023-03-19,0.0,Beverages,78255741.0,0.0,0.0,38330891.5,3,11
West Virginia,181,2023-03-26,0.0,Beverages,0.0,69293480.0,0.0,38330891.5,3,12
West Virginia,182,2023-04-02,71158238.0,Beverages,0.0,71515363.0,77349828.0,38330891.5,4,13
West Virginia,183,2023-04-09,78461254.0,Beverages,71158238.0,0.0,76050201.0,37353494.75,4,14
West Virginia,184,2023-04-16,0.0,Beverages,78461254.0,0.0,0.0,37404873.0,4,15
West Virginia,185,2023-04-23,0.0,Beverages,0.0,75067825.0,0.0,37404873.0,4,16
West Virginia,186,2023-04-30,0.0,Beverages,0.0,78255741.0,71932125.0,37404873.0,4,17
West Virginia,187,2023-05-07,79297110.0,Beverages,0.0,0.0,74190182.0,19615313.5,5,18
Wisconsin,30,2020-05-03,96537163.0,Beverages,0.0,0.0,86707757.0,45116505.75,5,18
Wisconsin,31,2020-05-10,99683246.0,Beverages,96537163.0,0.0,0.0,46986836.75,5,19
Wisconsin,32,2020-05-17,0.0,Beverages,99683246.0,0.0,0.0,49055102.25,5,20
Wisconsin,33,2020-05-24,0.0,Beverages,0.0,89055839.0,0.0,49055102.25,5,21
Wisconsin,34,2020-05-31,0.0,Beverages,0.0,91410184.0,84430400.0,49055102.25,5,22
Wisconsin,35,2020-06-07,108556200.0,Beverages,0.0,0.0,84657735.0,24920811.5,6,23
Wisconsin,36,2020-06-14,0.0,Beverages,108556200.0,0.0,0.0,27139050.0,6,24
Wisconsin,37,2020-06-21,0.0,Beverages,0.0,96537163.0,0.0,27139050.0,6,25
Wisconsin,38,2020-06-28,0.0,Beverages,0.0,99683246.0,84291416.0,27139050.0,6,26
Wisconsin,39,2020-07-05,117400252.0,Beverages,0.0,0.0,85157244.0,27139050.0,7,27
Wisconsin,40,2020-07-12,106306977.0,Beverages,117400252.0,0.0,0.0,29350063.0,7,28
Wisconsin,41,2020-07-19,0.0,Beverages,106306977.0,0.0,0.0,55926807.25,7,29
Wisconsin,42,2020-07-26,0.0,Beverages,0.0,108556200.0,0.0,55926807.25,7,30
Wisconsin,43,2020-08-02,103478200.0,Beverages,0.0,0.0,83982215.0,55926807.25,8,31
Wisconsin,44,2020-08-09,102730958.0,Beverages,103478200.0,0.0,83210541.0,52446294.25,8,32
Wisconsin,45,2020-08-16,0.0,Beverages,102730958.0,0.0,0.0,51552289.5,8,33
Wisconsin,46,2020-08-23,0.0,Beverages,0.0,117400252.0,0.0,51552289.5,8,34
Wisconsin,47,2020-08-30,0.0,Beverages,0.0,106306977.0,83991230.0,51552289.5,8,35
Wisconsin,48,2020-09-06,98563733.0,Beverages,0.0,0.0,84231046.0,25682739.5,9,36
Wisconsin,49,2020-09-13,0.0,Beverages,98563733.0,0.0,0.0,24640933.25,9,37
Wisconsin,50,2020-09-20,0.0,Beverages,0.0,103478200.0,0.0,24640933.25,9,38
Wisconsin,51,2020-09-27,0.0,Beverages,0.0,102730958.0,87040926.0,24640933.25,9,39
Wisconsin,52,2020-10-04,90455369.0,Beverages,0.0,0.0,91238415.0,24640933.25,10,40
Wisconsin,53,2020-10-11,93108850.0,Beverages,90455369.0,0.0,0.0,22613842.25,10,41
Wisconsin,54,2020-10-18,0.0,Beverages,93108850.0,0.0,0.0,45891054.75,10,42
Wisconsin,55,2020-10-25,0.0,Beverages,0.0,98563733.0,0.0,45891054.75,10,43
Wisconsin,56,2020-11-01,88525014.0,Beverages,0.0,0.0,89055839.0,45891054.75,11,44
Wisconsin,57,2020-11-08,92131295.0,Beverages,88525014.0,0.0,91410184.0,45408466.0,11,45
Wisconsin,58,2020-11-15,0.0,Beverages,92131295.0,0.0,0.0,45164077.25,11,46
Wisconsin,59,2020-11-22,0.0,Beverages,0.0,90455369.0,0.0,45164077.25,11,47
Wisconsin,60,2020-11-29,0.0,Beverages,0.0,93108850.0,96537163.0,45164077.25,11,48
Wisconsin,61,2020-12-06,88707905.0,Beverages,0.0,0.0,99683246.0,23032823.75,12,49
Wisconsin,62,2020-12-13,0.0,Beverages,88707905.0,0.0,0.0,22176976.25,12,50
Wisconsin,63,2020-12-20,0.0,Beverages,0.0,88525014.0,0.0,22176976.25,12,51
Wisconsin,64,2020-12-27,0.0,Beverages,0.0,92131295.0,0.0,22176976.25,12,52
Wisconsin,65,2021-01-03,88536901.0,Beverages,0.0,0.0,108556200.0,22176976.25,1,53
Wisconsin,66,2021-01-10,88958125.0,Beverages,88536901.0,0.0,0.0,22134225.25,1,1
Wisconsin,67,2021-01-17,0.0,Beverages,88958125.0,0.0,0.0,44373756.5,1,2
Wisconsin,68,2021-01-24,0.0,Beverages,0.0,88707905.0,0.0,44373756.5,1,3
Wisconsin,69,2021-01-31,0.0,Beverages,0.0,0.0,117400252.0,44373756.5,1,4
Wisconsin,70,2021-02-07,89954240.0,Beverages,0.0,0.0,106306977.0,22239531.25,2,5
Wisconsin,71,2021-02-14,0.0,Beverages,89954240.0,0.0,0.0,22488560.0,2,6
Wisconsin,72,2021-02-21,0.0,Beverages,0.0,88536901.0,0.0,22488560.0,2,7
Wisconsin,73,2021-02-28,0.0,Beverages,0.0,88958125.0,103478200.0,22488560.0,2,8
Wisconsin,74,2021-03-07,95380231.0,Beverages,0.0,0.0,102730958.0,22488560.0,3,9
Wisconsin,75,2021-03-14,0.0,Beverages,95380231.0,0.0,0.0,23845057.75,3,10
Wisconsin,76,2021-03-21,0.0,Beverages,0.0,0.0,0.0,23845057.75,3,11
Wisconsin,77,2021-03-28,0.0,Beverages,0.0,89954240.0,0.0,23845057.75,3,12
Wisconsin,78,2021-04-04,97437647.0,Beverages,0.0,0.0,98563733.0,23845057.75,4,13
Wisconsin,79,2021-04-11,97690434.0,Beverages,97437647.0,0.0,0.0,24359411.75,4,14
Wisconsin,80,2021-04-18,0.0,Beverages,97690434.0,0.0,0.0,48782020.25,4,15
Wisconsin,81,2021-04-25,0.0,Beverages,0.0,95380231.0,0.0,48782020.25,4,16
Wisconsin,82,2021-05-02,104492144.0,Beverages,0.0,0.0,90455369.0,48782020.25,5,17
Wisconsin,83,2021-05-09,106201021.0,Beverages,104492144.0,0.0,93108850.0,50545644.5,5,18
Wisconsin,84,2021-05-16,0.0,Beverages,106201021.0,0.0,0.0,52673291.25,5,19
Wisconsin,85,2021-05-23,0.0,Beverages,0.0,97437647.0,0.0,52673291.25,5,20
Wisconsin,86,2021-05-30,0.0,Beverages,0.0,97690434.0,88525014.0,52673291.25,5,21
Wisconsin,87,2021-06-06,116249339.0,Beverages,0.0,0.0,92131295.0,26550255.25,6,22
Wisconsin,88,2021-06-13,0.0,Beverages,116249339.0,0.0,0.0,29062334.75,6,23
Wisconsin,89,2021-06-20,0.0,Beverages,0.0,104492144.0,0.0,29062334.75,6,24
Wisconsin,90,2021-06-27,0.0,Beverages,0.0,106201021.0,0.0,29062334.75,6,25
Wisconsin,91,2021-07-04,124132664.0,Beverages,0.0,0.0,88707905.0,29062334.75,7,26
Wisconsin,92,2021-07-11,110894630.0,Beverages,124132664.0,0.0,0.0,31033166.0,7,27
Wisconsin,93,2021-07-18,0.0,Beverages,110894630.0,0.0,0.0,58756823.5,7,28
Wisconsin,94,2021-07-25,0.0,Beverages,0.0,116249339.0,0.0,58756823.5,7,29
Wisconsin,95,2021-08-01,110769411.0,Beverages,0.0,0.0,88536901.0,58756823.5,8,30
Wisconsin,96,2021-08-08,108184148.0,Beverages,110769411.0,0.0,88958125.0,55416010.25,8,31
Wisconsin,97,2021-08-15,0.0,Beverages,108184148.0,0.0,0.0,54738389.75,8,32
Wisconsin,98,2021-08-22,0.0,Beverages,0.0,124132664.0,0.0,54738389.75,8,33
Wisconsin,99,2021-08-29,0.0,Beverages,0.0,110894630.0,0.0,54738389.75,8,34
Wisconsin,100,2021-09-05,111532492.0,Beverages,0.0,0.0,89954240.0,27046037.0,9,35
Wisconsin,101,2021-09-12,101391587.0,Beverages,111532492.0,0.0,0.0,27883123.0,9,36
Wisconsin,102,2021-09-19,0.0,Beverages,101391587.0,110769411.0,0.0,53231019.75,9,37
Wisconsin,103,2021-09-26,0.0,Beverages,0.0,108184148.0,0.0,53231019.75,9,38
Wisconsin,104,2021-10-03,145142676.0,Beverages,0.0,0.0,95380231.0,53231019.75,10,39
Wisconsin,105,2021-10-10,144063095.0,Beverages,145142676.0,0.0,0.0,61633565.75,10,40
Wisconsin,106,2021-10-17,0.0,Beverages,144063095.0,0.0,0.0,72301442.75,10,41
Wisconsin,107,2021-10-24,0.0,Beverages,0.0,111532492.0,0.0,72301442.75,10,42
Wisconsin,108,2021-10-31,0.0,Beverages,0.0,101391587.0,97437647.0,72301442.75,10,43
Wisconsin,109,2021-11-07,140427908.0,Beverages,0.0,0.0,97690434.0,36015773.75,11,44
Wisconsin,110,2021-11-14,0.0,Beverages,140427908.0,0.0,0.0,35106977.0,11,45
Wisconsin,111,2021-11-21,0.0,Beverages,0.0,145142676.0,0.0,35106977.0,11,46
Wisconsin,112,2021-11-28,0.0,Beverages,0.0,144063095.0,104492144.0,35106977.0,11,47
Wisconsin,113,2021-12-05,136574079.0,Beverages,0.0,0.0,106201021.0,35106977.0,12,48
Wisconsin,114,2021-12-12,141935220.0,Beverages,136574079.0,0.0,0.0,34143519.75,12,49
Wisconsin,115,2021-12-19,0.0,Beverages,141935220.0,0.0,0.0,69627324.75,12,50
Wisconsin,116,2021-12-26,0.0,Beverages,0.0,140427908.0,0.0,69627324.75,12,51
Wisconsin,117,2022-01-02,137051597.0,Beverages,0.0,0.0,116249339.0,69627324.75,1,52
Wisconsin,118,2022-01-09,133988048.0,Beverages,137051597.0,0.0,0.0,69746704.25,1,1
Wisconsin,119,2022-01-16,0.0,Beverages,133988048.0,0.0,0.0,67759911.25,1,2
Wisconsin,120,2022-01-23,0.0,Beverages,0.0,136574079.0,0.0,67759911.25,1,3
Wisconsin,121,2022-01-30,0.0,Beverages,0.0,141935220.0,124132664.0,67759911.25,1,4
Wisconsin,122,2022-02-06,138271158.0,Beverages,0.0,0.0,110894630.0,33497012.0,2,5
Wisconsin,123,2022-02-13,0.0,Beverages,138271158.0,0.0,0.0,34567789.5,2,6
Wisconsin,124,2022-02-20,0.0,Beverages,0.0,137051597.0,0.0,34567789.5,2,7
Wisconsin,125,2022-02-27,0.0,Beverages,0.0,133988048.0,110769411.0,34567789.5,2,8
Wisconsin,126,2022-03-06,144612058.0,Beverages,0.0,0.0,108184148.0,34567789.5,3,9
Wisconsin,127,2022-03-13,0.0,Beverages,144612058.0,0.0,0.0,36153014.5,3,10
Wisconsin,128,2022-03-20,0.0,Beverages,0.0,0.0,0.0,36153014.5,3,11
Wisconsin,129,2022-03-27,0.0,Beverages,0.0,138271158.0,0.0,36153014.5,3,12
Wisconsin,130,2022-04-03,148790635.0,Beverages,0.0,0.0,111532492.0,36153014.5,4,13
Wisconsin,131,2022-04-10,147485688.0,Beverages,148790635.0,0.0,101391587.0,37197658.75,4,14
Wisconsin,132,2022-04-17,0.0,Beverages,147485688.0,0.0,0.0,74069080.75,4,15
Wisconsin,133,2022-04-24,0.0,Beverages,0.0,144612058.0,0.0,74069080.75,4,16
Wisconsin,134,2022-05-01,152496195.0,Beverages,0.0,0.0,145142676.0,74069080.75,5,17
Wisconsin,135,2022-05-08,156608949.0,Beverages,152496195.0,0.0,144063095.0,74995470.75,5,18
Wisconsin,136,2022-05-15,0.0,Beverages,156608949.0,0.0,0.0,77276286.0,5,19
Wisconsin,137,2022-05-22,0.0,Beverages,0.0,148790635.0,0.0,77276286.0,5,20
Wisconsin,138,2022-05-29,0.0,Beverages,0.0,147485688.0,0.0,77276286.0,5,21
Wisconsin,139,2022-06-05,170291439.0,Beverages,0.0,0.0,140427908.0,39152237.25,6,22
Wisconsin,140,2022-06-12,169388310.0,Beverages,170291439.0,0.0,0.0,42572859.75,6,23
Wisconsin,141,2022-06-19,0.0,Beverages,169388310.0,152496195.0,0.0,84919937.25,6,24
Wisconsin,142,2022-06-26,0.0,Beverages,0.0,156608949.0,0.0,84919937.25,6,25
Wisconsin,143,2022-07-03,181212901.0,Beverages,0.0,0.0,136574079.0,84919937.25,7,26
Wisconsin,144,2022-07-10,167227740.0,Beverages,181212901.0,0.0,141935220.0,87650302.75,7,27
Wisconsin,145,2022-07-17,0.0,Beverages,167227740.0,0.0,0.0,87110160.25,7,28
Wisconsin,146,2022-07-24,0.0,Beverages,0.0,170291439.0,0.0,87110160.25,7,29
Wisconsin,147,2022-07-31,0.0,Beverages,0.0,169388310.0,137051597.0,87110160.25,7,30
Wisconsin,148,2022-08-07,167300996.0,Beverages,0.0,0.0,133988048.0,41806935.0,8,31
Wisconsin,149,2022-08-14,0.0,Beverages,167300996.0,0.0,0.0,41825249.0,8,32
Wisconsin,150,2022-08-21,0.0,Beverages,0.0,181212901.0,0.0,41825249.0,8,33
Wisconsin,151,2022-08-28,0.0,Beverages,0.0,167227740.0,0.0,41825249.0,8,34
Wisconsin,152,2022-09-04,168076195.0,Beverages,0.0,0.0,138271158.0,41825249.0,9,35
Wisconsin,153,2022-09-11,156684671.0,Beverages,168076195.0,0.0,0.0,42019048.75,9,36
Wisconsin,154,2022-09-18,0.0,Beverages,156684671.0,0.0,0.0,81190216.5,9,37
Wisconsin,155,2022-09-25,0.0,Beverages,0.0,167300996.0,0.0,81190216.5,9,38
Wisconsin,156,2022-10-02,151968250.0,Beverages,0.0,0.0,144612058.0,81190216.5,10,39
Wisconsin,157,2022-10-09,152510846.0,Beverages,151968250.0,0.0,0.0,77163230.25,10,40
Wisconsin,158,2022-10-16,0.0,Beverages,152510846.0,0.0,0.0,76119774.0,10,41
Wisconsin,159,2022-10-23,0.0,Beverages,0.0,168076195.0,0.0,76119774.0,10,42
Wisconsin,160,2022-10-30,0.0,Beverages,0.0,156684671.0,148790635.0,76119774.0,10,43
Wisconsin,161,2022-11-06,145964568.0,Beverages,0.0,0.0,147485688.0,38127711.5,11,44
Wisconsin,162,2022-11-13,0.0,Beverages,145964568.0,0.0,0.0,36491142.0,11,45
Wisconsin,163,2022-11-20,0.0,Beverages,0.0,151968250.0,0.0,36491142.0,11,46
Wisconsin,164,2022-11-27,0.0,Beverages,0.0,152510846.0,152496195.0,36491142.0,11,47
Wisconsin,165,2022-12-04,142193070.0,Beverages,0.0,0.0,156608949.0,36491142.0,12,48
Wisconsin,166,2022-12-11,147823738.0,Beverages,142193070.0,0.0,0.0,35548267.5,12,49
Wisconsin,167,2022-12-18,0.0,Beverages,147823738.0,0.0,0.0,72504202.0,12,50
Wisconsin,168,2022-12-25,0.0,Beverages,0.0,145964568.0,0.0,72504202.0,12,51
Wisconsin,169,2023-01-01,142641458.0,Beverages,0.0,0.0,170291439.0,72504202.0,1,52
Wisconsin,170,2023-01-08,140556535.0,Beverages,142641458.0,0.0,169388310.0,72616299.0,1,1
Wisconsin,171,2023-01-15,0.0,Beverages,140556535.0,0.0,0.0,70799498.25,1,2
Wisconsin,172,2023-01-22,0.0,Beverages,0.0,142193070.0,0.0,70799498.25,1,3
Wisconsin,173,2023-01-29,0.0,Beverages,0.0,147823738.0,181212901.0,70799498.25,1,4
Wisconsin,174,2023-02-05,145493912.0,Beverages,0.0,0.0,167227740.0,35139133.75,2,5
Wisconsin,175,2023-02-12,150103507.0,Beverages,145493912.0,0.0,0.0,36373478.0,2,6
Wisconsin,176,2023-02-19,0.0,Beverages,150103507.0,142641458.0,0.0,73899354.75,2,7
Wisconsin,177,2023-02-26,0.0,Beverages,0.0,140556535.0,0.0,73899354.75,2,8
Wisconsin,178,2023-03-05,153305059.0,Beverages,0.0,0.0,167300996.0,73899354.75,3,9
Wisconsin,179,2023-03-12,161762846.0,Beverages,153305059.0,0.0,0.0,75852141.5,3,10
Wisconsin,180,2023-03-19,0.0,Beverages,161762846.0,0.0,0.0,78766976.25,3,11
Wisconsin,181,2023-03-26,0.0,Beverages,0.0,145493912.0,0.0,78766976.25,3,12
Wisconsin,182,2023-04-02,148877959.0,Beverages,0.0,150103507.0,168076195.0,78766976.25,4,13
Wisconsin,183,2023-04-09,158992907.0,Beverages,148877959.0,0.0,156684671.0,77660201.25,4,14
Wisconsin,184,2023-04-16,0.0,Beverages,158992907.0,0.0,0.0,76967716.5,4,15
Wisconsin,185,2023-04-23,0.0,Beverages,0.0,153305059.0,0.0,76967716.5,4,16
Wisconsin,186,2023-04-30,0.0,Beverages,0.0,161762846.0,151968250.0,76967716.5,4,17
Wisconsin,187,2023-05-07,167233104.0,Beverages,0.0,0.0,152510846.0,39748226.75,5,18
Wyoming,30,2020-05-03,13831896.0,Beverages,0.0,0.0,12906407.0,6314707.25,5,18
Wyoming,31,2020-05-10,13542037.0,Beverages,13831896.0,0.0,0.0,6582737.25,5,19
Wyoming,32,2020-05-17,0.0,Beverages,13542037.0,0.0,0.0,6843483.25,5,20
Wyoming,33,2020-05-24,0.0,Beverages,0.0,12759776.0,0.0,6843483.25,5,21
Wyoming,34,2020-05-31,0.0,Beverages,0.0,12499053.0,11816719.0,6843483.25,5,22
Wyoming,35,2020-06-07,15536011.0,Beverages,0.0,0.0,12021378.0,3385509.25,6,23
Wyoming,36,2020-06-14,0.0,Beverages,15536011.0,0.0,0.0,3884002.75,6,24
Wyoming,37,2020-06-21,0.0,Beverages,0.0,13831896.0,0.0,3884002.75,6,25
Wyoming,38,2020-06-28,0.0,Beverages,0.0,13542037.0,11479225.0,3884002.75,6,26
Wyoming,39,2020-07-05,16803920.0,Beverages,0.0,0.0,11820203.0,3884002.75,7,27
Wyoming,40,2020-07-12,16021548.0,Beverages,16803920.0,0.0,0.0,4200980.0,7,28
Wyoming,41,2020-07-19,0.0,Beverages,16021548.0,0.0,0.0,8206367.0,7,29
Wyoming,42,2020-07-26,0.0,Beverages,0.0,15536011.0,0.0,8206367.0,7,30
Wyoming,43,2020-08-02,15876121.0,Beverages,0.0,0.0,11764975.0,8206367.0,8,31
Wyoming,44,2020-08-09,16228537.0,Beverages,15876121.0,0.0,11771635.0,7974417.25,8,32
Wyoming,45,2020-08-16,0.0,Beverages,16228537.0,0.0,0.0,8026164.5,8,33
Wyoming,46,2020-08-23,0.0,Beverages,0.0,16803920.0,0.0,8026164.5,8,34
Wyoming,47,2020-08-30,0.0,Beverages,0.0,16021548.0,12232547.0,8026164.5,8,35
Wyoming,48,2020-09-06,15331993.0,Beverages,0.0,0.0,11651381.0,4057134.25,9,36
Wyoming,49,2020-09-13,0.0,Beverages,15331993.0,0.0,0.0,3832998.25,9,37
Wyoming,50,2020-09-20,0.0,Beverages,0.0,15876121.0,0.0,3832998.25,9,38
Wyoming,51,2020-09-27,0.0,Beverages,0.0,16228537.0,12575446.0,3832998.25,9,39
Wyoming,52,2020-10-04,13837191.0,Beverages,0.0,0.0,13026247.0,3832998.25,10,40
Wyoming,53,2020-10-11,13688789.0,Beverages,13837191.0,0.0,0.0,3459297.75,10,41
Wyoming,54,2020-10-18,0.0,Beverages,13688789.0,0.0,0.0,6881495.0,10,42
Wyoming,55,2020-10-25,0.0,Beverages,0.0,15331993.0,0.0,6881495.0,10,43
Wyoming,56,2020-11-01,12429956.0,Beverages,0.0,0.0,12759776.0,6881495.0,11,44
Wyoming,57,2020-11-08,13085742.0,Beverages,12429956.0,0.0,12499053.0,6529686.25,11,45
Wyoming,58,2020-11-15,0.0,Beverages,13085742.0,0.0,0.0,6378924.5,11,46
Wyoming,59,2020-11-22,0.0,Beverages,0.0,13837191.0,0.0,6378924.5,11,47
Wyoming,60,2020-11-29,0.0,Beverages,0.0,13688789.0,13831896.0,6378924.5,11,48
Wyoming,61,2020-12-06,12267039.0,Beverages,0.0,0.0,13542037.0,3271435.5,12,49
Wyoming,62,2020-12-13,0.0,Beverages,12267039.0,0.0,0.0,3066759.75,12,50
Wyoming,63,2020-12-20,0.0,Beverages,0.0,12429956.0,0.0,3066759.75,12,51
Wyoming,64,2020-12-27,0.0,Beverages,0.0,13085742.0,0.0,3066759.75,12,52
Wyoming,65,2021-01-03,12255352.0,Beverages,0.0,0.0,15536011.0,3066759.75,1,53
Wyoming,66,2021-01-10,12464569.0,Beverages,12255352.0,0.0,0.0,3063838.0,1,1
Wyoming,67,2021-01-17,0.0,Beverages,12464569.0,0.0,0.0,6179980.25,1,2
Wyoming,68,2021-01-24,0.0,Beverages,0.0,12267039.0,0.0,6179980.25,1,3
Wyoming,69,2021-01-31,0.0,Beverages,0.0,0.0,16803920.0,6179980.25,1,4
Wyoming,70,2021-02-07,12460755.0,Beverages,0.0,0.0,16021548.0,3116142.25,2,5
Wyoming,71,2021-02-14,0.0,Beverages,12460755.0,0.0,0.0,3115188.75,2,6
Wyoming,72,2021-02-21,0.0,Beverages,0.0,12255352.0,0.0,3115188.75,2,7
Wyoming,73,2021-02-28,0.0,Beverages,0.0,12464569.0,15876121.0,3115188.75,2,8
Wyoming,74,2021-03-07,13776276.0,Beverages,0.0,0.0,16228537.0,3115188.75,3,9
Wyoming,75,2021-03-14,0.0,Beverages,13776276.0,0.0,0.0,3444069.0,3,10
Wyoming,76,2021-03-21,0.0,Beverages,0.0,0.0,0.0,3444069.0,3,11
Wyoming,77,2021-03-28,0.0,Beverages,0.0,12460755.0,0.0,3444069.0,3,12
Wyoming,78,2021-04-04,13424499.0,Beverages,0.0,0.0,15331993.0,3444069.0,4,13
Wyoming,79,2021-04-11,13322350.0,Beverages,13424499.0,0.0,0.0,3356124.75,4,14
Wyoming,80,2021-04-18,0.0,Beverages,13322350.0,0.0,0.0,6686712.25,4,15
Wyoming,81,2021-04-25,0.0,Beverages,0.0,13776276.0,0.0,6686712.25,4,16
Wyoming,82,2021-05-02,14533147.0,Beverages,0.0,0.0,13837191.0,6686712.25,5,17
Wyoming,83,2021-05-09,14375411.0,Beverages,14533147.0,0.0,13688789.0,6963874.25,5,18
Wyoming,84,2021-05-16,0.0,Beverages,14375411.0,0.0,0.0,7227139.5,5,19
Wyoming,85,2021-05-23,0.0,Beverages,0.0,13424499.0,0.0,7227139.5,5,20
Wyoming,86,2021-05-30,0.0,Beverages,0.0,13322350.0,12429956.0,7227139.5,5,21
Wyoming,87,2021-06-06,16692900.0,Beverages,0.0,0.0,13085742.0,3593852.75,6,22
Wyoming,88,2021-06-13,0.0,Beverages,16692900.0,0.0,0.0,4173225.0,6,23
Wyoming,89,2021-06-20,0.0,Beverages,0.0,14533147.0,0.0,4173225.0,6,24
Wyoming,90,2021-06-27,0.0,Beverages,0.0,14375411.0,0.0,4173225.0,6,25
Wyoming,91,2021-07-04,17873033.0,Beverages,0.0,0.0,12267039.0,4173225.0,7,26
Wyoming,92,2021-07-11,16955935.0,Beverages,17873033.0,0.0,0.0,4468258.25,7,27
Wyoming,93,2021-07-18,0.0,Beverages,16955935.0,0.0,0.0,8707242.0,7,28
Wyoming,94,2021-07-25,0.0,Beverages,0.0,16692900.0,0.0,8707242.0,7,29
Wyoming,95,2021-08-01,16465111.0,Beverages,0.0,0.0,12255352.0,8707242.0,8,30
Wyoming,96,2021-08-08,17021149.0,Beverages,16465111.0,0.0,12464569.0,8355261.5,8,31
Wyoming,97,2021-08-15,0.0,Beverages,17021149.0,0.0,0.0,8371565.0,8,32
Wyoming,98,2021-08-22,0.0,Beverages,0.0,17873033.0,0.0,8371565.0,8,33
Wyoming,99,2021-08-29,0.0,Beverages,0.0,16955935.0,0.0,8371565.0,8,34
Wyoming,100,2021-09-05,15998475.0,Beverages,0.0,0.0,12460755.0,4255287.25,9,35
Wyoming,101,2021-09-12,14814966.0,Beverages,15998475.0,0.0,0.0,3999618.75,9,36
Wyoming,102,2021-09-19,0.0,Beverages,14814966.0,16465111.0,0.0,7703360.25,9,37
Wyoming,103,2021-09-26,0.0,Beverages,0.0,17021149.0,0.0,7703360.25,9,38
Wyoming,104,2021-10-03,21168304.0,Beverages,0.0,0.0,13776276.0,7703360.25,10,39
Wyoming,105,2021-10-10,20630874.0,Beverages,21168304.0,0.0,0.0,8995817.5,10,40
Wyoming,106,2021-10-17,0.0,Beverages,20630874.0,0.0,0.0,10449794.5,10,41
Wyoming,107,2021-10-24,0.0,Beverages,0.0,15998475.0,0.0,10449794.5,10,42
Wyoming,108,2021-10-31,0.0,Beverages,0.0,14814966.0,13424499.0,10449794.5,10,43
Wyoming,109,2021-11-07,19442598.0,Beverages,0.0,0.0,13322350.0,5157718.5,11,44
Wyoming,110,2021-11-14,0.0,Beverages,19442598.0,0.0,0.0,4860649.5,11,45
Wyoming,111,2021-11-21,0.0,Beverages,0.0,21168304.0,0.0,4860649.5,11,46
Wyoming,112,2021-11-28,0.0,Beverages,0.0,20630874.0,14533147.0,4860649.5,11,47
Wyoming,113,2021-12-05,18970923.0,Beverages,0.0,0.0,14375411.0,4860649.5,12,48
Wyoming,114,2021-12-12,19117619.0,Beverages,18970923.0,0.0,0.0,4742730.75,12,49
Wyoming,115,2021-12-19,0.0,Beverages,19117619.0,0.0,0.0,9522135.5,12,50
Wyoming,116,2021-12-26,0.0,Beverages,0.0,19442598.0,0.0,9522135.5,12,51
Wyoming,117,2022-01-02,18558114.0,Beverages,0.0,0.0,16692900.0,9522135.5,1,52
Wyoming,118,2022-01-09,19060213.0,Beverages,18558114.0,0.0,0.0,9418933.25,1,1
Wyoming,119,2022-01-16,0.0,Beverages,19060213.0,0.0,0.0,9404581.75,1,2
Wyoming,120,2022-01-23,0.0,Beverages,0.0,18970923.0,0.0,9404581.75,1,3
Wyoming,121,2022-01-30,0.0,Beverages,0.0,19117619.0,17873033.0,9404581.75,1,4
Wyoming,122,2022-02-06,19332637.0,Beverages,0.0,0.0,16955935.0,4765053.25,2,5
Wyoming,123,2022-02-13,0.0,Beverages,19332637.0,0.0,0.0,4833159.25,2,6
Wyoming,124,2022-02-20,0.0,Beverages,0.0,18558114.0,0.0,4833159.25,2,7
Wyoming,125,2022-02-27,0.0,Beverages,0.0,19060213.0,16465111.0,4833159.25,2,8
Wyoming,126,2022-03-06,20806984.0,Beverages,0.0,0.0,17021149.0,4833159.25,3,9
Wyoming,127,2022-03-13,0.0,Beverages,20806984.0,0.0,0.0,5201746.0,3,10
Wyoming,128,2022-03-20,0.0,Beverages,0.0,0.0,0.0,5201746.0,3,11
Wyoming,129,2022-03-27,0.0,Beverages,0.0,19332637.0,0.0,5201746.0,3,12
Wyoming,130,2022-04-03,20758233.0,Beverages,0.0,0.0,15998475.0,5201746.0,4,13
Wyoming,131,2022-04-10,20264842.0,Beverages,20758233.0,0.0,14814966.0,5189558.25,4,14
Wyoming,132,2022-04-17,0.0,Beverages,20264842.0,0.0,0.0,10255768.75,4,15
Wyoming,133,2022-04-24,0.0,Beverages,0.0,20806984.0,0.0,10255768.75,4,16
Wyoming,134,2022-05-01,21096833.0,Beverages,0.0,0.0,21168304.0,10255768.75,5,17
Wyoming,135,2022-05-08,21531689.0,Beverages,21096833.0,0.0,20630874.0,10340418.75,5,18
Wyoming,136,2022-05-15,0.0,Beverages,21531689.0,0.0,0.0,10657130.5,5,19
Wyoming,137,2022-05-22,0.0,Beverages,0.0,20758233.0,0.0,10657130.5,5,20
Wyoming,138,2022-05-29,0.0,Beverages,0.0,20264842.0,0.0,10657130.5,5,21
Wyoming,139,2022-06-05,24100158.0,Beverages,0.0,0.0,19442598.0,5382922.25,6,22
Wyoming,140,2022-06-12,24664630.0,Beverages,24100158.0,0.0,0.0,6025039.5,6,23
Wyoming,141,2022-06-19,0.0,Beverages,24664630.0,21096833.0,0.0,12191197.0,6,24
Wyoming,142,2022-06-26,0.0,Beverages,0.0,21531689.0,0.0,12191197.0,6,25
Wyoming,143,2022-07-03,26235911.0,Beverages,0.0,0.0,18970923.0,12191197.0,7,26
Wyoming,144,2022-07-10,25544968.0,Beverages,26235911.0,0.0,19117619.0,12725135.25,7,27
Wyoming,145,2022-07-17,0.0,Beverages,25544968.0,0.0,0.0,12945219.75,7,28
Wyoming,146,2022-07-24,0.0,Beverages,0.0,24100158.0,0.0,12945219.75,7,29
Wyoming,147,2022-07-31,0.0,Beverages,0.0,24664630.0,18558114.0,12945219.75,7,30
Wyoming,148,2022-08-07,25201050.0,Beverages,0.0,0.0,19060213.0,6386242.0,8,31
Wyoming,149,2022-08-14,0.0,Beverages,25201050.0,0.0,0.0,6300262.5,8,32
Wyoming,150,2022-08-21,0.0,Beverages,0.0,26235911.0,0.0,6300262.5,8,33
Wyoming,151,2022-08-28,0.0,Beverages,0.0,25544968.0,0.0,6300262.5,8,34
Wyoming,152,2022-09-04,24172878.0,Beverages,0.0,0.0,19332637.0,6300262.5,9,35
Wyoming,153,2022-09-11,22719550.0,Beverages,24172878.0,0.0,0.0,6043219.5,9,36
Wyoming,154,2022-09-18,0.0,Beverages,22719550.0,0.0,0.0,11723107.0,9,37
Wyoming,155,2022-09-25,0.0,Beverages,0.0,25201050.0,0.0,11723107.0,9,38
Wyoming,156,2022-10-02,21704018.0,Beverages,0.0,0.0,20806984.0,11723107.0,10,39
Wyoming,157,2022-10-09,21604743.0,Beverages,21704018.0,0.0,0.0,11105892.0,10,40
Wyoming,158,2022-10-16,0.0,Beverages,21604743.0,0.0,0.0,10827190.25,10,41
Wyoming,159,2022-10-23,0.0,Beverages,0.0,24172878.0,0.0,10827190.25,10,42
Wyoming,160,2022-10-30,0.0,Beverages,0.0,22719550.0,20758233.0,10827190.25,10,43
Wyoming,161,2022-11-06,20495111.0,Beverages,0.0,0.0,20264842.0,5401185.75,11,44
Wyoming,162,2022-11-13,0.0,Beverages,20495111.0,0.0,0.0,5123777.75,11,45
Wyoming,163,2022-11-20,0.0,Beverages,0.0,21704018.0,0.0,5123777.75,11,46
Wyoming,164,2022-11-27,0.0,Beverages,0.0,21604743.0,21096833.0,5123777.75,11,47
Wyoming,165,2022-12-04,19550615.0,Beverages,0.0,0.0,21531689.0,5123777.75,12,48
Wyoming,166,2022-12-11,20143294.0,Beverages,19550615.0,0.0,0.0,4887653.75,12,49
Wyoming,167,2022-12-18,0.0,Beverages,20143294.0,0.0,0.0,9923477.25,12,50
Wyoming,168,2022-12-25,0.0,Beverages,0.0,20495111.0,0.0,9923477.25,12,51
Wyoming,169,2023-01-01,19128635.0,Beverages,0.0,0.0,24100158.0,9923477.25,1,52
Wyoming,170,2023-01-08,19531016.0,Beverages,19128635.0,0.0,24664630.0,9817982.25,1,1
Wyoming,171,2023-01-15,0.0,Beverages,19531016.0,0.0,0.0,9664912.75,1,2
Wyoming,172,2023-01-22,0.0,Beverages,0.0,19550615.0,0.0,9664912.75,1,3
Wyoming,173,2023-01-29,0.0,Beverages,0.0,20143294.0,26235911.0,9664912.75,1,4
Wyoming,174,2023-02-05,20212000.0,Beverages,0.0,0.0,25544968.0,4882754.0,2,5
Wyoming,175,2023-02-12,20510614.0,Beverages,20212000.0,0.0,0.0,5053000.0,2,6
Wyoming,176,2023-02-19,0.0,Beverages,20510614.0,19128635.0,0.0,10180653.5,2,7
Wyoming,177,2023-02-26,0.0,Beverages,0.0,19531016.0,0.0,10180653.5,2,8
Wyoming,178,2023-03-05,21887585.0,Beverages,0.0,0.0,25201050.0,10180653.5,3,9
Wyoming,179,2023-03-12,21955065.0,Beverages,21887585.0,0.0,0.0,10599549.75,3,10
Wyoming,180,2023-03-19,0.0,Beverages,21955065.0,0.0,0.0,10960662.5,3,11
Wyoming,181,2023-03-26,0.0,Beverages,0.0,20212000.0,0.0,10960662.5,3,12
Wyoming,182,2023-04-02,20543373.0,Beverages,0.0,20510614.0,24172878.0,10960662.5,4,13
Wyoming,183,2023-04-09,21188736.0,Beverages,20543373.0,0.0,22719550.0,10624609.5,4,14
Wyoming,184,2023-04-16,0.0,Beverages,21188736.0,0.0,0.0,10433027.25,4,15
Wyoming,185,2023-04-23,0.0,Beverages,0.0,21887585.0,0.0,10433027.25,4,16
Wyoming,186,2023-04-30,0.0,Beverages,0.0,21955065.0,21704018.0,10433027.25,4,17
Wyoming,187,2023-05-07,23276821.0,Beverages,0.0,0.0,21604743.0,5297184.0,5,18
